"Report Date","Borough","Community Districts","Census Type","Adult Family Commercial Hotel","Adult Family Shelter","Adult Shelter","Adult Shelter Commercial Hotel","Family Cluster","Family with Children Commercial Hotel","Family with Children Shelter"
"05/31/2026","Bronx","1","Individuals",,,"646","155",,"225","1,441"
"05/31/2026","Queens","9","Individuals",,,"109",,,,
"05/31/2026","Staten Island","1","Individuals",,,"99","102",,"30","441"
"05/31/2026","Staten Island","2","Individuals",,,"43",,,,"198"
"05/31/2026","Queens","8","Individuals",,,"171",,,"127","287"
"05/31/2026","Queens","7","Individuals",,,"328",,,"74","107"
"05/31/2026","Queens","6","Individuals",,,"97",,,,"230"
"05/31/2026","Queens","5","Individuals",,,"196",,,,"191"
"05/31/2026","Queens","4","Individuals",,,,"245",,,"539"
"05/31/2026","Queens","3","Individuals",,"266",,"139",,"1,760","747"
"05/31/2026","Queens","2","Individuals",,"290","351","120",,"746","246"
"05/31/2026","Queens","14","Individuals",,"330","202","200",,"199",
"05/31/2026","Queens","13","Individuals",,"66","496","546",,,"582"
"05/31/2026","Queens","12","Individuals",,"291","955","641",,"5,485","1,175"
"05/31/2026","Queens","11","Individuals",,,"69","76",,,
"05/31/2026","Queens","10","Individuals",,,"172","165",,"446","185"
"05/31/2026","Queens","1","Individuals",,,"499","69",,"3,387","852"
"05/31/2026","Manhattan","9","Individuals",,,"24",,,,"604"
"05/31/2026","Manhattan","8","Individuals",,,"72",,,"505",
"05/31/2026","Manhattan","7","Individuals",,"193","442",,,"929","275"
"05/31/2026","Manhattan","6","Individuals",,,"138",,,"245","632"
"05/31/2026","Manhattan","5","Individuals",,"331","78","37",,"2,546","379"
"05/31/2026","Manhattan","4","Individuals","147",,"331","249",,"1,045","354"
"05/31/2026","Manhattan","3","Individuals",,,"531","138",,"82","100"
"05/31/2026","Manhattan","12","Individuals",,,"424",,,,
"05/31/2026","Manhattan","11","Individuals",,,"1,099",,,,"460"
"05/31/2026","Manhattan","10","Individuals",,,"793",,,,"620"
"05/31/2026","Manhattan","1","Individuals","237",,,,,,
"05/31/2026","Brooklyn","9","Individuals",,,"360",,,,"404"
"05/31/2026","Brooklyn","8","Individuals",,,"379","88",,,"572"
"05/31/2026","Brooklyn","7","Individuals",,,"337","415",,"285","320"
"05/31/2026","Brooklyn","6","Individuals",,"111","797","276",,"108","500"
"05/31/2026","Brooklyn","5","Individuals",,,"1,055","431",,"531","1,022"
"05/31/2026","Brooklyn","4","Individuals",,,"193","139",,"20","785"
"05/31/2026","Brooklyn","3","Individuals",,,"827","360",,"479","398"
"05/31/2026","Brooklyn","2","Individuals",,"43","705",,,,"332"
"05/31/2026","Brooklyn","18","Individuals",,"367",,,,"329","736"
"05/31/2026","Brooklyn","17","Individuals",,,"128","101",,,"1,492"
"05/31/2026","Brooklyn","16","Individuals",,,"883","599",,"292","2,236"
"05/31/2026","Brooklyn","15","Individuals",,,,"128",,"252","157"
"05/31/2026","Brooklyn","14","Individuals",,,"497",,,,"69"
"05/31/2026","Brooklyn","13","Individuals",,,,"74",,,"351"
"05/31/2026","Brooklyn","12","Individuals",,,"129",,,,"292"
"05/31/2026","Brooklyn","1","Individuals",,"170","1,126",,,"377",
"05/31/2026","Bronx","9","Individuals",,,"259",,,"287","1,512"
"05/31/2026","Bronx","8","Individuals",,,,,,,"553"
"05/31/2026","Bronx","7","Individuals",,,"781",,,"196","927"
"05/31/2026","Bronx","6","Individuals",,,"86","85",,"1,097","1,681"
"05/31/2026","Bronx","5","Individuals",,"199","686",,,"158","1,165"
"05/31/2026","Bronx","4","Individuals",,,"425","114",,"125","1,999"
"05/31/2026","Bronx","3","Individuals",,,"754","125",,,"1,195"
"05/31/2026","Bronx","2","Individuals",,"129",,,,,"770"
"05/31/2026","Bronx","12","Individuals",,,"568",,,"248","1,089"
"05/31/2026","Bronx","11","Individuals",,,"195",,,,
"05/31/2026","Bronx","10","Individuals",,,,,,,"539"
"04/30/2026","Queens","9","Individuals",,,"110",,,,
"04/30/2026","Bronx","1","Individuals",,,"657","159",,"222","1,412"
"04/30/2026","Bronx","10","Individuals",,,,,,,"547"
"04/30/2026","Bronx","11","Individuals",,,"195",,,,
"04/30/2026","Bronx","12","Individuals",,,"573",,,"254","1,064"
"04/30/2026","Bronx","2","Individuals",,"132",,,,,"791"
"04/30/2026","Bronx","3","Individuals",,,"765","120",,,"1,174"
"04/30/2026","Bronx","4","Individuals",,,"438","56",,"122","1,928"
"04/30/2026","Bronx","5","Individuals",,"208","682",,,"142","1,149"
"04/30/2026","Bronx","6","Individuals",,,"94","83",,"1,093","1,691"
"04/30/2026","Bronx","7","Individuals",,,"778",,,"208","914"
"04/30/2026","Bronx","8","Individuals",,,,,,,"565"
"04/30/2026","Bronx","9","Individuals",,,"258",,,"282","1,517"
"04/30/2026","Brooklyn","1","Individuals",,"172","1,167",,,"390",
"04/30/2026","Brooklyn","12","Individuals",,,"128",,,,"120"
"04/30/2026","Brooklyn","13","Individuals",,,,"75",,,"357"
"04/30/2026","Brooklyn","14","Individuals",,,"498",,,,"70"
"04/30/2026","Brooklyn","15","Individuals",,,,"120",,"271","144"
"04/30/2026","Brooklyn","16","Individuals",,,"886","588",,"309","2,265"
"04/30/2026","Brooklyn","17","Individuals",,,"125","108",,,"1,560"
"04/30/2026","Brooklyn","18","Individuals",,"358",,,,"319","779"
"04/30/2026","Brooklyn","2","Individuals",,"59","735",,,,"333"
"04/30/2026","Brooklyn","3","Individuals",,,"833","357",,"478","416"
"04/30/2026","Brooklyn","4","Individuals",,,"192","139",,"28","795"
"04/30/2026","Brooklyn","5","Individuals",,,"1,022","433",,"583","1,052"
"04/30/2026","Brooklyn","6","Individuals",,"109","758","278",,"106","507"
"04/30/2026","Brooklyn","7","Individuals",,,"341","420",,"284","308"
"04/30/2026","Brooklyn","8","Individuals",,,"373","90",,,"590"
"04/30/2026","Brooklyn","9","Individuals",,,"364",,,,"424"
"04/30/2026","Manhattan","1","Individuals","209",,,,,,
"04/30/2026","Manhattan","10","Individuals",,,"800",,,,"557"
"04/30/2026","Manhattan","11","Individuals",,,"1,085",,,,"474"
"04/30/2026","Manhattan","12","Individuals",,,"425",,,,
"04/30/2026","Manhattan","3","Individuals",,,"533","133",,"90","94"
"04/30/2026","Manhattan","4","Individuals","149",,"334","271",,"1,070","378"
"04/30/2026","Manhattan","5","Individuals",,"325","76","37",,"2,584","397"
"04/30/2026","Manhattan","6","Individuals",,,"141",,,"242","599"
"04/30/2026","Manhattan","7","Individuals",,"173","372",,,"927","276"
"04/30/2026","Manhattan","8","Individuals",,,"72",,,"506",
"04/30/2026","Manhattan","9","Individuals",,,"29",,,,"594"
"04/30/2026","Queens","1","Individuals",,,"485","120",,"3,447","835"
"04/30/2026","Queens","10","Individuals",,,"172","165",,"434","193"
"04/30/2026","Queens","11","Individuals",,,"70","68",,,
"04/30/2026","Queens","12","Individuals",,"337","911","668",,"5,622","1,217"
"04/30/2026","Queens","13","Individuals",,"74","480","719",,,"582"
"04/30/2026","Queens","14","Individuals",,"328","201","195",,"199",
"04/30/2026","Queens","2","Individuals",,"293","337","115",,"745","268"
"04/30/2026","Queens","3","Individuals",,"268",,"163",,"1,784","745"
"04/30/2026","Queens","4","Individuals",,,,"237",,,"500"
"04/30/2026","Queens","5","Individuals",,,"200",,,,"185"
"04/30/2026","Queens","6","Individuals",,,"99",,,,"227"
"04/30/2026","Queens","7","Individuals",,,"331",,,"74","75"
"04/30/2026","Queens","8","Individuals",,,"174",,,"147","287"
"04/30/2026","Staten Island","1","Individuals",,,"100","96",,"36","481"
"04/30/2026","Staten Island","2","Individuals",,,"43",,,,"207"
"03/31/2026","Manhattan","1","Individuals","78",,,,,,
"03/31/2026","Staten Island","2","Individuals",,,"47",,,,"192"
"03/31/2026","Staten Island","1","Individuals",,,"96","105",,"44","467"
"03/31/2026","Queens","14","Individuals",,"311","202","192",,"233",
"03/31/2026","Queens","13","Individuals",,"74","466","774",,,"608"
"03/31/2026","Queens","12","Individuals",,"542","880","665",,"5,873","1,213"
"03/31/2026","Queens","11","Individuals",,,"73","55",,,
"03/31/2026","Queens","10","Individuals",,,"167","168",,"450","191"
"03/31/2026","Queens","9","Individuals",,,"110",,,,
"03/31/2026","Queens","8","Individuals",,,"175",,,"155","295"
"03/31/2026","Queens","7","Individuals",,,"332",,,"78","21"
"03/31/2026","Queens","6","Individuals",,,"99",,,,"236"
"03/31/2026","Queens","5","Individuals",,,"199",,,,"214"
"03/31/2026","Queens","4","Individuals",,,,"244",,,"522"
"03/31/2026","Queens","3","Individuals",,"254",,"163",,"1,750","782"
"03/31/2026","Queens","2","Individuals",,"294","341","130",,"786","282"
"03/31/2026","Queens","1","Individuals",,,"334","117",,"3,717","715"
"03/31/2026","Manhattan","12","Individuals",,,"417",,,,
"03/31/2026","Manhattan","11","Individuals",,,"1,067",,,,"491"
"03/31/2026","Manhattan","10","Individuals",,,"797",,,,"563"
"03/31/2026","Manhattan","9","Individuals",,,"30",,,,"567"
"03/31/2026","Manhattan","8","Individuals",,,"72",,,"501",
"03/31/2026","Manhattan","7","Individuals",,"172","375",,,"933","301"
"03/31/2026","Manhattan","6","Individuals",,,"134",,,"255","609"
"03/31/2026","Manhattan","5","Individuals",,"327","80","40",,"2,633","378"
"03/31/2026","Manhattan","4","Individuals","152",,"332","304",,"1,082","377"
"03/31/2026","Manhattan","3","Individuals",,,"539","139",,"90","108"
"03/31/2026","Brooklyn","18","Individuals",,"370",,,,"317","796"
"03/31/2026","Brooklyn","17","Individuals",,,"74","109",,,"1,603"
"03/31/2026","Brooklyn","16","Individuals",,,"886","542",,"313","2,213"
"03/31/2026","Brooklyn","15","Individuals",,,,"114",,"271","140"
"03/31/2026","Brooklyn","14","Individuals",,,"504",,,,"69"
"03/31/2026","Brooklyn","13","Individuals",,,,"75",,,"372"
"03/31/2026","Brooklyn","12","Individuals",,,"122",,,,"114"
"03/31/2026","Brooklyn","9","Individuals",,,"359",,,,"417"
"03/31/2026","Brooklyn","8","Individuals",,,"440","89",,,"549"
"03/31/2026","Brooklyn","7","Individuals",,,"345","415",,"297","332"
"03/31/2026","Brooklyn","6","Individuals",,"108","880","280",,"116","491"
"03/31/2026","Brooklyn","5","Individuals",,,"887","435",,"682","1,034"
"03/31/2026","Brooklyn","4","Individuals",,,"192","135",,"30","789"
"03/31/2026","Brooklyn","3","Individuals",,,"828","360",,"470","420"
"03/31/2026","Brooklyn","2","Individuals",,"50","755",,,,"326"
"03/31/2026","Brooklyn","1","Individuals",,"168","1,291",,,"386",
"03/31/2026","Bronx","12","Individuals",,,"576",,,"268","1,056"
"03/31/2026","Bronx","11","Individuals",,,"196",,,,
"03/31/2026","Bronx","10","Individuals",,,,,,,"521"
"03/31/2026","Bronx","9","Individuals",,,"263",,,"257","1,518"
"03/31/2026","Bronx","8","Individuals",,,,,,,"590"
"03/31/2026","Bronx","7","Individuals",,,"774",,,"188","897"
"03/31/2026","Bronx","6","Individuals",,,"99","84",,"1,099","1,763"
"03/31/2026","Bronx","5","Individuals",,"204","682",,,"152","1,103"
"03/31/2026","Bronx","4","Individuals",,,"431",,,"283","2,011"
"03/31/2026","Bronx","3","Individuals",,,"777","125",,,"1,174"
"03/31/2026","Bronx","2","Individuals",,"116",,,,,"795"
"03/31/2026","Bronx","1","Individuals",,,"658","151",,"216","1,432"
"02/28/2026","Manhattan","3","Individuals",,,"767","140",,"97","107"
"02/28/2026","Staten Island","2","Individuals",,,"39",,,,"219"
"02/28/2026","Staten Island","1","Individuals",,,"98","104",,"45","513"
"02/28/2026","Queens","14","Individuals",,"293","205","201",,"237",
"02/28/2026","Queens","13","Individuals",,"68","453","773",,,"592"
"02/28/2026","Queens","12","Individuals",,"561","878","658",,"6,142","1,274"
"02/28/2026","Queens","11","Individuals",,,"72",,,,
"02/28/2026","Queens","10","Individuals",,,"172","160",,"671",
"02/28/2026","Queens","9","Individuals",,,"111",,,,
"02/28/2026","Queens","8","Individuals",,,"172",,,"163","300"
"02/28/2026","Queens","7","Individuals",,,"332",,,"83",
"02/28/2026","Queens","6","Individuals",,,"98",,,,"209"
"02/28/2026","Queens","5","Individuals",,,"192",,,,"209"
"02/28/2026","Queens","4","Individuals",,,,"248",,,"537"
"02/28/2026","Queens","3","Individuals",,"250",,"161",,"1,803","783"
"02/28/2026","Queens","2","Individuals",,"290","347","131",,"827","282"
"02/28/2026","Queens","1","Individuals",,,"340","121",,"3,960","722"
"02/28/2026","Manhattan","12","Individuals",,,"420",,,,
"02/28/2026","Manhattan","11","Individuals",,,"1,024",,,,"510"
"02/28/2026","Manhattan","10","Individuals",,,"754",,,,"585"
"02/28/2026","Manhattan","9","Individuals",,,"27",,,,"547"
"02/28/2026","Manhattan","8","Individuals",,,"70",,,"511",
"02/28/2026","Manhattan","7","Individuals",,"178","378",,,"953","329"
"02/28/2026","Manhattan","6","Individuals",,,"450",,,"256","649"
"02/28/2026","Manhattan","5","Individuals",,"323","78","43",,"2,697","380"
"02/28/2026","Manhattan","4","Individuals","159",,"331","305",,"1,119","382"
"02/28/2026","Manhattan","1","Individuals",,,,,,"76",
"02/28/2026","Brooklyn","18","Individuals",,"369",,,,"300","772"
"02/28/2026","Brooklyn","17","Individuals",,,,"108",,,"1,629"
"02/28/2026","Brooklyn","16","Individuals",,,"903","431",,"336","2,248"
"02/28/2026","Brooklyn","15","Individuals",,,,"118",,"282","147"
"02/28/2026","Brooklyn","14","Individuals",,,"515",,,,"70"
"02/28/2026","Brooklyn","13","Individuals",,,,"73",,,"383"
"02/28/2026","Brooklyn","12","Individuals",,,"126",,,,"122"
"02/28/2026","Brooklyn","9","Individuals",,,"353",,,,"432"
"02/28/2026","Brooklyn","8","Individuals",,,"456","90",,,"573"
"02/28/2026","Brooklyn","7","Individuals",,,"343","405",,"318","342"
"02/28/2026","Brooklyn","6","Individuals",,"104","520","280",,"111","517"
"02/28/2026","Brooklyn","5","Individuals",,,"995","427",,"718","1,011"
"02/28/2026","Brooklyn","4","Individuals",,,"199","136",,"40","798"
"02/28/2026","Brooklyn","3","Individuals",,,"808","360",,"469","438"
"02/28/2026","Brooklyn","2","Individuals",,"52","766",,,,"333"
"02/28/2026","Brooklyn","1","Individuals",,"172","1,207",,,"382",
"02/28/2026","Bronx","12","Individuals",,,"573",,,"265","1,092"
"02/28/2026","Bronx","11","Individuals",,,"190",,,,
"02/28/2026","Bronx","10","Individuals",,,,,,,"537"
"02/28/2026","Bronx","9","Individuals",,,"265",,,"278","1,536"
"02/28/2026","Bronx","8","Individuals",,,,,,,"595"
"02/28/2026","Bronx","7","Individuals",,,"764",,,"211","968"
"02/28/2026","Bronx","6","Individuals",,,"92","89",,"1,127","1,808"
"02/28/2026","Bronx","5","Individuals",,"207","680",,,"165","1,138"
"02/28/2026","Bronx","4","Individuals",,,"425",,,"307","2,003"
"02/28/2026","Bronx","3","Individuals",,,"749","123",,,"1,246"
"02/28/2026","Bronx","2","Individuals",,"115",,,,,"806"
"02/28/2026","Bronx","1","Individuals",,,"649","155",,"220","1,515"
"01/31/2026","Bronx","3","Individuals",,,"778","119",,,"1,266"
"01/31/2026","Staten Island","2","Individuals",,,"44",,,,"196"
"01/31/2026","Staten Island","1","Individuals",,,"96","110",,"41","478"
"01/31/2026","Queens","14","Individuals",,"256","202","200",,"231",
"01/31/2026","Queens","13","Individuals",,"70","406","776",,,"579"
"01/31/2026","Queens","12","Individuals",,"521","775","546",,"6,299","1,244"
"01/31/2026","Queens","11","Individuals",,,"75",,,"174",
"01/31/2026","Queens","10","Individuals",,,"169","165",,"669",
"01/31/2026","Queens","9","Individuals",,,"111",,,,
"01/31/2026","Queens","8","Individuals",,,"172",,,"158","297"
"01/31/2026","Queens","7","Individuals",,,"322",,,"76",
"01/31/2026","Queens","6","Individuals",,,"100",,,,"244"
"01/31/2026","Queens","5","Individuals",,,"194",,,,"231"
"01/31/2026","Queens","4","Individuals",,,,"242",,,"551"
"01/31/2026","Queens","3","Individuals",,"208",,"157",,"1,888","819"
"01/31/2026","Queens","2","Individuals",,"293","234","118",,"993","267"
"01/31/2026","Queens","1","Individuals",,,"338","124",,"3,819","578"
"01/31/2026","Manhattan","12","Individuals",,,"430",,,,
"01/31/2026","Manhattan","11","Individuals",,,"1,017",,,,"466"
"01/31/2026","Manhattan","10","Individuals",,,"753",,,,"638"
"01/31/2026","Manhattan","9","Individuals",,,"23",,,,"574"
"01/31/2026","Manhattan","8","Individuals",,,"73",,,"551",
"01/31/2026","Manhattan","7","Individuals",,"352","375",,,"960","332"
"01/31/2026","Manhattan","6","Individuals",,,"475",,,"251","573"
"01/31/2026","Manhattan","5","Individuals",,"321","79","43",,"2,745","380"
"01/31/2026","Manhattan","4","Individuals","155",,"329","309",,"1,103","354"
"01/31/2026","Bronx","2","Individuals",,"112",,,,,"779"
"01/31/2026","Manhattan","3","Individuals",,,"773","138",,"93","95"
"01/31/2026","Bronx","1","Individuals",,,"660","159",,"223","1,463"
"01/31/2026","Manhattan","1","Individuals",,,,,,"373",
"01/31/2026","Brooklyn","18","Individuals",,"356",,,,"307","771"
"01/31/2026","Brooklyn","17","Individuals",,,,"107",,"181","1,571"
"01/31/2026","Brooklyn","16","Individuals",,,"956","434",,"595","2,218"
"01/31/2026","Brooklyn","15","Individuals",,,,,,"451","154"
"01/31/2026","Brooklyn","14","Individuals",,,"510",,,,"52"
"01/31/2026","Brooklyn","13","Individuals",,,,"76",,,"358"
"01/31/2026","Brooklyn","12","Individuals",,,"129",,,,"123"
"01/31/2026","Brooklyn","9","Individuals",,,"363",,,,"423"
"01/31/2026","Brooklyn","8","Individuals",,,"461","89",,,"553"
"01/31/2026","Brooklyn","7","Individuals",,,"342","402",,"313","362"
"01/31/2026","Brooklyn","6","Individuals",,"109","886","267",,"116","505"
"01/31/2026","Brooklyn","5","Individuals",,,"1,013","433",,"673","1,011"
"01/31/2026","Brooklyn","4","Individuals",,,"198","137",,"62","807"
"01/31/2026","Brooklyn","3","Individuals",,,"842","357",,"352","431"
"01/31/2026","Brooklyn","2","Individuals",,"50","795",,,,"335"
"01/31/2026","Brooklyn","1","Individuals",,"156","1,234",,,"381",
"01/31/2026","Bronx","12","Individuals",,,"575",,,"265","1,083"
"01/31/2026","Bronx","11","Individuals",,,"199",,,,
"01/31/2026","Bronx","10","Individuals",,,,,,,"529"
"01/31/2026","Bronx","9","Individuals",,,"265",,,"277","1,508"
"01/31/2026","Bronx","8","Individuals",,,,,,,"575"
"01/31/2026","Bronx","7","Individuals",,,"772",,,"210","968"
"01/31/2026","Bronx","6","Individuals",,,"88",,,"1,218","1,791"
"01/31/2026","Bronx","5","Individuals",,"205","691",,,"155","1,111"
"01/31/2026","Bronx","4","Individuals",,,"401",,,"295","2,040"
"12/31/2025","Brooklyn","12","Individuals",,,"131",,,,"134"
"12/31/2025","Staten Island","2","Individuals",,,"47",,,,"140"
"12/31/2025","Staten Island","1","Individuals",,,"100","106",,"46","469"
"12/31/2025","Queens","14","Individuals",,"262","203","198",,"235",
"12/31/2025","Queens","13","Individuals",,"68","200","763",,,"564"
"12/31/2025","Queens","12","Individuals",,"519","723","544",,"6,430","1,287"
"12/31/2025","Queens","11","Individuals",,,"72",,,"170",
"12/31/2025","Queens","10","Individuals",,,"165","164",,"669",
"12/31/2025","Queens","9","Individuals",,,"103",,,,
"12/31/2025","Queens","8","Individuals",,,"174",,,"161","310"
"12/31/2025","Queens","7","Individuals",,,"325",,,"70",
"12/31/2025","Queens","6","Individuals",,,"97",,,,"244"
"12/31/2025","Queens","5","Individuals",,,"186",,,,"186"
"12/31/2025","Queens","4","Individuals",,,,"237",,,"537"
"12/31/2025","Queens","3","Individuals",,"194",,"137",,"1,938","802"
"12/31/2025","Queens","2","Individuals",,"287","227","118",,"985","245"
"12/31/2025","Queens","1","Individuals",,,"331","124",,"3,788","586"
"12/31/2025","Manhattan","12","Individuals",,,"425",,,,
"12/31/2025","Manhattan","11","Individuals",,,"1,044",,,,"491"
"12/31/2025","Manhattan","10","Individuals",,,"755",,,,"611"
"12/31/2025","Manhattan","9","Individuals",,,"24",,,,"581"
"12/31/2025","Manhattan","8","Individuals",,,"72",,,"526",
"12/31/2025","Manhattan","7","Individuals",,"344","362",,,"941","324"
"12/31/2025","Manhattan","6","Individuals",,,"491",,,"256","587"
"12/31/2025","Manhattan","5","Individuals",,"311","78","41",,"2,702","369"
"12/31/2025","Manhattan","4","Individuals","154",,"325","262",,"1,112","356"
"12/31/2025","Manhattan","3","Individuals",,,"762","236",,"95","99"
"12/31/2025","Manhattan","2","Individuals",,,,,,"185",
"12/31/2025","Manhattan","1","Individuals",,,,,,"511",
"12/31/2025","Brooklyn","18","Individuals",,"341",,,,"304","748"
"12/31/2025","Brooklyn","17","Individuals",,,,"108",,"188","1,589"
"12/31/2025","Brooklyn","16","Individuals",,,"956","429",,"554","2,244"
"12/31/2025","Brooklyn","15","Individuals",,,,,,"445","164"
"12/31/2025","Brooklyn","14","Individuals",,,"507",,,,"55"
"12/31/2025","Brooklyn","13","Individuals",,,,"72",,,"338"
"12/31/2025","Brooklyn","9","Individuals",,,"357",,,,"394"
"12/31/2025","Brooklyn","8","Individuals",,,"377","87",,,"541"
"12/31/2025","Brooklyn","7","Individuals",,,"343","409",,"304","355"
"12/31/2025","Brooklyn","6","Individuals",,"111","884","271",,"114","494"
"12/31/2025","Brooklyn","5","Individuals",,,"975","434",,"674","1,029"
"12/31/2025","Brooklyn","4","Individuals",,,"198","134",,"42","805"
"12/31/2025","Brooklyn","3","Individuals",,,"826","363",,"455","425"
"12/31/2025","Brooklyn","2","Individuals",,"52","704",,,,"309"
"12/31/2025","Brooklyn","1","Individuals",,"172","1,161",,,"379",
"12/31/2025","Bronx","12","Individuals",,,"572",,,"271","1,063"
"12/31/2025","Bronx","11","Individuals",,,"198",,,,
"12/31/2025","Bronx","10","Individuals",,,,,,,"556"
"12/31/2025","Bronx","9","Individuals",,,"262",,,"279","1,526"
"12/31/2025","Bronx","8","Individuals",,,,,,,"597"
"12/31/2025","Bronx","7","Individuals",,,"656",,,"209","927"
"12/31/2025","Bronx","6","Individuals",,,"78",,,"1,224","1,807"
"12/31/2025","Bronx","5","Individuals",,"193","691",,,"150","1,126"
"12/31/2025","Bronx","4","Individuals",,,"426",,,"300","2,042"
"12/31/2025","Bronx","3","Individuals",,,"760","125",,,"1,319"
"12/31/2025","Bronx","2","Individuals",,"96",,,,,"752"
"12/31/2025","Bronx","1","Individuals",,,"633","160",,"215","1,488"
"11/30/2025","Manhattan","1","Individuals",,,,,,"536",
"11/30/2025","Staten Island","2","Individuals",,,"50",,,,"131"
"11/30/2025","Staten Island","1","Individuals",,,"98","113",,"50","516"
"11/30/2025","Queens","14","Individuals",,"258","202","153",,"237",
"11/30/2025","Queens","13","Individuals",,,"136","765",,"375","570"
"11/30/2025","Queens","12","Individuals","122","495","482","541",,"6,421","1,298"
"11/30/2025","Queens","11","Individuals",,,"73",,,"169",
"11/30/2025","Queens","10","Individuals",,,"167","170",,"659",
"11/30/2025","Queens","9","Individuals",,,"103",,,,
"11/30/2025","Queens","8","Individuals",,,"174",,,"161","301"
"11/30/2025","Queens","7","Individuals",,,"330",,,"71",
"11/30/2025","Queens","6","Individuals",,,"98",,,,"229"
"11/30/2025","Queens","5","Individuals",,,"192",,,,"216"
"11/30/2025","Queens","4","Individuals",,,,"246",,,"535"
"11/30/2025","Queens","3","Individuals",,"200",,"162",,"1,939","790"
"11/30/2025","Queens","2","Individuals",,"292","223","120",,"962","216"
"11/30/2025","Queens","1","Individuals",,,"326","126",,"3,763","502"
"11/30/2025","Manhattan","12","Individuals",,,"424",,,,
"11/30/2025","Manhattan","11","Individuals",,,"1,109",,,,"488"
"11/30/2025","Manhattan","10","Individuals",,,"755",,,,"591"
"11/30/2025","Manhattan","9","Individuals",,,"28",,,,"597"
"11/30/2025","Manhattan","8","Individuals",,,"71",,,"530",
"11/30/2025","Manhattan","7","Individuals",,"352","340",,,"971","336"
"11/30/2025","Manhattan","6","Individuals",,,"515",,,"268","613"
"11/30/2025","Manhattan","5","Individuals",,"330","76","43",,"2,573","376"
"11/30/2025","Manhattan","4","Individuals","150",,"352","230",,"1,119","356"
"11/30/2025","Manhattan","3","Individuals",,,"785","237",,"98","102"
"11/30/2025","Manhattan","2","Individuals",,,,,,"263",
"11/30/2025","Brooklyn","18","Individuals",,"356",,,,"303","744"
"11/30/2025","Brooklyn","17","Individuals",,,,"107",,"180","1,534"
"11/30/2025","Brooklyn","16","Individuals",,,"971","434",,"572","2,155"
"11/30/2025","Brooklyn","15","Individuals",,,,,,"433","172"
"11/30/2025","Brooklyn","14","Individuals",,,"443",,,,"73"
"11/30/2025","Brooklyn","13","Individuals",,,,"75",,,"355"
"11/30/2025","Brooklyn","12","Individuals",,,"131",,,,"138"
"11/30/2025","Brooklyn","9","Individuals",,,"358",,,,"343"
"11/30/2025","Brooklyn","8","Individuals",,,"300","89",,,"519"
"11/30/2025","Brooklyn","7","Individuals",,,"342","417",,"301","347"
"11/30/2025","Brooklyn","6","Individuals",,"107","808","282",,"114","432"
"11/30/2025","Brooklyn","5","Individuals",,,"1,016","433",,"640","1,026"
"11/30/2025","Brooklyn","4","Individuals",,,"196","139",,"42","812"
"11/30/2025","Brooklyn","3","Individuals",,,"835","364",,"437","413"
"11/30/2025","Brooklyn","2","Individuals",,"38","813",,,,"239"
"11/30/2025","Brooklyn","1","Individuals",,"166","1,094",,,"401",
"11/30/2025","Bronx","12","Individuals",,,"554",,,"269","1,065"
"11/30/2025","Bronx","11","Individuals",,,"197",,,,
"11/30/2025","Bronx","10","Individuals",,,,,,,"520"
"11/30/2025","Bronx","9","Individuals",,,"260",,,"295","1,530"
"11/30/2025","Bronx","8","Individuals",,,,,,,"592"
"11/30/2025","Bronx","7","Individuals",,,"624",,,"206","928"
"11/30/2025","Bronx","6","Individuals",,,"86",,,"1,235","1,806"
"11/30/2025","Bronx","5","Individuals",,"193","689",,,"156","1,079"
"11/30/2025","Bronx","4","Individuals",,,"438",,,"295","2,010"
"11/30/2025","Bronx","3","Individuals",,,"773","121",,,"1,279"
"11/30/2025","Bronx","2","Individuals",,"96",,,,,"731"
"11/30/2025","Bronx","1","Individuals",,,"630","159",,"207","1,483"
"10/31/2025","Bronx","2","Individuals",,"107",,,,,"731"
"10/31/2025","Staten Island","2","Individuals",,,"49",,,,"136"
"10/31/2025","Staten Island","1","Individuals",,,"97","113",,"48","521"
"10/31/2025","Queens","14","Individuals",,"268","195","22",,"270","0"
"10/31/2025","Queens","13","Individuals",,,"134","779",,"458","601"
"10/31/2025","Queens","12","Individuals","130","503","454","553",,"6,534","1,320"
"10/31/2025","Queens","11","Individuals",,,"74",,,"164",
"10/31/2025","Queens","10","Individuals",,,"172","165",,"687",
"10/31/2025","Queens","9","Individuals",,,"112",,,,
"10/31/2025","Queens","8","Individuals",,,"169",,,"141","296"
"10/31/2025","Queens","7","Individuals",,,"327",,,"71",
"10/31/2025","Queens","6","Individuals",,,"96",,,,"244"
"10/31/2025","Queens","5","Individuals",,,"193",,,,"219"
"10/31/2025","Queens","4","Individuals",,,,"240",,,"530"
"10/31/2025","Queens","3","Individuals",,"220",,"165",,"1,947","774"
"10/31/2025","Queens","2","Individuals",,"297","223","121",,"907","188"
"10/31/2025","Queens","1","Individuals",,,"301","132",,"3,672","527"
"10/31/2025","Manhattan","12","Individuals",,,"403",,,,
"10/31/2025","Manhattan","11","Individuals",,,"1,117",,,,"488"
"10/31/2025","Manhattan","10","Individuals",,,"750",,,,"588"
"10/31/2025","Manhattan","9","Individuals",,,"26",,,,"616"
"10/31/2025","Manhattan","8","Individuals",,,"69",,,"527",
"10/31/2025","Manhattan","7","Individuals",,"365","261",,,"938","350"
"10/31/2025","Manhattan","6","Individuals",,,"504",,,"254","589"
"10/31/2025","Manhattan","5","Individuals",,"310","80","45",,"2,476","385"
"10/31/2025","Manhattan","4","Individuals","152",,"381","237",,"1,103","354"
"10/31/2025","Manhattan","3","Individuals",,,"782","233",,"101","103"
"10/31/2025","Manhattan","2","Individuals",,,,,,"288",
"10/31/2025","Bronx","1","Individuals",,,"621","156",,"215","1,448"
"10/31/2025","Manhattan","1","Individuals",,,,,,"531",
"10/31/2025","Brooklyn","18","Individuals",,"336",,,,"284","750"
"10/31/2025","Brooklyn","17","Individuals",,,,"110",,"155","1,461"
"10/31/2025","Brooklyn","16","Individuals",,,"968","417",,"550","2,172"
"10/31/2025","Brooklyn","15","Individuals",,,,,,"442","180"
"10/31/2025","Brooklyn","14","Individuals",,,"378",,,"154","76"
"10/31/2025","Brooklyn","13","Individuals",,,,"76",,,"347"
"10/31/2025","Brooklyn","12","Individuals",,,"128",,,,"118"
"10/31/2025","Brooklyn","9","Individuals",,,"358",,,,"351"
"10/31/2025","Brooklyn","8","Individuals",,,"173","88",,,"536"
"10/31/2025","Brooklyn","7","Individuals",,,"340","420",,"274","362"
"10/31/2025","Brooklyn","6","Individuals",,"105","668","273",,"296","448"
"10/31/2025","Brooklyn","5","Individuals",,,"1,030","438",,"599","1,029"
"10/31/2025","Brooklyn","4","Individuals",,,"199","138",,"30","768"
"10/31/2025","Brooklyn","3","Individuals",,,"826","342",,"434","376"
"10/31/2025","Brooklyn","2","Individuals",,"58","723",,,,"122"
"10/31/2025","Brooklyn","1","Individuals",,"158","1,145",,,"433",
"10/31/2025","Bronx","12","Individuals",,,"516",,,"265","1,038"
"10/31/2025","Bronx","11","Individuals",,,"199",,,,
"10/31/2025","Bronx","10","Individuals",,,,,,,"525"
"10/31/2025","Bronx","9","Individuals",,,"266",,,"291","1,434"
"10/31/2025","Bronx","8","Individuals",,,"0",,,,"590"
"10/31/2025","Bronx","7","Individuals",,,"725",,,"210","910"
"10/31/2025","Bronx","6","Individuals",,,"72",,,"1,236","1,720"
"10/31/2025","Bronx","5","Individuals",,"191","682",,,"152","1,108"
"10/31/2025","Bronx","4","Individuals",,,"433",,,"303","2,036"
"10/31/2025","Bronx","3","Individuals",,,"833","124",,,"1,267"
"09/30/2025","Brooklyn","16","Individuals",,,"654","740",,"551","2,242"
"09/30/2025","Staten Island","3","Individuals",,,,,,,
"09/30/2025","Staten Island","2","Individuals",,,"46",,,,"137"
"09/30/2025","Staten Island","1","Individuals",,,"98","114",,"47","525"
"09/30/2025","Queens","14","Individuals",,"260","204",,,"435",
"09/30/2025","Queens","13","Individuals",,,"136","768",,"460","604"
"09/30/2025","Queens","12","Individuals","123","503","280","613",,"6,455","1,327"
"09/30/2025","Queens","11","Individuals",,,"73",,,"163",
"09/30/2025","Queens","10","Individuals",,,"170","162",,"679",
"09/30/2025","Queens","9","Individuals",,,"107",,,,
"09/30/2025","Queens","8","Individuals",,,"172",,,"144","289"
"09/30/2025","Queens","7","Individuals",,,"328",,,"62",
"09/30/2025","Queens","6","Individuals",,,"97",,,,"238"
"09/30/2025","Queens","5","Individuals",,,"196",,,,"222"
"09/30/2025","Queens","4","Individuals",,,,"247",,,"570"
"09/30/2025","Queens","3","Individuals",,"225",,"168",,"1,951","826"
"09/30/2025","Queens","2","Individuals",,"299",,"351",,"918","207"
"09/30/2025","Queens","1","Individuals",,,"260","146",,"3,788","538"
"09/30/2025","Manhattan","12","Individuals",,,"265",,,,
"09/30/2025","Manhattan","11","Individuals",,,"1,130",,,,"503"
"09/30/2025","Manhattan","10","Individuals",,,"758",,,,"592"
"09/30/2025","Manhattan","9","Individuals",,,"30",,,,"611"
"09/30/2025","Manhattan","8","Individuals",,,"70",,,"537",
"09/30/2025","Manhattan","7","Individuals",,"365","232",,,"931","335"
"09/30/2025","Manhattan","6","Individuals",,,"585",,,"254","593"
"09/30/2025","Manhattan","5","Individuals",,"322","75","48",,"2,521","384"
"09/30/2025","Manhattan","4","Individuals","135",,"373","233",,"1,076","369"
"09/30/2025","Manhattan","3","Individuals",,,"783","235",,"97","99"
"09/30/2025","Manhattan","2","Individuals",,,,,,"305",
"09/30/2025","Manhattan","1","Individuals",,,,,,"516",
"09/30/2025","Brooklyn","18","Individuals",,"352",,,,"283","791"
"09/30/2025","Brooklyn","17","Individuals",,,,"106",,"158","1,550"
"09/30/2025","Brooklyn","15","Individuals",,,,,,"414","177"
"09/30/2025","Brooklyn","14","Individuals",,,"387",,,"168","78"
"09/30/2025","Brooklyn","13","Individuals",,,,"75",,,"360"
"09/30/2025","Brooklyn","12","Individuals",,,"129",,,,"132"
"09/30/2025","Brooklyn","11","Individuals",,,,,,,
"09/30/2025","Brooklyn","10","Individuals",,,,,,,
"09/30/2025","Brooklyn","9","Individuals",,,"358",,,,"354"
"09/30/2025","Brooklyn","8","Individuals",,,"265","189",,,"554"
"09/30/2025","Brooklyn","7","Individuals",,,"275","483",,"271","361"
"09/30/2025","Brooklyn","6","Individuals",,"109","683","281",,"331","482"
"09/30/2025","Brooklyn","5","Individuals",,,"1,030","429",,"623","1,001"
"09/30/2025","Brooklyn","4","Individuals",,,"197","139",,"32","808"
"09/30/2025","Brooklyn","3","Individuals",,,"363","633",,"431","401"
"09/30/2025","Brooklyn","2","Individuals",,"73","717",,,,"101"
"09/30/2025","Brooklyn","1","Individuals",,"162","1,099",,,"470",
"09/30/2025","Bronx","12","Individuals",,,"500",,,"358","1,063"
"09/30/2025","Bronx","11","Individuals",,,"198",,,,
"09/30/2025","Bronx","10","Individuals",,,,,,,"526"
"09/30/2025","Bronx","9","Individuals",,,"264",,,"288","1,492"
"09/30/2025","Bronx","8","Individuals",,,,,,,"613"
"09/30/2025","Bronx","7","Individuals",,,"613",,,"418","905"
"09/30/2025","Bronx","6","Individuals",,,"96",,,"1,202","1,787"
"09/30/2025","Bronx","5","Individuals",,"175","685",,,"150","1,112"
"09/30/2025","Bronx","4","Individuals",,,"437",,,"295","2,029"
"09/30/2025","Bronx","3","Individuals",,,"827","117",,,"1,309"
"09/30/2025","Bronx","2","Individuals",,"108",,,,,"758"
"09/30/2025","Bronx","1","Individuals",,,"529","257",,"210","1,439"
"08/31/2025","Manhattan","2","Individuals",,,,,,"302",
"08/31/2025","Staten Island","3","Individuals",,,,,,,
"08/31/2025","Staten Island","2","Individuals",,,"46",,,,"135"
"08/31/2025","Staten Island","1","Individuals",,,"95","114",,"48","536"
"08/31/2025","Queens","14","Individuals",,"258","203",,,"451",
"08/31/2025","Queens","13","Individuals",,,"136","733",,"475","594"
"08/31/2025","Queens","12","Individuals","117","484","276","518",,"6,681","1,317"
"08/31/2025","Queens","11","Individuals",,,"73",,,"144",
"08/31/2025","Queens","10","Individuals",,,"173","161",,"691",
"08/31/2025","Queens","9","Individuals",,,"111",,,,
"08/31/2025","Queens","8","Individuals",,,"174",,,"153","295"
"08/31/2025","Queens","7","Individuals",,,"327",,,"67",
"08/31/2025","Queens","6","Individuals",,,"95",,,,"242"
"08/31/2025","Queens","5","Individuals",,,"197",,,,"242"
"08/31/2025","Queens","4","Individuals",,,,"243",,,"566"
"08/31/2025","Queens","3","Individuals",,"208",,"162",,"1,975","808"
"08/31/2025","Queens","2","Individuals",,"294",,"341",,"939","218"
"08/31/2025","Queens","1","Individuals",,,"195","142",,"3,794","614"
"08/31/2025","Manhattan","12","Individuals",,,"253",,,,
"08/31/2025","Manhattan","11","Individuals",,,"1,127",,,,"503"
"08/31/2025","Manhattan","10","Individuals",,,"745",,,,"627"
"08/31/2025","Manhattan","9","Individuals",,,"20",,,,"608"
"08/31/2025","Manhattan","8","Individuals",,,"68",,,"524",
"08/31/2025","Manhattan","7","Individuals",,"352","225",,,"947","365"
"08/31/2025","Manhattan","6","Individuals",,,"539",,,"251","587"
"08/31/2025","Manhattan","5","Individuals",,"307","74","47",,"2,426","368"
"08/31/2025","Manhattan","4","Individuals","110",,"381","220",,"1,119","370"
"08/31/2025","Manhattan","3","Individuals",,,"772","232",,"93","87"
"08/31/2025","Manhattan","1","Individuals",,,,,,"496",
"08/31/2025","Brooklyn","18","Individuals",,"354",,,,"287","811"
"08/31/2025","Brooklyn","17","Individuals",,,,"67",,"139","1,608"
"08/31/2025","Brooklyn","16","Individuals",,,"648","739",,"526","2,267"
"08/31/2025","Brooklyn","15","Individuals",,,,,,"388","178"
"08/31/2025","Brooklyn","14","Individuals",,,"379",,,"168","87"
"08/31/2025","Brooklyn","13","Individuals",,,,"74",,,"363"
"08/31/2025","Brooklyn","12","Individuals",,,"125",,,,"139"
"08/31/2025","Brooklyn","11","Individuals",,,,,,,
"08/31/2025","Brooklyn","10","Individuals",,,,,,,
"08/31/2025","Brooklyn","9","Individuals",,,"356",,,,"360"
"08/31/2025","Brooklyn","8","Individuals",,,"308","187",,,"542"
"08/31/2025","Brooklyn","7","Individuals",,,"269","483",,"267","371"
"08/31/2025","Brooklyn","6","Individuals",,"109","681","284",,"307","489"
"08/31/2025","Brooklyn","5","Individuals",,,"1,002","438",,"650","830"
"08/31/2025","Brooklyn","4","Individuals",,,"199","138",,"30","813"
"08/31/2025","Brooklyn","3","Individuals",,,"361","628",,"425","386"
"08/31/2025","Brooklyn","2","Individuals",,"102","699",,,,"75"
"08/31/2025","Brooklyn","1","Individuals",,"158","1,119",,,"480",
"08/31/2025","Bronx","12","Individuals",,,"505",,,"355","1,036"
"08/31/2025","Bronx","11","Individuals",,,"195",,,,
"08/31/2025","Bronx","10","Individuals",,,,,,,"514"
"08/31/2025","Bronx","9","Individuals",,,"266",,,"263","1,511"
"08/31/2025","Bronx","8","Individuals",,,,,,,"598"
"08/31/2025","Bronx","7","Individuals",,,"604",,,"384","900"
"08/31/2025","Bronx","6","Individuals",,,"94",,,"1,171","1,785"
"08/31/2025","Bronx","5","Individuals",,"175","682",,,"123","1,095"
"08/31/2025","Bronx","4","Individuals",,,"431",,,"283","2,053"
"08/31/2025","Bronx","3","Individuals",,,"793","124",,,"1,344"
"08/31/2025","Bronx","2","Individuals",,"125",,,,,"782"
"08/31/2025","Bronx","1","Individuals",,,"522","258",,"213","1,447"
"07/31/2025","Bronx","4","Individuals",,,"434",,,"342","1,914"
"07/31/2025","Staten Island","3","Individuals",,,,,,,
"07/31/2025","Staten Island","2","Individuals",,,"47",,,,"145"
"07/31/2025","Staten Island","1","Individuals",,,"97","110",,"57","491"
"07/31/2025","Queens","14","Individuals",,"284","201",,,"482",
"07/31/2025","Queens","13","Individuals",,,"130","760",,"489","571"
"07/31/2025","Queens","12","Individuals","107","499","275","377",,"6,778","1,279"
"07/31/2025","Queens","11","Individuals",,,"73",,,"156",
"07/31/2025","Queens","10","Individuals",,,"163","169",,"695",
"07/31/2025","Queens","9","Individuals",,,"112",,,,
"07/31/2025","Queens","8","Individuals",,,"175",,,"152","300"
"07/31/2025","Queens","7","Individuals",,,"324",,,"67",
"07/31/2025","Queens","6","Individuals",,,"100",,,,"230"
"07/31/2025","Queens","5","Individuals",,,"200",,,,"231"
"07/31/2025","Queens","4","Individuals",,,,"236",,,"515"
"07/31/2025","Queens","3","Individuals",,"218",,"160",,"1,978","790"
"07/31/2025","Queens","2","Individuals",,"295",,"353",,"903","236"
"07/31/2025","Queens","1","Individuals",,,"199","146",,"3,775","646"
"07/31/2025","Manhattan","12","Individuals",,,"263",,,,
"07/31/2025","Manhattan","11","Individuals",,,"1,146",,,,"526"
"07/31/2025","Manhattan","10","Individuals",,,"762",,,,"611"
"07/31/2025","Manhattan","9","Individuals",,,"30",,,,"595"
"07/31/2025","Manhattan","8","Individuals",,,"67",,,"551",
"07/31/2025","Manhattan","7","Individuals",,"312","93",,,"937","358"
"07/31/2025","Manhattan","6","Individuals",,,"601",,,"261","577"
"07/31/2025","Manhattan","5","Individuals",,"301","78","50",,"2,602","384"
"07/31/2025","Manhattan","4","Individuals","78",,"383","243",,"1,143","363"
"07/31/2025","Manhattan","3","Individuals",,,"702","233",,"101","88"
"07/31/2025","Bronx","3","Individuals",,,"848","124",,,"1,241"
"07/31/2025","Manhattan","2","Individuals",,,,,,"318",
"07/31/2025","Manhattan","1","Individuals",,,,,,"491",
"07/31/2025","Brooklyn","18","Individuals",,"346",,,,"296","782"
"07/31/2025","Brooklyn","17","Individuals",,,,,,"285","1,599"
"07/31/2025","Bronx","2","Individuals",,"143",,,,,"763"
"07/31/2025","Brooklyn","16","Individuals",,,"649","746",,"584","2,180"
"07/31/2025","Brooklyn","15","Individuals",,,,,,"461","185"
"07/31/2025","Brooklyn","14","Individuals",,,"391",,,"158","86"
"07/31/2025","Brooklyn","13","Individuals",,,,"76",,,"371"
"07/31/2025","Brooklyn","12","Individuals",,,"132",,,,"132"
"07/31/2025","Brooklyn","11","Individuals",,,,,,,
"07/31/2025","Bronx","1","Individuals",,,"523","261",,"224","1,419"
"07/31/2025","Brooklyn","10","Individuals",,,,,,,
"07/31/2025","Brooklyn","9","Individuals",,,"351",,,,"348"
"07/31/2025","Brooklyn","8","Individuals",,,"346","169",,,"550"
"07/31/2025","Brooklyn","7","Individuals",,,"272","483",,"310","357"
"07/31/2025","Brooklyn","6","Individuals",,"111","688","273",,"343","496"
"07/31/2025","Brooklyn","5","Individuals",,,"1,061","438",,"693","535"
"07/31/2025","Brooklyn","4","Individuals",,,"196","142",,"42","789"
"07/31/2025","Brooklyn","3","Individuals",,,"364","623",,"430","362"
"07/31/2025","Brooklyn","2","Individuals",,"119","705",,,,"75"
"07/31/2025","Brooklyn","1","Individuals",,"164","1,163",,,"516",
"07/31/2025","Bronx","12","Individuals",,,"497",,,"323","1,043"
"07/31/2025","Bronx","11","Individuals",,,"194",,,,
"07/31/2025","Bronx","10","Individuals",,,,,,,"520"
"07/31/2025","Bronx","9","Individuals",,,"264",,,"281","1,470"
"07/31/2025","Bronx","8","Individuals",,,,,,,"614"
"07/31/2025","Bronx","7","Individuals",,,"614",,,"406","906"
"07/31/2025","Bronx","6","Individuals",,,"94",,,"1,181","1,750"
"07/31/2025","Bronx","5","Individuals",,"189","679",,,"150","1,095"
"06/30/2025","Bronx","11","Individuals",,,"188",,,,
"06/30/2025","Staten Island","3","Individuals",,,,,,,
"06/30/2025","Staten Island","2","Individuals",,,"50",,,,"162"
"06/30/2025","Staten Island","1","Individuals",,,"86","109",,"56","503"
"06/30/2025","Queens","14","Individuals",,"299","205",,,"512","5"
"06/30/2025","Queens","13","Individuals",,,"136","775",,"521","584"
"06/30/2025","Queens","12","Individuals","102","522","271","379",,"7,119","1,249"
"06/30/2025","Queens","11","Individuals",,,"74",,,"152",
"06/30/2025","Queens","10","Individuals",,,"170","170",,"688",
"06/30/2025","Queens","9","Individuals",,,"112",,,,
"06/30/2025","Queens","8","Individuals",,,"172",,,"168","283"
"06/30/2025","Queens","7","Individuals",,,"328",,,"75",
"06/30/2025","Queens","6","Individuals",,,"96",,,,"193"
"06/30/2025","Queens","5","Individuals",,,"199",,,,"224"
"06/30/2025","Queens","4","Individuals",,,,"242",,,"503"
"06/30/2025","Queens","3","Individuals",,"232",,"167",,"1,961","696"
"06/30/2025","Queens","2","Individuals",,"295",,"333",,"991","222"
"06/30/2025","Queens","1","Individuals",,,"193","117",,"4,374","225"
"06/30/2025","Manhattan","12","Individuals",,,"308",,,,
"06/30/2025","Manhattan","11","Individuals",,,"1,120",,,,"493"
"06/30/2025","Manhattan","10","Individuals",,,"743",,,,"616"
"06/30/2025","Manhattan","9","Individuals",,,"27",,,,"576"
"06/30/2025","Manhattan","8","Individuals",,,"68",,,"557",
"06/30/2025","Manhattan","7","Individuals",,"322","97",,,"983","359"
"06/30/2025","Manhattan","6","Individuals",,,"628",,,"261","593"
"06/30/2025","Manhattan","5","Individuals",,"301","77","50",,"2,774","383"
"06/30/2025","Manhattan","4","Individuals","80",,"385","216",,"1,169","348"
"06/30/2025","Manhattan","3","Individuals",,,"781","237",,"102","96"
"06/30/2025","Manhattan","2","Individuals",,,,,,"320",
"06/30/2025","Manhattan","1","Individuals",,,,,,"512",
"06/30/2025","Brooklyn","18","Individuals",,"343",,,,"317","762"
"06/30/2025","Brooklyn","17","Individuals",,,,,,"291","1,647"
"06/30/2025","Brooklyn","16","Individuals",,,"644","737",,"617","2,219"
"06/30/2025","Brooklyn","15","Individuals",,,,,,"453","183"
"06/30/2025","Brooklyn","14","Individuals",,,"385",,,"162","82"
"06/30/2025","Brooklyn","13","Individuals",,,,"76",,,"370"
"06/30/2025","Brooklyn","12","Individuals",,,"130",,,,"136"
"06/30/2025","Brooklyn","11","Individuals",,,,,,,
"06/30/2025","Brooklyn","10","Individuals",,,,,,,
"06/30/2025","Brooklyn","9","Individuals",,,"360",,,,"364"
"06/30/2025","Brooklyn","8","Individuals",,,"349","90",,"148","545"
"06/30/2025","Brooklyn","7","Individuals",,,"275","484",,"319","371"
"06/30/2025","Brooklyn","6","Individuals",,"109","671","279",,"358","467"
"06/30/2025","Brooklyn","5","Individuals",,,"1,060","436",,"724","494"
"06/30/2025","Brooklyn","4","Individuals",,,"200","139",,"52","807"
"06/30/2025","Brooklyn","3","Individuals",,,"361","617",,"437","350"
"06/30/2025","Brooklyn","2","Individuals",,"132","706",,,,"67"
"06/30/2025","Brooklyn","1","Individuals",,"158","1,035",,,"535",
"06/30/2025","Bronx","12","Individuals",,,"478",,,"352","1,027"
"06/30/2025","Bronx","10","Individuals",,,,,,,"538"
"06/30/2025","Bronx","9","Individuals",,,"260",,,"270","1,416"
"06/30/2025","Bronx","8","Individuals",,,,,,,"612"
"06/30/2025","Bronx","7","Individuals",,,"612",,,"435","923"
"06/30/2025","Bronx","6","Individuals",,,"87",,,"1,198","1,694"
"06/30/2025","Bronx","5","Individuals",,"189","684",,,"139","1,104"
"06/30/2025","Bronx","4","Individuals",,,"428",,,"331","1,956"
"06/30/2025","Bronx","3","Individuals",,,"838","127",,,"1,258"
"06/30/2025","Bronx","2","Individuals",,"156",,,,,"704"
"06/30/2025","Bronx","1","Individuals",,,"515","260",,"210","1,168"
"05/31/2025","Manhattan","1","Individuals",,,,,,"4",
"05/31/2025","Westchester",,"Individuals",,,,,,,
"05/31/2025","Staten Island","3","Individuals",,,,,,,
"05/31/2025","Staten Island","2","Individuals",,,"41",,,"164",
"05/31/2025","Staten Island","1","Individuals",,,"79","95",,"57","512"
"05/31/2025","Queens","14","Individuals",,"280","203",,,"543","114"
"05/31/2025","Queens","13","Individuals",,,"132","773",,"518","617"
"05/31/2025","Queens","12","Individuals","114","468","277","323",,"7,539","1,269"
"05/31/2025","Queens","11","Individuals",,,"75",,,"161",
"05/31/2025","Queens","10","Individuals",,,"169","164",,"678",
"05/31/2025","Queens","9","Individuals",,,"110",,,,
"05/31/2025","Queens","8","Individuals",,,"173",,,"170","273"
"05/31/2025","Queens","7","Individuals",,,"331",,,"75",
"05/31/2025","Queens","6","Individuals",,,"97",,,,"204"
"05/31/2025","Queens","5","Individuals",,,"198",,,,"211"
"05/31/2025","Queens","4","Individuals",,,,"244",,,"460"
"05/31/2025","Queens","3","Individuals",,"230",,"160",,"1,918","681"
"05/31/2025","Queens","2","Individuals",,"254",,"353",,"977","228"
"05/31/2025","Queens","1","Individuals",,,"196","124",,"4,727","249"
"05/31/2025","Manhattan","12","Individuals",,,"313",,,,
"05/31/2025","Manhattan","11","Individuals",,,"1,094",,,,"469"
"05/31/2025","Manhattan","10","Individuals",,,"730",,,,"613"
"05/31/2025","Manhattan","9","Individuals",,,"26",,,,"611"
"05/31/2025","Manhattan","8","Individuals",,,"67",,,"569",
"05/31/2025","Manhattan","7","Individuals",,"309","98",,,"972","365"
"05/31/2025","Manhattan","6","Individuals",,,"612",,,"268","592"
"05/31/2025","Manhattan","5","Individuals",,"318","77","48",,"2,121","1,012"
"05/31/2025","Manhattan","4","Individuals",,,"380","211",,"1,217","349"
"05/31/2025","Manhattan","3","Individuals",,,"770","234",,"102","96"
"05/31/2025","Manhattan","2","Individuals",,,,,,"321",
"05/31/2025","Brooklyn","18","Individuals",,"344",,,,"300","731"
"05/31/2025","Brooklyn","17","Individuals",,,,,,"292","1,619"
"05/31/2025","Brooklyn","16","Individuals",,,"648","723",,"592","2,233"
"05/31/2025","Brooklyn","15","Individuals",,,,,,"449","186"
"05/31/2025","Brooklyn","14","Individuals",,,"389",,,"169","89"
"05/31/2025","Brooklyn","13","Individuals",,,,"75",,,"365"
"05/31/2025","Brooklyn","12","Individuals",,,"129",,,,"132"
"05/31/2025","Brooklyn","11","Individuals",,,,,,,
"05/31/2025","Brooklyn","10","Individuals",,,,,,,
"05/31/2025","Brooklyn","9","Individuals",,,"363",,,,"375"
"05/31/2025","Brooklyn","8","Individuals",,,"231","86",,"77","540"
"05/31/2025","Brooklyn","7","Individuals",,,"275","485",,"319","368"
"05/31/2025","Brooklyn","6","Individuals",,"109","678","280",,"354","462"
"05/31/2025","Brooklyn","5","Individuals",,,"1,056","236",,"876","506"
"05/31/2025","Brooklyn","4","Individuals",,,"200","139",,"56","824"
"05/31/2025","Brooklyn","3","Individuals",,,"635","341",,"453","372"
"05/31/2025","Brooklyn","2","Individuals",,"147","719",,,,"76"
"05/31/2025","Brooklyn","1","Individuals",,"166","1,047",,,"537",
"05/31/2025","Bronx","12","Individuals",,,"489",,,"643","802"
"05/31/2025","Bronx","11","Individuals",,,"196",,,,
"05/31/2025","Bronx","10","Individuals",,,,,,,"518"
"05/31/2025","Bronx","9","Individuals",,,"259",,,"268","1,471"
"05/31/2025","Bronx","8","Individuals",,,,,,,"633"
"05/31/2025","Bronx","7","Individuals",,,"621",,,"645","713"
"05/31/2025","Bronx","6","Individuals",,,"79",,,"1,221","1,734"
"05/31/2025","Bronx","5","Individuals",,"203","682",,,"154","1,053"
"05/31/2025","Bronx","4","Individuals",,,"432",,,"336","2,026"
"05/31/2025","Bronx","3","Individuals",,,"806","125",,,"1,233"
"05/31/2025","Bronx","2","Individuals",,"162",,,,,"707"
"05/31/2025","Bronx","1","Individuals",,,"525","258",,"191","1,078"
"04/30/2025","Bronx","2","Individuals",,"170",,,,,"715"
"04/30/2025","Westchester",,"Individuals",,,,,,,
"04/30/2025","Staten Island","3","Individuals",,,,,,,
"04/30/2025","Staten Island","2","Individuals",,,"46",,,"163",
"04/30/2025","Staten Island","1","Individuals",,,"90","80",,"57","509"
"04/30/2025","Queens","14","Individuals",,"255","199",,,"516","136"
"04/30/2025","Queens","13","Individuals",,,"134","758",,"495","651"
"04/30/2025","Queens","12","Individuals","125","427","273","181",,"7,087","1,306"
"04/30/2025","Queens","11","Individuals",,,"75",,,"169",
"04/30/2025","Queens","10","Individuals",,,"170","166",,"692",
"04/30/2025","Queens","9","Individuals",,,"107",,,,
"04/30/2025","Queens","8","Individuals",,,"168",,,"178","277"
"04/30/2025","Queens","7","Individuals",,,"327",,,"76",
"04/30/2025","Queens","6","Individuals",,,"96",,,,"207"
"04/30/2025","Queens","5","Individuals",,,"200",,,,"204"
"04/30/2025","Queens","4","Individuals",,,,"238",,,"473"
"04/30/2025","Queens","3","Individuals",,"208",,"163",,"1,819","701"
"04/30/2025","Queens","2","Individuals",,"240",,"332",,"976","230"
"04/30/2025","Queens","1","Individuals",,,"194","129",,"4,644","264"
"04/30/2025","Manhattan","12","Individuals",,,"309",,,,
"04/30/2025","Manhattan","11","Individuals",,,"1,123",,,,"452"
"04/30/2025","Manhattan","10","Individuals",,,"732",,,,"605"
"04/30/2025","Manhattan","9","Individuals",,,"31",,,,"612"
"04/30/2025","Manhattan","8","Individuals",,,"68",,,"556",
"04/30/2025","Manhattan","7","Individuals",,"248","99",,,"996","348"
"04/30/2025","Manhattan","6","Individuals",,,"694",,,"263","591"
"04/30/2025","Manhattan","5","Individuals",,"310","78","52",,"2,097","1,009"
"04/30/2025","Manhattan","4","Individuals",,,"381","218",,"1,393","341"
"04/30/2025","Manhattan","3","Individuals",,,"783","237",,"104","89"
"04/30/2025","Manhattan","2","Individuals",,,,,,"323",
"04/30/2025","Bronx","1","Individuals",,,"522","262",,"205","1,140"
"04/30/2025","Manhattan","1","Individuals",,,,,,"514",
"04/30/2025","Brooklyn","18","Individuals",,"335",,,,"276","738"
"04/30/2025","Brooklyn","17","Individuals",,,,,,"308","1,634"
"04/30/2025","Brooklyn","16","Individuals",,,"645","704",,"578","2,188"
"04/30/2025","Brooklyn","15","Individuals",,,,,,"431","191"
"04/30/2025","Brooklyn","14","Individuals",,,"385",,,"163","73"
"04/30/2025","Brooklyn","13","Individuals",,,,"74",,,"349"
"04/30/2025","Brooklyn","12","Individuals",,,"130",,,,"116"
"04/30/2025","Brooklyn","11","Individuals",,,,,,,
"04/30/2025","Brooklyn","10","Individuals",,,,,,,
"04/30/2025","Brooklyn","9","Individuals",,,"270",,,,"369"
"04/30/2025","Brooklyn","8","Individuals",,,"274","88",,"143","513"
"04/30/2025","Brooklyn","7","Individuals",,,"267","481",,"329","357"
"04/30/2025","Brooklyn","6","Individuals",,"107","659","273",,"354","448"
"04/30/2025","Brooklyn","5","Individuals",,,"1,040","242",,"906","537"
"04/30/2025","Brooklyn","4","Individuals",,,"194","141",,"54","845"
"04/30/2025","Brooklyn","3","Individuals",,,"629","303",,"420","384"
"04/30/2025","Brooklyn","2","Individuals",,"162","710",,,,"65"
"04/30/2025","Brooklyn","1","Individuals",,"165","1,028",,,"516",
"04/30/2025","Bronx","12","Individuals",,,"502",,,"643","786"
"04/30/2025","Bronx","11","Individuals",,,"199",,,,
"04/30/2025","Bronx","10","Individuals",,,,,,,"503"
"04/30/2025","Bronx","9","Individuals",,,"260",,,"699","1,046"
"04/30/2025","Bronx","8","Individuals",,,,,,,"611"
"04/30/2025","Bronx","7","Individuals",,,"610",,,"650","727"
"04/30/2025","Bronx","6","Individuals",,,"81",,,"1,137","1,800"
"04/30/2025","Bronx","5","Individuals",,"194","677",,,"154","1,068"
"04/30/2025","Bronx","4","Individuals",,,"428",,,"338","2,022"
"04/30/2025","Bronx","3","Individuals",,,"790","128",,,"1,258"
"03/31/2025","Manhattan","1","Individuals",,,,,,"4",
"03/31/2025","Westchester",,"Individuals",,,,,,,
"03/31/2025","Staten Island","3","Individuals",,,,,,,
"03/31/2025","Staten Island","2","Individuals",,,"47",,,"167",
"03/31/2025","Staten Island","1","Individuals",,,"96","75",,"164","517"
"03/31/2025","Queens","14","Individuals",,"167","204",,,"484","140"
"03/31/2025","Queens","13","Individuals",,,"133","772",,"491","650"
"03/31/2025","Queens","12","Individuals","131","433","272","163",,"7,314","1,291"
"03/31/2025","Queens","11","Individuals",,,"75",,,"173",
"03/31/2025","Queens","10","Individuals",,,"166","163",,"684",
"03/31/2025","Queens","9","Individuals",,,"110",,,,
"03/31/2025","Queens","8","Individuals",,,"172",,,"166","291"
"03/31/2025","Queens","7","Individuals",,,"319",,,"104",
"03/31/2025","Queens","6","Individuals",,,"95",,,,"200"
"03/31/2025","Queens","5","Individuals",,,"197",,,,"447"
"03/31/2025","Queens","4","Individuals",,,,"236",,,"487"
"03/31/2025","Queens","3","Individuals",,"214",,"165",,"1,759","654"
"03/31/2025","Queens","2","Individuals",,"222",,"245",,"1,370","338"
"03/31/2025","Queens","1","Individuals",,,"185","126",,"4,923","282"
"03/31/2025","Manhattan","12","Individuals",,,"312",,,,
"03/31/2025","Manhattan","11","Individuals",,,"1,142",,,,"448"
"03/31/2025","Manhattan","10","Individuals",,,"683",,,,"602"
"03/31/2025","Manhattan","9","Individuals",,,"29",,,,"586"
"03/31/2025","Manhattan","8","Individuals",,,"69",,,"560",
"03/31/2025","Manhattan","7","Individuals",,"118","99",,,"962","347"
"03/31/2025","Manhattan","6","Individuals",,,"667",,,"270","548"
"03/31/2025","Manhattan","5","Individuals",,"317","77","52",,"1,918","426"
"03/31/2025","Manhattan","4","Individuals",,,"380","223",,"1,228","340"
"03/31/2025","Manhattan","3","Individuals",,,"789","232",,"143","90"
"03/31/2025","Manhattan","2","Individuals",,,,,,"327",
"03/31/2025","Brooklyn","18","Individuals",,"336",,,,"280","736"
"03/31/2025","Brooklyn","17","Individuals",,,,,,"285","1,644"
"03/31/2025","Brooklyn","16","Individuals",,,"642","557",,"772","2,147"
"03/31/2025","Brooklyn","15","Individuals",,,,,,"423","180"
"03/31/2025","Brooklyn","14","Individuals",,,"387",,,"146","70"
"03/31/2025","Brooklyn","13","Individuals",,,,"74",,,"371"
"03/31/2025","Brooklyn","12","Individuals",,,"131",,,,"129"
"03/31/2025","Brooklyn","11","Individuals",,,,,,,
"03/31/2025","Brooklyn","10","Individuals",,,,,,,
"03/31/2025","Brooklyn","9","Individuals",,,"318",,,,"371"
"03/31/2025","Brooklyn","8","Individuals",,,"251","89",,"82","449"
"03/31/2025","Brooklyn","7","Individuals",,,"264","492",,"318","350"
"03/31/2025","Brooklyn","6","Individuals",,"97","643","273",,"341","486"
"03/31/2025","Brooklyn","5","Individuals",,,"1,088","242",,"919","542"
"03/31/2025","Brooklyn","4","Individuals",,,"195","143",,"56","848"
"03/31/2025","Brooklyn","3","Individuals",,,"623","324",,"429","364"
"03/31/2025","Brooklyn","2","Individuals",,"115","603",,,,"171"
"03/31/2025","Brooklyn","1","Individuals",,"170","1,057",,,"523",
"03/31/2025","Bronx","12","Individuals",,,"501",,,"598","608"
"03/31/2025","Bronx","11","Individuals",,,"199",,,,
"03/31/2025","Bronx","10","Individuals",,,,,,,"505"
"03/31/2025","Bronx","9","Individuals",,,"263",,,"250","1,478"
"03/31/2025","Bronx","8","Individuals",,,,,,,"485"
"03/31/2025","Bronx","7","Individuals",,,"607",,,"627","670"
"03/31/2025","Bronx","6","Individuals",,,"76",,,"1,220","1,783"
"03/31/2025","Bronx","5","Individuals",,"186","689",,,"147","968"
"03/31/2025","Bronx","4","Individuals",,,"434",,,"285","2,021"
"03/31/2025","Bronx","3","Individuals",,,"870","127",,,"1,213"
"03/31/2025","Bronx","2","Individuals",,"155",,,,,"726"
"03/31/2025","Bronx","1","Individuals",,,"515","242",,"192","1,159"
"02/28/2025","Manhattan","1","Individuals",,,,,,"496",
"02/28/2025","Westchester",,"Individuals",,,,,,,
"02/28/2025","Staten Island","3","Individuals",,,,,,,
"02/28/2025","Staten Island","2","Individuals",,,"48",,,"364",
"02/28/2025","Staten Island","1","Individuals",,,"97","79",,"49","515"
"02/28/2025","Queens","14","Individuals",,"183","205",,,"457","164"
"02/28/2025","Queens","13","Individuals",,,"135","759",,"468","684"
"02/28/2025","Queens","12","Individuals","119","437","275","176",,"6,470","1,328"
"02/28/2025","Queens","11","Individuals",,,"75",,,"152",
"02/28/2025","Queens","10","Individuals",,,"167","167",,"669",
"02/28/2025","Queens","9","Individuals",,,"109",,,,
"02/28/2025","Queens","8","Individuals",,,"174",,,"162","298"
"02/28/2025","Queens","7","Individuals",,,"309",,,"69",
"02/28/2025","Queens","6","Individuals",,,"96",,,,"204"
"02/28/2025","Queens","5","Individuals",,,"197",,,,"470"
"02/28/2025","Queens","4","Individuals",,,,"91",,"87","478"
"02/28/2025","Queens","3","Individuals",,"212",,"145",,"1,737","672"
"02/28/2025","Queens","2","Individuals",,"229",,"299",,"912","262"
"02/28/2025","Queens","1","Individuals",,,"188","124",,"4,956","312"
"02/28/2025","Manhattan","12","Individuals",,,"313",,,,
"02/28/2025","Manhattan","11","Individuals",,,"1,145",,,,"458"
"02/28/2025","Manhattan","10","Individuals",,,"677",,,,"574"
"02/28/2025","Manhattan","9","Individuals",,,"32",,,,"677"
"02/28/2025","Manhattan","8","Individuals",,,"70",,,"553",
"02/28/2025","Manhattan","7","Individuals",,"104","100",,,"979","296"
"02/28/2025","Manhattan","6","Individuals",,,"784",,,"270","535"
"02/28/2025","Manhattan","5","Individuals",,"307","79","48",,"1,794","993"
"02/28/2025","Manhattan","4","Individuals",,,"387","217",,"1,125","340"
"02/28/2025","Manhattan","3","Individuals",,,"783","239",,"103","89"
"02/28/2025","Manhattan","2","Individuals",,,,,,"320",
"02/28/2025","Brooklyn","18","Individuals",,"343",,,,"285","744"
"02/28/2025","Brooklyn","17","Individuals",,,,,,"272","1,600"
"02/28/2025","Brooklyn","16","Individuals",,,"641","539",,"751","2,215"
"02/28/2025","Brooklyn","15","Individuals",,,,,,"401","185"
"02/28/2025","Brooklyn","14","Individuals",,,"390",,,"150","83"
"02/28/2025","Brooklyn","13","Individuals",,,,"75",,,"377"
"02/28/2025","Brooklyn","12","Individuals",,,"128",,,,"122"
"02/28/2025","Brooklyn","11","Individuals",,,,,,,
"02/28/2025","Brooklyn","10","Individuals",,,,,,,
"02/28/2025","Brooklyn","9","Individuals",,,"333",,,,"376"
"02/28/2025","Brooklyn","8","Individuals",,,"315","90",,"153","433"
"02/28/2025","Brooklyn","7","Individuals",,,"273","486",,"311","371"
"02/28/2025","Brooklyn","6","Individuals",,"107","674","271",,"341","503"
"02/28/2025","Brooklyn","5","Individuals",,,"1,058","238",,"903","527"
"02/28/2025","Brooklyn","4","Individuals",,,"200","140",,"62","814"
"02/28/2025","Brooklyn","3","Individuals",,,"631","328",,"462","370"
"02/28/2025","Brooklyn","2","Individuals",,"140","710",,,,"66"
"02/28/2025","Brooklyn","1","Individuals",,"174","1,019",,,"504",
"02/28/2025","Bronx","12","Individuals",,,"503",,,"596","817"
"02/28/2025","Bronx","11","Individuals",,,"196",,,,
"02/28/2025","Bronx","10","Individuals",,,,,,,"500"
"02/28/2025","Bronx","9","Individuals",,,"263",,,"246","1,475"
"02/28/2025","Bronx","8","Individuals",,,,,,,"471"
"02/28/2025","Bronx","7","Individuals",,,"613",,,"553","684"
"02/28/2025","Bronx","6","Individuals",,,"79",,,"1,146","1,770"
"02/28/2025","Bronx","5","Individuals",,"185","685",,,"131","1,043"
"02/28/2025","Bronx","4","Individuals",,,"432",,,"328","2,084"
"02/28/2025","Bronx","3","Individuals",,,"871","127",,,"1,234"
"02/28/2025","Bronx","2","Individuals",,"149",,,,,"744"
"02/28/2025","Bronx","1","Individuals",,,"517","243",,"197","1,146"
"01/31/2025","Bronx","3","Individuals",,,"860","122",,,"1,292"
"01/31/2025","Westchester",,"Individuals",,,,,,,
"01/31/2025","Staten Island","3","Individuals",,,,,,,
"01/31/2025","Staten Island","2","Individuals",,,"49",,,"406",
"01/31/2025","Staten Island","1","Individuals",,,"98","84",,"44","522"
"01/31/2025","Queens","14","Individuals",,"187","204",,,"488","165"
"01/31/2025","Queens","13","Individuals",,,"135","685",,"504","725"
"01/31/2025","Queens","12","Individuals","117","426","275","191",,"6,624","1,211"
"01/31/2025","Queens","11","Individuals",,,"74",,,"165",
"01/31/2025","Queens","10","Individuals",,,"173","163",,"674",
"01/31/2025","Queens","9","Individuals",,,"113",,,,
"01/31/2025","Queens","8","Individuals",,,"174",,,"162","288"
"01/31/2025","Queens","7","Individuals",,,"316",,,"64",
"01/31/2025","Queens","6","Individuals",,,"95",,,,"195"
"01/31/2025","Queens","5","Individuals",,,"195",,,,"236"
"01/31/2025","Queens","4","Individuals",,,,"92",,"106","506"
"01/31/2025","Queens","3","Individuals",,"192",,"168",,"1,839","686"
"01/31/2025","Queens","2","Individuals",,"233",,"306",,"956","266"
"01/31/2025","Queens","1","Individuals",,,"187","118",,"5,292","313"
"01/31/2025","Manhattan","12","Individuals",,,"313",,,,
"01/31/2025","Manhattan","11","Individuals",,,"1,154",,,,"494"
"01/31/2025","Manhattan","10","Individuals",,,"689",,,,"715"
"01/31/2025","Manhattan","9","Individuals",,,"30",,,,"687"
"01/31/2025","Manhattan","8","Individuals",,,"70",,,"533",
"01/31/2025","Manhattan","7","Individuals",,"110","101",,,"940","249"
"01/31/2025","Manhattan","6","Individuals",,,"622",,,"259","556"
"01/31/2025","Manhattan","5","Individuals",,"315","75","44",,"1,817","996"
"01/31/2025","Manhattan","4","Individuals",,,"374","196",,"1,282","360"
"01/31/2025","Manhattan","3","Individuals",,,"781","241",,"96","173"
"01/31/2025","Manhattan","2","Individuals",,,,,,"307",
"01/31/2025","Bronx","2","Individuals",,"147",,,,,"766"
"01/31/2025","Bronx","1","Individuals",,,"524","239",,"213","1,222"
"01/31/2025","Manhattan","1","Individuals",,,,,,"458",
"01/31/2025","Brooklyn","18","Individuals",,"342",,,,"314","790"
"01/31/2025","Brooklyn","17","Individuals",,,,,,"300","1,629"
"01/31/2025","Brooklyn","16","Individuals",,,"633","551",,"749","2,298"
"01/31/2025","Brooklyn","15","Individuals",,,,,,"419","188"
"01/31/2025","Brooklyn","14","Individuals",,,"383",,,"170","81"
"01/31/2025","Brooklyn","13","Individuals",,,,"76",,,"410"
"01/31/2025","Brooklyn","12","Individuals",,,"128",,,,"131"
"01/31/2025","Brooklyn","11","Individuals",,,,,,,
"01/31/2025","Brooklyn","10","Individuals",,,,,,,
"01/31/2025","Brooklyn","9","Individuals",,,"357",,,,"363"
"01/31/2025","Brooklyn","8","Individuals",,,"423","89",,"152","428"
"01/31/2025","Brooklyn","7","Individuals",,,"277","476",,"317","377"
"01/31/2025","Brooklyn","6","Individuals",,"113","671","277",,"344","531"
"01/31/2025","Brooklyn","5","Individuals",,,"1,072","239",,"947","490"
"01/31/2025","Brooklyn","4","Individuals",,,"199","141",,"70","829"
"01/31/2025","Brooklyn","3","Individuals",,,"635","327",,"434","400"
"01/31/2025","Brooklyn","2","Individuals",,"139","697",,,,"73"
"01/31/2025","Brooklyn","1","Individuals",,"168","1,108",,,"519",
"01/31/2025","Bronx","12","Individuals",,,"501",,,"566","800"
"01/31/2025","Bronx","11","Individuals",,,"183",,,,
"01/31/2025","Bronx","10","Individuals",,,,,,,"494"
"01/31/2025","Bronx","9","Individuals",,,"257",,,"256","1,529"
"01/31/2025","Bronx","8","Individuals",,,,,,,"477"
"01/31/2025","Bronx","7","Individuals",,,"620",,,"585","667"
"01/31/2025","Bronx","6","Individuals",,,"80",,,"1,131","1,750"
"01/31/2025","Bronx","5","Individuals",,"197","690",,,"132","1,085"
"01/31/2025","Bronx","4","Individuals",,,"431",,,"336","2,164"
"12/31/2024","Manhattan","1","Individuals",,,,,,"527",
"12/31/2024","Westchester",,"Individuals",,,,,,"70",
"12/31/2024","Staten Island","3","Individuals",,,,,,,
"12/31/2024","Staten Island","2","Individuals",,,"50",,,"481",
"12/31/2024","Staten Island","1","Individuals",,,"98","106",,"55","532"
"12/31/2024","Queens","14","Individuals",,"193","191",,,"528","157"
"12/31/2024","Queens","13","Individuals",,,"133","703",,"529","765"
"12/31/2024","Queens","12","Individuals","103","376","275","191",,"6,701","1,368"
"12/31/2024","Queens","11","Individuals",,,"70",,,"161",
"12/31/2024","Queens","10","Individuals",,,"170","152",,"680",
"12/31/2024","Queens","9","Individuals",,,"109",,,,
"12/31/2024","Queens","8","Individuals",,,"171",,,"167","301"
"12/31/2024","Queens","7","Individuals",,,"319",,,"79",
"12/31/2024","Queens","6","Individuals",,,"94",,,,"145"
"12/31/2024","Queens","5","Individuals",,,"196",,,,"232"
"12/31/2024","Queens","4","Individuals",,,,"86",,"120","487"
"12/31/2024","Queens","3","Individuals",,"194",,"165",,"1,905","739"
"12/31/2024","Queens","2","Individuals",,"219",,"351",,"962","280"
"12/31/2024","Queens","1","Individuals",,,"180","111",,"5,471","313"
"12/31/2024","Manhattan","12","Individuals",,,"305",,,,
"12/31/2024","Manhattan","11","Individuals",,,"1,156",,,,"529"
"12/31/2024","Manhattan","10","Individuals",,,"685",,,,"616"
"12/31/2024","Manhattan","9","Individuals",,,"31",,,,"673"
"12/31/2024","Manhattan","8","Individuals",,,"67",,,"515",
"12/31/2024","Manhattan","7","Individuals",,"108","97",,,"940","348"
"12/31/2024","Manhattan","6","Individuals",,,"682",,,"257","534"
"12/31/2024","Manhattan","5","Individuals",,"299","76","43",,"1,823","985"
"12/31/2024","Manhattan","4","Individuals",,,"362","192",,"1,296","355"
"12/31/2024","Manhattan","3","Individuals",,,"755","238",,"106","92"
"12/31/2024","Manhattan","2","Individuals",,,,,,"296",
"12/31/2024","Brooklyn","18","Individuals",,"341",,,,"329","819"
"12/31/2024","Brooklyn","17","Individuals",,,,,,"319","1,600"
"12/31/2024","Brooklyn","16","Individuals",,,"650","562",,"808","2,376"
"12/31/2024","Brooklyn","15","Individuals",,,,,,"425","182"
"12/31/2024","Brooklyn","14","Individuals",,,"365",,,"173","90"
"12/31/2024","Brooklyn","13","Individuals",,,,"74",,,"417"
"12/31/2024","Brooklyn","12","Individuals",,,"125",,,,"134"
"12/31/2024","Brooklyn","11","Individuals",,,,,,,
"12/31/2024","Brooklyn","10","Individuals",,,,,,,
"12/31/2024","Brooklyn","9","Individuals",,,"357",,,,"348"
"12/31/2024","Brooklyn","8","Individuals",,,"116","90",,"145","400"
"12/31/2024","Brooklyn","7","Individuals",,,"272","474",,"327","389"
"12/31/2024","Brooklyn","6","Individuals",,"107","677","282",,"415","520"
"12/31/2024","Brooklyn","5","Individuals",,,"1,050","238",,"975","458"
"12/31/2024","Brooklyn","4","Individuals",,,"200","139",,"72","838"
"12/31/2024","Brooklyn","3","Individuals",,,"624","310",,"462","415"
"12/31/2024","Brooklyn","2","Individuals",,"125","691",,,,"67"
"12/31/2024","Brooklyn","1","Individuals",,"172","1,077",,,"545",
"12/31/2024","Bronx","12","Individuals",,,"496",,,"538","803"
"12/31/2024","Bronx","11","Individuals",,,"144",,,,
"12/31/2024","Bronx","10","Individuals",,,,,,,"543"
"12/31/2024","Bronx","9","Individuals",,,"264",,,"279","1,550"
"12/31/2024","Bronx","8","Individuals",,,,,,,"406"
"12/31/2024","Bronx","7","Individuals",,,"616",,,"622","569"
"12/31/2024","Bronx","6","Individuals",,,"69",,,"1,065","1,801"
"12/31/2024","Bronx","5","Individuals",,"199","688",,,"134","1,081"
"12/31/2024","Bronx","4","Individuals",,,"411",,,"330","2,143"
"12/31/2024","Bronx","3","Individuals",,,"720","123",,,"1,249"
"12/31/2024","Bronx","2","Individuals",,"165",,,,,"743"
"12/31/2024","Bronx","1","Individuals",,,"528","253",,"207","1,213"
"11/30/2024","Manhattan","1","Individuals",,,,,,"541",
"11/30/2024","Westchester",,"Individuals",,,,,,"78",
"11/30/2024","Staten Island","3","Individuals",,,,,,,
"11/30/2024","Staten Island","2","Individuals",,,"49",,,"522",
"11/30/2024","Staten Island","1","Individuals",,,"99","99",,"57","552"
"11/30/2024","Queens","14","Individuals",,"201","201",,,"542","165"
"11/30/2024","Queens","13","Individuals",,,"131","664",,"548","802"
"11/30/2024","Queens","12","Individuals","76","345","277","187",,"6,895","1,396"
"11/30/2024","Queens","11","Individuals",,,"74",,,"182",
"11/30/2024","Queens","10","Individuals",,,"174","168",,"666",
"11/30/2024","Queens","9","Individuals",,,"112",,,,
"11/30/2024","Queens","8","Individuals",,,"172",,,"165","297"
"11/30/2024","Queens","7","Individuals",,,"332",,,"86",
"11/30/2024","Queens","6","Individuals",,,"96",,,,"86"
"11/30/2024","Queens","5","Individuals",,,"199",,,,"224"
"11/30/2024","Queens","4","Individuals",,,,"89",,"145","508"
"11/30/2024","Queens","3","Individuals",,"206",,"164",,"1,873","749"
"11/30/2024","Queens","2","Individuals",,"218",,"259",,"965","278"
"11/30/2024","Queens","1","Individuals",,,"187","106",,"5,620","320"
"11/30/2024","Manhattan","12","Individuals",,,"315",,,,
"11/30/2024","Manhattan","11","Individuals",,,"1,176",,,,"537"
"11/30/2024","Manhattan","10","Individuals",,,"626",,,,"618"
"11/30/2024","Manhattan","9","Individuals",,,"32",,,,"684"
"11/30/2024","Manhattan","8","Individuals",,,"69",,,"500",
"11/30/2024","Manhattan","7","Individuals",,"110","95",,,"951","344"
"11/30/2024","Manhattan","6","Individuals",,,"692",,,"262","487"
"11/30/2024","Manhattan","5","Individuals",,"302","77","40",,"1,853","982"
"11/30/2024","Manhattan","4","Individuals",,,"384","196",,"1,326","382"
"11/30/2024","Manhattan","3","Individuals",,,"758","235",,"105","107"
"11/30/2024","Manhattan","2","Individuals",,,,,,"305",
"11/30/2024","Brooklyn","18","Individuals",,"359",,,,"321","857"
"11/30/2024","Brooklyn","17","Individuals",,,,,,"292","1,616"
"11/30/2024","Brooklyn","16","Individuals",,,"661","560",,"770","2,402"
"11/30/2024","Brooklyn","15","Individuals",,,,,,"429","187"
"11/30/2024","Brooklyn","14","Individuals",,,"391",,,"173","88"
"11/30/2024","Brooklyn","13","Individuals",,,,"74",,,"411"
"11/30/2024","Brooklyn","12","Individuals",,,"124",,,,"138"
"11/30/2024","Brooklyn","11","Individuals",,,,,,,
"11/30/2024","Brooklyn","10","Individuals",,,,,,,
"11/30/2024","Brooklyn","9","Individuals",,,"352",,,,"326"
"11/30/2024","Brooklyn","8","Individuals",,,"241","90",,"144","355"
"11/30/2024","Brooklyn","7","Individuals",,,"244","472",,"308","378"
"11/30/2024","Brooklyn","6","Individuals",,"113","681","280",,"407","517"
"11/30/2024","Brooklyn","5","Individuals",,,"1,087","244",,"968","494"
"11/30/2024","Brooklyn","4","Individuals","0",,"200","139",,"64","848"
"11/30/2024","Brooklyn","3","Individuals",,,"629","352",,"387","433"
"11/30/2024","Brooklyn","2","Individuals",,"152","709",,,,"74"
"11/30/2024","Brooklyn","1","Individuals",,"168","1,088",,,"525",
"11/30/2024","Bronx","12","Individuals",,,"505",,,"551","802"
"11/30/2024","Bronx","11","Individuals",,,,,,,
"11/30/2024","Bronx","10","Individuals",,,,,,,"557"
"11/30/2024","Bronx","9","Individuals",,,"264",,,"275","1,528"
"11/30/2024","Bronx","8","Individuals",,,,,,,"421"
"11/30/2024","Bronx","7","Individuals",,,"626",,,"618","569"
"11/30/2024","Bronx","6","Individuals",,,"78",,,"1,149","1,828"
"11/30/2024","Bronx","5","Individuals",,"171","682",,,"137","1,099"
"11/30/2024","Bronx","4","Individuals",,,"423",,,"324","2,133"
"11/30/2024","Bronx","3","Individuals",,,"819","124",,,"1,278"
"11/30/2024","Bronx","2","Individuals",,"154",,,,,"790"
"11/30/2024","Bronx","1","Individuals",,,"522","259",,"216","1,243"
"10/31/2024","Bronx","2","Individuals",,"168",,,,,"780"
"10/31/2024","Westchester",,"Individuals",,,,,,"77",
"10/31/2024","Staten Island","3","Individuals",,,,,,,
"10/31/2024","Staten Island","2","Individuals",,,"48",,,"562",
"10/31/2024","Staten Island","1","Individuals",,,"87","81",,"49","552"
"10/31/2024","Queens","14","Individuals",,"210","182",,,"556","149"
"10/31/2024","Queens","13","Individuals",,,"136","610",,"535","854"
"10/31/2024","Queens","12","Individuals","75","326","270","179",,"6,770","1,377"
"10/31/2024","Queens","11","Individuals",,,"69",,,"150",
"10/31/2024","Queens","10","Individuals",,,"170","162",,"692",
"10/31/2024","Queens","9","Individuals",,,"112",,,,
"10/31/2024","Queens","8","Individuals",,,"169",,,"154","282"
"10/31/2024","Queens","7","Individuals",,,"327",,,"86",
"10/31/2024","Queens","6","Individuals",,,"91",,,,
"10/31/2024","Queens","5","Individuals",,,"197",,,,"246"
"10/31/2024","Queens","4","Individuals",,,,"87",,"146","524"
"10/31/2024","Queens","3","Individuals",,"208",,"164",,"1,878","763"
"10/31/2024","Queens","2","Individuals",,"218",,"253",,"948","281"
"10/31/2024","Queens","1","Individuals",,,"182","117",,"5,501","319"
"10/31/2024","Manhattan","12","Individuals",,,"314",,,,
"10/31/2024","Manhattan","11","Individuals",,,"1,181",,,,"529"
"10/31/2024","Manhattan","10","Individuals",,,"692",,,,"581"
"10/31/2024","Manhattan","9","Individuals",,,"33",,,,"692"
"10/31/2024","Manhattan","8","Individuals",,,"70",,,"527",
"10/31/2024","Manhattan","7","Individuals",,"108","100",,,"963","356"
"10/31/2024","Manhattan","6","Individuals",,,"702",,,"260","512"
"10/31/2024","Manhattan","5","Individuals",,"264","77","40",,"1,976","977"
"10/31/2024","Manhattan","4","Individuals",,,"382","193",,"1,269","384"
"10/31/2024","Manhattan","3","Individuals",,,"773","239",,"97","99"
"10/31/2024","Manhattan","2","Individuals",,,,,,"281",
"10/31/2024","Bronx","1","Individuals",,,"525","261",,"225","1,241"
"10/31/2024","Manhattan","1","Individuals",,,,,,"552",
"10/31/2024","Brooklyn","18","Individuals",,"370",,,,"296","801"
"10/31/2024","Brooklyn","17","Individuals",,,,,,"273","1,640"
"10/31/2024","Brooklyn","16","Individuals",,,"652","554",,"722","2,397"
"10/31/2024","Brooklyn","15","Individuals",,,,,,"423","194"
"10/31/2024","Brooklyn","14","Individuals",,,"388",,,"180","90"
"10/31/2024","Brooklyn","13","Individuals",,,,"71",,,"424"
"10/31/2024","Brooklyn","12","Individuals",,,"120",,,,"142"
"10/31/2024","Brooklyn","11","Individuals",,,,,,,
"10/31/2024","Brooklyn","10","Individuals",,,,,,,
"10/31/2024","Brooklyn","9","Individuals",,,"358",,,,"330"
"10/31/2024","Brooklyn","8","Individuals",,,"317","89",,"141","374"
"10/31/2024","Brooklyn","7","Individuals",,,"272","462",,"299","387"
"10/31/2024","Brooklyn","6","Individuals",,"111","677","279",,"394","559"
"10/31/2024","Brooklyn","5","Individuals",,,"1,092","242",,"963","513"
"10/31/2024","Brooklyn","4","Individuals","0",,"200","136",,"72","831"
"10/31/2024","Brooklyn","3","Individuals",,,"620","345",,"417","429"
"10/31/2024","Brooklyn","2","Individuals",,"146","721",,,,"75"
"10/31/2024","Brooklyn","1","Individuals",,"157","1,063",,,"537",
"10/31/2024","Bronx","12","Individuals",,,"501",,,"556","805"
"10/31/2024","Bronx","11","Individuals",,,,,,,
"10/31/2024","Bronx","10","Individuals",,,,,,,"566"
"10/31/2024","Bronx","9","Individuals",,,"263",,,"231","1,535"
"10/31/2024","Bronx","8","Individuals",,,,,,,"394"
"10/31/2024","Bronx","7","Individuals",,,"617",,,"607","433"
"10/31/2024","Bronx","6","Individuals",,,"85",,,"1,076","2,015"
"10/31/2024","Bronx","5","Individuals",,"181","681",,,"147","1,398"
"10/31/2024","Bronx","4","Individuals",,,"428",,,"316","2,222"
"10/31/2024","Bronx","3","Individuals",,,"803","126",,,"1,285"
"09/30/2024","Manhattan","1","Individuals",,,,,,"578",
"09/30/2024","Westchester",,"Individuals",,,,,,"115",
"09/30/2024","Staten Island","3","Individuals",,,,,,,
"09/30/2024","Staten Island","2","Individuals",,,"46",,,"594",
"09/30/2024","Staten Island","1","Individuals",,,"89","67",,"55","491"
"09/30/2024","Queens","14","Individuals",,"198","104",,,"528","167"
"09/30/2024","Queens","13","Individuals",,,"134","627",,"547","836"
"09/30/2024","Queens","12","Individuals","81","336","266","164",,"6,952","1,389"
"09/30/2024","Queens","11","Individuals",,,"73",,,"169",
"09/30/2024","Queens","10","Individuals",,,"168","148",,"677",
"09/30/2024","Queens","9","Individuals",,,"106",,,,
"09/30/2024","Queens","8","Individuals",,,"168",,,"170","278"
"09/30/2024","Queens","7","Individuals",,,"330",,,"86",
"09/30/2024","Queens","6","Individuals",,,"87",,,,
"09/30/2024","Queens","5","Individuals",,,"199",,,,"234"
"09/30/2024","Queens","4","Individuals",,,,"89",,"158","542"
"09/30/2024","Queens","3","Individuals",,"218",,"163",,"1,924","787"
"09/30/2024","Queens","2","Individuals",,"216",,"260",,"947","296"
"09/30/2024","Queens","1","Individuals",,,"190","95",,"5,704","362"
"09/30/2024","Manhattan","12","Individuals",,,"305",,,,
"09/30/2024","Manhattan","11","Individuals",,,"1,155",,,,"557"
"09/30/2024","Manhattan","10","Individuals",,,"696",,,,"582"
"09/30/2024","Manhattan","9","Individuals",,,"29",,,,"691"
"09/30/2024","Manhattan","8","Individuals",,,"70",,,"541",
"09/30/2024","Manhattan","7","Individuals",,"114","101",,,"970","348"
"09/30/2024","Manhattan","6","Individuals",,,"518",,,"263","563"
"09/30/2024","Manhattan","5","Individuals",,"256","78","44",,"2,098","1,003"
"09/30/2024","Manhattan","4","Individuals",,,"381","200",,"1,292","387"
"09/30/2024","Manhattan","3","Individuals",,,"770","242",,"98","107"
"09/30/2024","Manhattan","2","Individuals",,,,,,"311",
"09/30/2024","Brooklyn","18","Individuals",,"353",,,,"316","828"
"09/30/2024","Brooklyn","17","Individuals",,,,,,"288","1,590"
"09/30/2024","Brooklyn","16","Individuals",,,"643","553",,"776","2,420"
"09/30/2024","Brooklyn","15","Individuals",,,,,,"432","196"
"09/30/2024","Brooklyn","14","Individuals",,,"392",,,"177","88"
"09/30/2024","Brooklyn","13","Individuals",,,,"72",,,"407"
"09/30/2024","Brooklyn","12","Individuals",,,"122",,,,"135"
"09/30/2024","Brooklyn","11","Individuals",,,,,,,
"09/30/2024","Brooklyn","10","Individuals",,,,,,,
"09/30/2024","Brooklyn","9","Individuals",,,"317",,,,"346"
"09/30/2024","Brooklyn","8","Individuals",,,"261","89",,"139","388"
"09/30/2024","Brooklyn","7","Individuals",,,"281","392",,"301","349"
"09/30/2024","Brooklyn","6","Individuals",,"107","637","282",,"393","578"
"09/30/2024","Brooklyn","5","Individuals",,,"1,068","243",,"970","504"
"09/30/2024","Brooklyn","4","Individuals",,,"196","138",,"74","777"
"09/30/2024","Brooklyn","3","Individuals",,,"577","338",,"437","439"
"09/30/2024","Brooklyn","2","Individuals",,"137","717",,,,"74"
"09/30/2024","Brooklyn","1","Individuals",,"166","1,006",,,"534",
"09/30/2024","Bronx","12","Individuals",,,"502",,,"600","810"
"09/30/2024","Bronx","11","Individuals",,,,,,,
"09/30/2024","Bronx","10","Individuals",,,,,,,"566"
"09/30/2024","Bronx","9","Individuals",,,"262",,,"251","1,518"
"09/30/2024","Bronx","8","Individuals",,,,,,,"380"
"09/30/2024","Bronx","7","Individuals",,,"606",,,"653","408"
"09/30/2024","Bronx","6","Individuals",,,"80",,,"1,095","1,948"
"09/30/2024","Bronx","5","Individuals",,"173","691",,,"152","1,468"
"09/30/2024","Bronx","4","Individuals",,,"422",,,"311","2,169"
"09/30/2024","Bronx","3","Individuals",,,"801","124",,,"1,269"
"09/30/2024","Bronx","2","Individuals",,"145",,,,,"802"
"09/30/2024","Bronx","1","Individuals",,,"524","242",,"228","1,231"
"08/31/2024","Manhattan","1","Individuals",,,,,,"592",
"08/31/2024","Westchester",,"Individuals",,,,,,"132",
"08/31/2024","Staten Island","3","Individuals",,,,,,,
"08/31/2024","Staten Island","2","Individuals",,,"49",,,"659",
"08/31/2024","Staten Island","1","Individuals",,,"78","51",,"60","443"
"08/31/2024","Queens","14","Individuals",,"196","103",,,"532","166"
"08/31/2024","Queens","13","Individuals",,,"134","617",,"554","876"
"08/31/2024","Queens","12","Individuals","85","350","256","255",,"6,995","1,403"
"08/31/2024","Queens","11","Individuals",,,"72",,,"175",
"08/31/2024","Queens","10","Individuals",,,"170","156",,"683",
"08/31/2024","Queens","9","Individuals",,,"112",,,,
"08/31/2024","Queens","8","Individuals",,,"169",,,"175","290"
"08/31/2024","Queens","7","Individuals",,,"329",,,"83",
"08/31/2024","Queens","6","Individuals",,,"86",,,,
"08/31/2024","Queens","5","Individuals",,,"187",,,,"242"
"08/31/2024","Queens","4","Individuals",,,,"90",,"152","517"
"08/31/2024","Queens","3","Individuals",,"190",,"162",,"1,921","744"
"08/31/2024","Queens","2","Individuals",,"218",,"244",,"968","291"
"08/31/2024","Queens","1","Individuals",,,"185","92",,"5,772","356"
"08/31/2024","Manhattan","12","Individuals",,,"309",,,,
"08/31/2024","Manhattan","11","Individuals",,,"1,185",,,,"551"
"08/31/2024","Manhattan","10","Individuals",,,"685",,,,"622"
"08/31/2024","Manhattan","9","Individuals",,,"27",,,,"709"
"08/31/2024","Manhattan","8","Individuals",,,"68",,,"536",
"08/31/2024","Manhattan","7","Individuals",,"106","95",,,"973","331"
"08/31/2024","Manhattan","6","Individuals",,,"359",,,"257","584"
"08/31/2024","Manhattan","5","Individuals",,"264","76","43",,"2,177","1,047"
"08/31/2024","Manhattan","4","Individuals",,,"384","198",,"1,381","381"
"08/31/2024","Manhattan","3","Individuals",,,"768","242",,"108","111"
"08/31/2024","Manhattan","2","Individuals",,,,,,"317",
"08/31/2024","Brooklyn","18","Individuals",,"356",,,,"333","860"
"08/31/2024","Brooklyn","17","Individuals",,,,,,"316","1,590"
"08/31/2024","Brooklyn","16","Individuals",,,"646","556",,"831","2,370"
"08/31/2024","Brooklyn","15","Individuals",,,,,,"448","189"
"08/31/2024","Brooklyn","14","Individuals",,,"395",,,"181","92"
"08/31/2024","Brooklyn","13","Individuals",,,,"76",,,"363"
"08/31/2024","Brooklyn","12","Individuals",,,"121",,,,"129"
"08/31/2024","Brooklyn","11","Individuals",,,,,,,
"08/31/2024","Brooklyn","10","Individuals",,,,,,,
"08/31/2024","Brooklyn","9","Individuals",,,"339",,,,"344"
"08/31/2024","Brooklyn","8","Individuals",,,"196","90",,"145","384"
"08/31/2024","Brooklyn","7","Individuals",,,"272","391",,"341","363"
"08/31/2024","Brooklyn","6","Individuals",,"107","682","278",,"399","571"
"08/31/2024","Brooklyn","5","Individuals",,,"1,078","233",,"1,026","524"
"08/31/2024","Brooklyn","4","Individuals",,,"200","133",,,"767"
"08/31/2024","Brooklyn","3","Individuals",,,"364","356",,"486","407"
"08/31/2024","Brooklyn","2","Individuals",,"172","705",,,,"75"
"08/31/2024","Brooklyn","1","Individuals",,"162","1,016",,,"546",
"08/31/2024","Bronx","12","Individuals",,,"497",,,"637","769"
"08/31/2024","Bronx","11","Individuals",,,,,,,
"08/31/2024","Bronx","10","Individuals",,,,,,,"540"
"08/31/2024","Bronx","9","Individuals",,,"262",,,"275","1,568"
"08/31/2024","Bronx","8","Individuals",,,,,,,"183"
"08/31/2024","Bronx","7","Individuals",,,"618",,,"668","418"
"08/31/2024","Bronx","6","Individuals",,,"77",,,"1,112","1,986"
"08/31/2024","Bronx","5","Individuals",,"133","682",,,"156","1,562"
"08/31/2024","Bronx","4","Individuals",,,"428",,,"327","2,122"
"08/31/2024","Bronx","3","Individuals",,,"799","119",,,"1,356"
"08/31/2024","Bronx","2","Individuals",,"143",,,,,"760"
"08/31/2024","Bronx","1","Individuals",,,"526","252",,"238","1,238"
"07/31/2024","Bronx","5","Individuals",,"169","677",,,"155","1,559"
"07/31/2024","Westchester",,"Individuals",,,,,,"145",
"07/31/2024","Staten Island","3","Individuals",,,,,,,
"07/31/2024","Staten Island","2","Individuals",,,"45",,,"654",
"07/31/2024","Staten Island","1","Individuals",,,"75","53",,"53","390"
"07/31/2024","Queens","14","Individuals",,"210","107",,,"559","169"
"07/31/2024","Queens","13","Individuals",,,"135","608",,"541","793"
"07/31/2024","Queens","12","Individuals","93","345","257","278",,"7,135","1,348"
"07/31/2024","Queens","11","Individuals",,,"72",,,"168",
"07/31/2024","Queens","10","Individuals",,,"167","159",,"625",
"07/31/2024","Queens","9","Individuals",,,"107",,,,
"07/31/2024","Queens","8","Individuals",,,"170",,,"175","282"
"07/31/2024","Queens","7","Individuals",,,"328",,,"86",
"07/31/2024","Queens","6","Individuals",,,"61",,,,
"07/31/2024","Queens","5","Individuals",,,"198",,,,"240"
"07/31/2024","Queens","4","Individuals",,,,"90",,"145","510"
"07/31/2024","Queens","3","Individuals",,"164",,"161",,"1,972","730"
"07/31/2024","Queens","2","Individuals",,"240",,"230",,"1,009","297"
"07/31/2024","Queens","1","Individuals",,,"183","98",,"5,611","344"
"07/31/2024","Manhattan","12","Individuals",,,"308",,,,
"07/31/2024","Manhattan","11","Individuals",,,"1,203",,,,"534"
"07/31/2024","Manhattan","10","Individuals",,,"692",,,,"592"
"07/31/2024","Manhattan","9","Individuals",,,"25",,,,"694"
"07/31/2024","Manhattan","8","Individuals",,,"69",,,"547",
"07/31/2024","Manhattan","7","Individuals",,"94","98",,,"996","346"
"07/31/2024","Manhattan","6","Individuals",,,"289",,,"251","561"
"07/31/2024","Manhattan","5","Individuals",,"282","77","43",,"2,268","1,014"
"07/31/2024","Manhattan","4","Individuals",,,"386","207",,"1,327","360"
"07/31/2024","Manhattan","3","Individuals",,,"742","233",,"109","110"
"07/31/2024","Manhattan","2","Individuals",,,,,,"337",
"07/31/2024","Bronx","4","Individuals",,,"425",,,"332","2,124"
"07/31/2024","Bronx","3","Individuals",,,"787","126",,,"1,292"
"07/31/2024","Bronx","2","Individuals",,"145",,,,,"752"
"07/31/2024","Manhattan","1","Individuals",,,,,,"620",
"07/31/2024","Brooklyn","18","Individuals",,"349",,,,"332","843"
"07/31/2024","Brooklyn","17","Individuals",,,,,,"322","1,596"
"07/31/2024","Brooklyn","16","Individuals",,,"658","560",,"825","2,314"
"07/31/2024","Brooklyn","15","Individuals",,,,,,"450","204"
"07/31/2024","Brooklyn","14","Individuals",,,"372",,,"170","91"
"07/31/2024","Brooklyn","13","Individuals",,,,"76",,,"363"
"07/31/2024","Brooklyn","12","Individuals",,,"124",,,,"141"
"07/31/2024","Brooklyn","11","Individuals",,,,,,,
"07/31/2024","Brooklyn","10","Individuals",,,,,,,
"07/31/2024","Brooklyn","9","Individuals",,,"314",,,,"348"
"07/31/2024","Brooklyn","8","Individuals",,,"141","87",,"138","355"
"07/31/2024","Brooklyn","7","Individuals",,,"266","504",,"350","332"
"07/31/2024","Brooklyn","6","Individuals",,"97","407","277",,"424","571"
"07/31/2024","Brooklyn","5","Individuals",,,"1,027","236",,"1,021","516"
"07/31/2024","Brooklyn","4","Individuals",,,"196","138",,,"782"
"07/31/2024","Brooklyn","3","Individuals",,,"357","311",,"505","418"
"07/31/2024","Brooklyn","2","Individuals",,"152","689",,,,"71"
"07/31/2024","Brooklyn","1","Individuals",,"156","1,049",,,"555",
"07/31/2024","Bronx","12","Individuals",,,"493",,,"632","655"
"07/31/2024","Bronx","1","Individuals",,,"521","245",,"241","1,215"
"07/31/2024","Bronx","11","Individuals",,,,,,,
"07/31/2024","Bronx","10","Individuals",,,,,,,"561"
"07/31/2024","Bronx","9","Individuals",,,"264",,,"315","1,548"
"07/31/2024","Bronx","8","Individuals",,,,,,,"180"
"07/31/2024","Bronx","7","Individuals",,,"620",,,"656","434"
"07/31/2024","Bronx","6","Individuals",,,"69",,,"1,225","2,014"
"06/30/2024","Queens","3","Individuals",,"164",,"161",,"1,988","743"
"06/30/2024","Westchester",,"Individuals",,,,,,"177",
"06/30/2024","Staten Island","3","Individuals",,,,,,,
"06/30/2024","Staten Island","2","Individuals",,,,,,"684",
"06/30/2024","Staten Island","1","Individuals",,,"66","81",,"66","339"
"06/30/2024","Queens","14","Individuals",,"198","106",,,"538","167"
"06/30/2024","Queens","13","Individuals",,,"136","649",,"536","803"
"06/30/2024","Queens","12","Individuals","66","363","256","305",,"7,115","1,333"
"06/30/2024","Queens","11","Individuals",,,"71",,,"174",
"06/30/2024","Queens","10","Individuals",,,"171","156",,"630",
"06/30/2024","Queens","9","Individuals",,,"106",,,,
"06/30/2024","Queens","8","Individuals",,,"166",,,"182","276"
"06/30/2024","Queens","7","Individuals",,,"327",,,"86",
"06/30/2024","Queens","6","Individuals",,,"70",,,,
"06/30/2024","Queens","5","Individuals",,,"193",,,,"246"
"06/30/2024","Queens","4","Individuals",,,,"86",,"149","514"
"06/30/2024","Queens","2","Individuals",,"245",,"244",,"1,003","292"
"06/30/2024","Queens","1","Individuals",,,"194","131",,"5,590","352"
"06/30/2024","Manhattan","12","Individuals",,,"310",,,,
"06/30/2024","Manhattan","11","Individuals",,,"1,176",,,,"502"
"06/30/2024","Manhattan","10","Individuals",,,"691",,,,"588"
"06/30/2024","Manhattan","9","Individuals",,,"30",,,,"690"
"06/30/2024","Manhattan","8","Individuals",,,"69",,,"557",
"06/30/2024","Manhattan","7","Individuals",,"116","96",,,"1,000","334"
"06/30/2024","Manhattan","6","Individuals",,,"295",,,"246","512"
"06/30/2024","Manhattan","5","Individuals",,"292","75","44",,"2,552","1,019"
"06/30/2024","Manhattan","4","Individuals",,,"381","204",,"1,345","354"
"06/30/2024","Manhattan","3","Individuals",,,"768","236",,"112","101"
"06/30/2024","Manhattan","2","Individuals",,,,,,"337",
"06/30/2024","Manhattan","1","Individuals",,,,,,"620",
"06/30/2024","Brooklyn","18","Individuals",,"356",,,,"317","842"
"06/30/2024","Brooklyn","17","Individuals",,,,,,"322","1,584"
"06/30/2024","Brooklyn","16","Individuals",,,"630","554",,"825","2,341"
"06/30/2024","Brooklyn","15","Individuals",,,,,,"430","191"
"06/30/2024","Brooklyn","14","Individuals",,,"389",,,"168","89"
"06/30/2024","Brooklyn","13","Individuals",,,,"74",,,"377"
"06/30/2024","Brooklyn","12","Individuals",,,"127",,,,"130"
"06/30/2024","Brooklyn","11","Individuals",,,,,,,
"06/30/2024","Brooklyn","10","Individuals",,,,,,,
"06/30/2024","Brooklyn","9","Individuals",,,"345",,,,"318"
"06/30/2024","Brooklyn","8","Individuals",,,"157","90",,"146","326"
"06/30/2024","Brooklyn","7","Individuals",,,"263","508",,"345","329"
"06/30/2024","Brooklyn","6","Individuals",,"109","529","273",,"436","545"
"06/30/2024","Brooklyn","5","Individuals",,,"941","239",,"1,014","501"
"06/30/2024","Brooklyn","4","Individuals",,,"197","125",,,"787"
"06/30/2024","Brooklyn","3","Individuals",,,"365","356",,"490","421"
"06/30/2024","Brooklyn","2","Individuals",,"93","731",,,,"66"
"06/30/2024","Brooklyn","1","Individuals",,"150","1,012",,,"539",
"06/30/2024","Bronx","12","Individuals",,,"485",,,"660","528"
"06/30/2024","Bronx","11","Individuals",,,,,,,
"06/30/2024","Bronx","10","Individuals",,,,,,,"525"
"06/30/2024","Bronx","9","Individuals",,,"263",,,"313","1,532"
"06/30/2024","Bronx","8","Individuals",,,,,,,"190"
"06/30/2024","Bronx","7","Individuals",,,"570",,,"669","439"
"06/30/2024","Bronx","6","Individuals",,,"43",,,"1,165","2,008"
"06/30/2024","Bronx","5","Individuals",,"196","669",,,"156","1,567"
"06/30/2024","Bronx","4","Individuals",,,"423",,,"323","2,115"
"06/30/2024","Bronx","3","Individuals",,,"784","122",,,"1,335"
"06/30/2024","Bronx","2","Individuals",,"147",,,,,"751"
"06/30/2024","Bronx","1","Individuals",,,"519","242",,"222","1,237"
"05/31/2024","Bronx","1","Individuals",,,"516","248",,"234","1,237"
"05/31/2024","Westchester",,"Individuals",,,,,,"210",
"05/31/2024","Staten Island","3","Individuals",,,,,,,
"05/31/2024","Staten Island","2","Individuals",,,,,,"693",
"05/31/2024","Staten Island","1","Individuals",,,"67","94",,"59","327"
"05/31/2024","Queens","14","Individuals",,"219","103",,,"525","174"
"05/31/2024","Queens","13","Individuals",,,"136","680",,"504","801"
"05/31/2024","Queens","12","Individuals","68","360","255","321",,"6,029","2,149"
"05/31/2024","Queens","11","Individuals",,,"74",,,"176",
"05/31/2024","Queens","10","Individuals",,,"174","148",,"591",
"05/31/2024","Queens","9","Individuals",,,"111",,,,
"05/31/2024","Queens","8","Individuals",,,"171",,,"173","298"
"05/31/2024","Queens","7","Individuals",,,"328",,,"83",
"05/31/2024","Queens","6","Individuals",,,"49",,,,
"05/31/2024","Queens","5","Individuals",,,"190",,,,"227"
"05/31/2024","Queens","4","Individuals",,,,"88",,"143","507"
"05/31/2024","Queens","3","Individuals",,"168",,"164",,"1,961","760"
"05/31/2024","Queens","2","Individuals",,"239",,"175",,"1,001","268"
"05/31/2024","Queens","1","Individuals",,,"194","134",,"5,201","665"
"05/31/2024","Manhattan","12","Individuals",,,"357",,,,
"05/31/2024","Manhattan","11","Individuals",,,"1,158",,,,"501"
"05/31/2024","Manhattan","10","Individuals",,,"684",,,,"589"
"05/31/2024","Manhattan","9","Individuals",,,"30",,,,"680"
"05/31/2024","Manhattan","8","Individuals",,,"68",,,"560",
"05/31/2024","Manhattan","7","Individuals",,"120","96",,,"1,000","330"
"05/31/2024","Manhattan","6","Individuals",,,"413",,,"252","503"
"05/31/2024","Manhattan","5","Individuals",,"288","75","45",,"2,470","1,028"
"05/31/2024","Manhattan","4","Individuals",,,"385","208",,"1,269","357"
"05/31/2024","Manhattan","3","Individuals",,,"767","235",,"112","106"
"05/31/2024","Manhattan","2","Individuals",,,,,,"338",
"05/31/2024","Manhattan","1","Individuals",,,,,,"595",
"05/31/2024","Brooklyn","18","Individuals",,"364",,,,"195","1,001"
"05/31/2024","Brooklyn","17","Individuals",,,,,,"305","1,546"
"05/31/2024","Brooklyn","16","Individuals",,,"622","544",,"798","2,250"
"05/31/2024","Brooklyn","15","Individuals",,,,,,"144","468"
"05/31/2024","Brooklyn","14","Individuals",,,"394",,,"173","77"
"05/31/2024","Brooklyn","13","Individuals",,,,"74",,,"365"
"05/31/2024","Brooklyn","12","Individuals",,,"121",,,,"127"
"05/31/2024","Brooklyn","11","Individuals",,,,,,,
"05/31/2024","Brooklyn","10","Individuals",,,,,,,
"05/31/2024","Brooklyn","9","Individuals",,,"350",,,,"324"
"05/31/2024","Brooklyn","8","Individuals",,,"232","90",,"148","310"
"05/31/2024","Brooklyn","7","Individuals",,,"271","491",,"346","330"
"05/31/2024","Brooklyn","6","Individuals",,"103","662","277",,"601","509"
"05/31/2024","Brooklyn","5","Individuals",,,"903","236",,"1,000","473"
"05/31/2024","Brooklyn","4","Individuals",,,"199","125",,,"784"
"05/31/2024","Brooklyn","3","Individuals",,,"358","327",,"477","437"
"05/31/2024","Brooklyn","2","Individuals",,"72","706",,,,"67"
"05/31/2024","Brooklyn","1","Individuals",,"150","1,069",,,"538",
"05/31/2024","Bronx","12","Individuals",,,"504",,,"618","532"
"05/31/2024","Bronx","11","Individuals",,,,,,,
"05/31/2024","Bronx","10","Individuals",,,,,,,"525"
"05/31/2024","Bronx","9","Individuals",,,"265",,,"302","1,366"
"05/31/2024","Bronx","8","Individuals",,,,,,,"185"
"05/31/2024","Bronx","7","Individuals",,,"594",,,"654","439"
"05/31/2024","Bronx","6","Individuals",,,"51",,,"1,158","1,962"
"05/31/2024","Bronx","5","Individuals",,"197","682",,,,"1,845"
"05/31/2024","Bronx","4","Individuals",,,"417",,,"324","2,120"
"05/31/2024","Bronx","3","Individuals",,,"736","124",,,"1,289"
"05/31/2024","Bronx","2","Individuals",,"144",,,,,"789"
"04/30/2024","Manhattan","1","Individuals",,,,,,"619",
"04/30/2024","Westchester",,"Individuals",,,,,,"215",
"04/30/2024","Staten Island","3","Individuals",,,,,,,
"04/30/2024","Staten Island","2","Individuals",,,,,,"688",
"04/30/2024","Staten Island","1","Individuals",,,"69","71",,"60","316"
"04/30/2024","Queens","14","Individuals",,"227","103",,,"330","164"
"04/30/2024","Queens","13","Individuals",,,"135","713",,"503","817"
"04/30/2024","Queens","12","Individuals","51","367","254","368",,"5,830","2,199"
"04/30/2024","Queens","11","Individuals",,,"72",,,"179",
"04/30/2024","Queens","10","Individuals",,,"173","155",,"611",
"04/30/2024","Queens","9","Individuals",,,"110",,,,
"04/30/2024","Queens","8","Individuals",,,"170",,,"170","294"
"04/30/2024","Queens","7","Individuals",,,"332",,,"79",
"04/30/2024","Queens","6","Individuals",,,,,,,
"04/30/2024","Queens","5","Individuals",,,"196",,,,"228"
"04/30/2024","Queens","4","Individuals",,,,"89",,"126","541"
"04/30/2024","Queens","3","Individuals",,"160",,"164",,"1,918","790"
"04/30/2024","Queens","2","Individuals",,"237",,"103",,"979","300"
"04/30/2024","Queens","1","Individuals",,,"193","142",,"5,163","709"
"04/30/2024","Manhattan","12","Individuals",,,"391",,,,
"04/30/2024","Manhattan","11","Individuals",,,"1,183",,,,"508"
"04/30/2024","Manhattan","10","Individuals",,,"688",,,,"578"
"04/30/2024","Manhattan","9","Individuals",,,"28",,,,"707"
"04/30/2024","Manhattan","8","Individuals",,,"70",,,"556",
"04/30/2024","Manhattan","7","Individuals",,"130","88",,,"963","347"
"04/30/2024","Manhattan","6","Individuals",,,"469",,,"247","532"
"04/30/2024","Manhattan","5","Individuals",,"269","79","44",,"2,433","1,035"
"04/30/2024","Manhattan","4","Individuals",,,"382","212",,"1,334","357"
"04/30/2024","Manhattan","3","Individuals",,,"777","234",,"101","99"
"04/30/2024","Manhattan","2","Individuals",,,,,,"308",
"04/30/2024","Brooklyn","18","Individuals",,"358",,,,"193","1,005"
"04/30/2024","Brooklyn","17","Individuals",,,,,,"281","1,564"
"04/30/2024","Brooklyn","16","Individuals",,,"636","546",,"814","2,331"
"04/30/2024","Brooklyn","15","Individuals",,,,,,"129","471"
"04/30/2024","Brooklyn","14","Individuals",,,"390",,,"173","74"
"04/30/2024","Brooklyn","13","Individuals",,,,"74",,,"396"
"04/30/2024","Brooklyn","12","Individuals",,,"126",,,,"135"
"04/30/2024","Brooklyn","11","Individuals",,,,,,,
"04/30/2024","Brooklyn","10","Individuals",,,,,,,
"04/30/2024","Brooklyn","9","Individuals",,,"345",,,,"341"
"04/30/2024","Brooklyn","8","Individuals",,,"399","89",,"141","313"
"04/30/2024","Brooklyn","7","Individuals",,,"275","501",,"359","331"
"04/30/2024","Brooklyn","6","Individuals",,"95","684","281",,"636","519"
"04/30/2024","Brooklyn","5","Individuals",,,"850","231",,"994","513"
"04/30/2024","Brooklyn","4","Individuals",,,"196","124",,,"801"
"04/30/2024","Brooklyn","3","Individuals",,,"360","178",,"471","439"
"04/30/2024","Brooklyn","2","Individuals",,"57","706",,,,"72"
"04/30/2024","Brooklyn","1","Individuals",,"148","1,080",,,"538",
"04/30/2024","Bronx","12","Individuals",,,"490",,,"637","556"
"04/30/2024","Bronx","11","Individuals",,,,,,,
"04/30/2024","Bronx","10","Individuals",,,,,,,"533"
"04/30/2024","Bronx","9","Individuals",,,"263",,,"297","1,279"
"04/30/2024","Bronx","8","Individuals",,,,,,,"203"
"04/30/2024","Bronx","7","Individuals",,,"510",,,"625","438"
"04/30/2024","Bronx","6","Individuals",,,"52",,,"1,157","1,988"
"04/30/2024","Bronx","5","Individuals",,"194","681",,,,"1,856"
"04/30/2024","Bronx","4","Individuals",,,"429",,,"330","2,134"
"04/30/2024","Bronx","3","Individuals",,,"740","124",,,"1,275"
"04/30/2024","Bronx","2","Individuals",,"148",,,,,"795"
"04/30/2024","Bronx","1","Individuals",,,"523","253",,"240","1,239"
"03/31/2024","Manhattan","1","Individuals",,,,,,"586",
"03/31/2024","Westchester",,"Individuals",,,,,,"235",
"03/31/2024","Staten Island","3","Individuals",,,,,,,
"03/31/2024","Staten Island","2","Individuals",,,,,,"700",
"03/31/2024","Staten Island","1","Individuals",,,"75","63",,"60","286"
"03/31/2024","Queens","14","Individuals",,"295","101",,,"338","172"
"03/31/2024","Queens","13","Individuals",,,"133","711",,"490","837"
"03/31/2024","Queens","12","Individuals","52","481","254","183",,"4,707","2,245"
"03/31/2024","Queens","11","Individuals",,,"73",,,"180",
"03/31/2024","Queens","10","Individuals",,,"171","159",,"664",
"03/31/2024","Queens","9","Individuals",,,"112",,,,
"03/31/2024","Queens","8","Individuals",,,"170",,,"176","304"
"03/31/2024","Queens","7","Individuals",,,"324",,,"93",
"03/31/2024","Queens","6","Individuals",,,,,,,
"03/31/2024","Queens","5","Individuals",,,"396",,,,"255"
"03/31/2024","Queens","4","Individuals",,,,"89",,"125","521"
"03/31/2024","Queens","3","Individuals",,"130",,"163",,"1,947","821"
"03/31/2024","Queens","2","Individuals",,"267",,"115",,"996","288"
"03/31/2024","Queens","1","Individuals",,,"192","126",,"5,084","727"
"03/31/2024","Manhattan","12","Individuals",,,"380",,,,
"03/31/2024","Manhattan","11","Individuals",,,"1,198",,,,"512"
"03/31/2024","Manhattan","10","Individuals",,,"692",,,,"569"
"03/31/2024","Manhattan","9","Individuals",,,"28",,,,"747"
"03/31/2024","Manhattan","8","Individuals",,,"70",,,"538",
"03/31/2024","Manhattan","7","Individuals",,"154","95",,,"949","526"
"03/31/2024","Manhattan","6","Individuals",,,"410",,,"247","507"
"03/31/2024","Manhattan","5","Individuals",,"297","75","43",,"2,469","1,006"
"03/31/2024","Manhattan","4","Individuals",,,"381","215",,"1,148","368"
"03/31/2024","Manhattan","3","Individuals",,,"768","234",,"103","105"
"03/31/2024","Manhattan","2","Individuals",,,,,,"319",
"03/31/2024","Brooklyn","18","Individuals",,"354",,,,"193","1,005"
"03/31/2024","Brooklyn","17","Individuals",,,,,,"294","1,565"
"03/31/2024","Brooklyn","16","Individuals",,,"630","535",,"808","2,365"
"03/31/2024","Brooklyn","15","Individuals",,,,,,"137","469"
"03/31/2024","Brooklyn","14","Individuals",,,"389",,,"170","84"
"03/31/2024","Brooklyn","13","Individuals",,,,"74",,,"405"
"03/31/2024","Brooklyn","12","Individuals",,,"125",,,,"132"
"03/31/2024","Brooklyn","11","Individuals",,,,,,,
"03/31/2024","Brooklyn","10","Individuals",,,,,,,
"03/31/2024","Brooklyn","9","Individuals",,,"363",,,,"361"
"03/31/2024","Brooklyn","8","Individuals",,,"320","85",,"144","314"
"03/31/2024","Brooklyn","7","Individuals",,,"271","578",,"362","333"
"03/31/2024","Brooklyn","6","Individuals",,"93","288","272",,"618","528"
"03/31/2024","Brooklyn","5","Individuals",,,"894","235",,"920","516"
"03/31/2024","Brooklyn","4","Individuals","61",,"199","130",,,"794"
"03/31/2024","Brooklyn","3","Individuals","56",,"363","160",,"474","424"
"03/31/2024","Brooklyn","2","Individuals",,"95","711",,,,"69"
"03/31/2024","Brooklyn","1","Individuals",,"144","1,109",,,"519",
"03/31/2024","Bronx","12","Individuals",,,"491",,,"641","559"
"03/31/2024","Bronx","11","Individuals",,,,,,,
"03/31/2024","Bronx","10","Individuals",,,,,,,"536"
"03/31/2024","Bronx","9","Individuals",,,"266",,,"289","1,173"
"03/31/2024","Bronx","8","Individuals",,,,,,,"213"
"03/31/2024","Bronx","7","Individuals",,,"574",,,"641","441"
"03/31/2024","Bronx","6","Individuals",,,"48",,,"1,183","1,985"
"03/31/2024","Bronx","5","Individuals",,"176","688",,,,"1,833"
"03/31/2024","Bronx","4","Individuals",,,"415",,,"333","2,149"
"03/31/2024","Bronx","3","Individuals",,,"725","117",,,"1,336"
"03/31/2024","Bronx","2","Individuals",,"137",,,,,"834"
"03/31/2024","Bronx","1","Individuals",,,"520","251",,"249","1,206"
"02/29/2024","Bronx","3","Individuals",,,"738","118",,,"1,383"
"02/29/2024","Westchester",,"Individuals",,,,,,"237",
"02/29/2024","Staten Island","3","Individuals",,,,,,,
"02/29/2024","Staten Island","2","Individuals",,,,,,"749",
"02/29/2024","Staten Island","1","Individuals",,,"82","46",,"64","285"
"02/29/2024","Queens","14","Individuals",,"306","105",,,"330","176"
"02/29/2024","Queens","13","Individuals",,,"136","749",,"508","847"
"02/29/2024","Queens","12","Individuals","60","546","268","188",,"5,050","2,246"
"02/29/2024","Queens","11","Individuals",,,"73",,,"183",
"02/29/2024","Queens","10","Individuals",,,"171","156",,"640",
"02/29/2024","Queens","9","Individuals",,,"109",,,,
"02/29/2024","Queens","8","Individuals",,,"174",,,"177","313"
"02/29/2024","Queens","7","Individuals",,,"328",,,"85",
"02/29/2024","Queens","6","Individuals",,,,,,,
"02/29/2024","Queens","5","Individuals",,,"188",,,,"259"
"02/29/2024","Queens","4","Individuals",,,,"89",,"153","525"
"02/29/2024","Queens","3","Individuals",,"182",,"168",,"1,973","857"
"02/29/2024","Queens","2","Individuals",,"304",,"136",,"992","312"
"02/29/2024","Queens","1","Individuals",,,"196","129",,"5,193","725"
"02/29/2024","Manhattan","12","Individuals",,,"373",,,,
"02/29/2024","Manhattan","11","Individuals",,,"1,185",,,,"509"
"02/29/2024","Manhattan","10","Individuals",,,"696",,,,"565"
"02/29/2024","Manhattan","9","Individuals",,,"29",,,,"737"
"02/29/2024","Manhattan","8","Individuals",,,"69",,,"529",
"02/29/2024","Manhattan","7","Individuals",,"160","101",,,"1,003","532"
"02/29/2024","Manhattan","6","Individuals",,,"507",,,"249","449"
"02/29/2024","Manhattan","5","Individuals",,"310","78","48",,"2,644","1,014"
"02/29/2024","Manhattan","4","Individuals",,,"383","224",,"1,349","379"
"02/29/2024","Manhattan","3","Individuals",,,"818","230",,"99","110"
"02/29/2024","Manhattan","2","Individuals",,,,,,"334",
"02/29/2024","Bronx","2","Individuals",,"156",,,,,"835"
"02/29/2024","Bronx","1","Individuals",,,"524","244",,"253","1,245"
"02/29/2024","Manhattan","1","Individuals",,,,,,"617",
"02/29/2024","Brooklyn","18","Individuals",,"362",,,,"194","1,015"
"02/29/2024","Brooklyn","17","Individuals",,,,,,"317","1,547"
"02/29/2024","Brooklyn","16","Individuals",,,"639","536",,"796","2,455"
"02/29/2024","Brooklyn","15","Individuals",,,,,,"147","499"
"02/29/2024","Brooklyn","14","Individuals",,,"391",,,"185","88"
"02/29/2024","Brooklyn","13","Individuals",,,,"73",,,"429"
"02/29/2024","Brooklyn","12","Individuals",,,"121",,,,"142"
"02/29/2024","Brooklyn","11","Individuals",,,,,,,
"02/29/2024","Brooklyn","10","Individuals",,,,,,,
"02/29/2024","Brooklyn","9","Individuals",,,"358",,,,"358"
"02/29/2024","Brooklyn","8","Individuals",,,"306","86",,"140","337"
"02/29/2024","Brooklyn","7","Individuals",,,"275","579",,"356","350"
"02/29/2024","Brooklyn","6","Individuals",,"110","296","281",,"631","537"
"02/29/2024","Brooklyn","5","Individuals",,,"875","238",,"936","522"
"02/29/2024","Brooklyn","4","Individuals","59",,"199","134",,,"777"
"02/29/2024","Brooklyn","3","Individuals","89",,"363","172",,"496","416"
"02/29/2024","Brooklyn","2","Individuals",,"90","704",,,,"75"
"02/29/2024","Brooklyn","1","Individuals",,"164","862",,,"512",
"02/29/2024","Bronx","12","Individuals",,,"492",,,"650","567"
"02/29/2024","Bronx","11","Individuals",,,,,,,
"02/29/2024","Bronx","10","Individuals",,,,,,,"500"
"02/29/2024","Bronx","9","Individuals",,,"265",,,"308","1,166"
"02/29/2024","Bronx","8","Individuals",,,,,,,"204"
"02/29/2024","Bronx","7","Individuals",,,"517",,,"626","457"
"02/29/2024","Bronx","6","Individuals",,,"49",,,"1,219","2,034"
"02/29/2024","Bronx","5","Individuals",,"193","686",,,,"1,845"
"02/29/2024","Bronx","4","Individuals",,,"423",,,"353","2,167"
"01/31/2024","Bronx","1","Individuals",,,"519","233",,"268","1,268"
"01/31/2024","Westchester",,"Individuals",,,,,,"248",
"01/31/2024","Staten Island","3","Individuals",,,,,,,
"01/31/2024","Staten Island","2","Individuals",,,,,,"784",
"01/31/2024","Staten Island","1","Individuals",,,"82","106",,"64","238"
"01/31/2024","Queens","14","Individuals",,"253","106",,,"336","172"
"01/31/2024","Queens","13","Individuals",,,"133","738",,"522","853"
"01/31/2024","Queens","12","Individuals","106","581","274","191",,"5,311","2,285"
"01/31/2024","Queens","11","Individuals",,,"72",,,"182",
"01/31/2024","Queens","10","Individuals",,,"171","131",,"670",
"01/31/2024","Queens","9","Individuals",,,"109",,,,
"01/31/2024","Queens","8","Individuals",,,"173",,,"187","304"
"01/31/2024","Queens","7","Individuals",,,"328",,,"95",
"01/31/2024","Queens","6","Individuals",,,,,,,
"01/31/2024","Queens","5","Individuals",,,"191",,,,"262"
"01/31/2024","Queens","4","Individuals",,,,"90",,"165","536"
"01/31/2024","Queens","3","Individuals",,"236",,"166",,"2,020","850"
"01/31/2024","Queens","2","Individuals",,"291",,"165",,"1,035","303"
"01/31/2024","Queens","1","Individuals",,,"195","139",,"5,473","739"
"01/31/2024","Manhattan","12","Individuals",,,"382",,,,
"01/31/2024","Manhattan","11","Individuals",,,"1,141",,,,"526"
"01/31/2024","Manhattan","10","Individuals",,,"690",,,,"581"
"01/31/2024","Manhattan","9","Individuals",,,"29",,,,"744"
"01/31/2024","Manhattan","8","Individuals",,,"67",,,"539",
"01/31/2024","Manhattan","7","Individuals",,"158","103",,,"1,000","536"
"01/31/2024","Manhattan","6","Individuals",,,"383",,,"237","407"
"01/31/2024","Manhattan","5","Individuals",,"304","77","54",,"2,651","1,035"
"01/31/2024","Manhattan","4","Individuals",,,"383","226",,"1,419","389"
"01/31/2024","Manhattan","3","Individuals",,,"785","235",,"99","110"
"01/31/2024","Manhattan","2","Individuals",,,,,,"326",
"01/31/2024","Manhattan","1","Individuals",,,,,,"642",
"01/31/2024","Brooklyn","18","Individuals",,"363",,,,"198","989"
"01/31/2024","Brooklyn","17","Individuals",,,,,,"319","1,564"
"01/31/2024","Brooklyn","16","Individuals",,,"624","525",,"807","2,394"
"01/31/2024","Brooklyn","15","Individuals",,,,,,"151","499"
"01/31/2024","Brooklyn","14","Individuals",,,"387",,,"191","86"
"01/31/2024","Brooklyn","13","Individuals",,,,"76",,,"430"
"01/31/2024","Brooklyn","12","Individuals",,,"125",,,,"144"
"01/31/2024","Brooklyn","11","Individuals",,,,,,,
"01/31/2024","Brooklyn","10","Individuals",,,,,,,
"01/31/2024","Brooklyn","9","Individuals",,,"331",,,,"357"
"01/31/2024","Brooklyn","8","Individuals",,,"509","85",,"141","351"
"01/31/2024","Brooklyn","7","Individuals",,,"270","592",,"355","348"
"01/31/2024","Brooklyn","6","Individuals",,"108","295","281",,"638","560"
"01/31/2024","Brooklyn","5","Individuals",,,"922","243",,"999","537"
"01/31/2024","Brooklyn","4","Individuals","86",,"199","140",,,"812"
"01/31/2024","Brooklyn","3","Individuals","117",,"667","138",,"513","390"
"01/31/2024","Brooklyn","2","Individuals",,"70","681",,,,"68"
"01/31/2024","Brooklyn","1","Individuals",,"170","1,166",,,"555",
"01/31/2024","Bronx","12","Individuals",,,"499",,,"654","545"
"01/31/2024","Bronx","11","Individuals",,,,,,,
"01/31/2024","Bronx","10","Individuals",,,,,,,"566"
"01/31/2024","Bronx","9","Individuals",,,"264",,,"314","1,166"
"01/31/2024","Bronx","8","Individuals",,,,,,,"200"
"01/31/2024","Bronx","7","Individuals",,,"611",,,"614","451"
"01/31/2024","Bronx","6","Individuals",,,"51",,,"1,237","2,080"
"01/31/2024","Bronx","5","Individuals",,"207","683",,,,"1,883"
"01/31/2024","Bronx","4","Individuals",,,"435",,,"349","2,169"
"01/31/2024","Bronx","3","Individuals",,,"755","128",,,"1,342"
"01/31/2024","Bronx","2","Individuals",,"140",,,,,"848"
"12/31/2023","Manhattan","1","Individuals",,,,,,"665",
"12/31/2023","Westchester",,"Individuals",,,,,,"264",
"12/31/2023","Staten Island","3","Individuals",,,,,,,
"12/31/2023","Staten Island","2","Individuals",,,,,,"799",
"12/31/2023","Staten Island","1","Individuals",,,,"7",,"71","213"
"12/31/2023","Queens","14","Individuals",,"253","100","115",,"341","169"
"12/31/2023","Queens","13","Individuals",,,"136","732",,"518","864"
"12/31/2023","Queens","12","Individuals","114","524","275","194",,"5,237","2,019"
"12/31/2023","Queens","11","Individuals",,,"71",,,"188",
"12/31/2023","Queens","10","Individuals",,,"168","159",,"652",
"12/31/2023","Queens","9","Individuals",,,"109",,,,
"12/31/2023","Queens","8","Individuals",,,"174",,,"192","281"
"12/31/2023","Queens","7","Individuals",,,"329",,,"95",
"12/31/2023","Queens","6","Individuals",,,,,,,
"12/31/2023","Queens","5","Individuals",,,"187",,,,"261"
"12/31/2023","Queens","4","Individuals",,,,"92",,"167","550"
"12/31/2023","Queens","3","Individuals",,"204",,"165",,"2,072","866"
"12/31/2023","Queens","2","Individuals",,"298",,"178",,"1,049","285"
"12/31/2023","Queens","1","Individuals",,,"194","130",,"5,345","947"
"12/31/2023","Manhattan","12","Individuals",,,"368",,,"107",
"12/31/2023","Manhattan","11","Individuals",,,"1,178",,,,"563"
"12/31/2023","Manhattan","10","Individuals",,,"698",,,,"575"
"12/31/2023","Manhattan","9","Individuals",,,"29",,,,"764"
"12/31/2023","Manhattan","8","Individuals",,,"68",,,"563",
"12/31/2023","Manhattan","7","Individuals",,"144","96",,,"748","818"
"12/31/2023","Manhattan","6","Individuals",,,"631",,,"251","367"
"12/31/2023","Manhattan","5","Individuals",,"308","73","50",,"2,748","1,086"
"12/31/2023","Manhattan","4","Individuals",,,"383","231",,"1,420","381"
"12/31/2023","Manhattan","3","Individuals",,,"810","239",,,"205"
"12/31/2023","Manhattan","2","Individuals",,,,,,"345",
"12/31/2023","Brooklyn","18","Individuals",,"332",,,,"202","1,007"
"12/31/2023","Brooklyn","17","Individuals",,,,,,"323","1,511"
"12/31/2023","Brooklyn","16","Individuals",,,"637","513",,"815","2,324"
"12/31/2023","Brooklyn","15","Individuals",,,,,,"146","496"
"12/31/2023","Brooklyn","14","Individuals",,,"382",,,"181","92"
"12/31/2023","Brooklyn","13","Individuals",,,,"73",,,"442"
"12/31/2023","Brooklyn","12","Individuals",,,"123",,,,"141"
"12/31/2023","Brooklyn","11","Individuals",,,,,,,
"12/31/2023","Brooklyn","10","Individuals",,,,,,,
"12/31/2023","Brooklyn","9","Individuals",,,"347",,,,"351"
"12/31/2023","Brooklyn","8","Individuals",,,"255","90",,,"501"
"12/31/2023","Brooklyn","7","Individuals",,,"271","584",,"363","354"
"12/31/2023","Brooklyn","6","Individuals",,"99","287","277",,"642","565"
"12/31/2023","Brooklyn","5","Individuals",,,"891","298",,"742","518"
"12/31/2023","Brooklyn","4","Individuals","107",,"197","133",,,"792"
"12/31/2023","Brooklyn","3","Individuals","162",,"659","153",,"525","397"
"12/31/2023","Brooklyn","2","Individuals",,"88","691",,,,"73"
"12/31/2023","Brooklyn","1","Individuals",,"164","1,136",,,"561",
"12/31/2023","Bronx","12","Individuals",,,"491",,,"559","648"
"12/31/2023","Bronx","11","Individuals",,,,,,,
"12/31/2023","Bronx","10","Individuals",,,,,,,"576"
"12/31/2023","Bronx","9","Individuals",,,"265",,,"330","1,140"
"12/31/2023","Bronx","8","Individuals",,,,,,"104","192"
"12/31/2023","Bronx","7","Individuals",,,"588",,,"645","456"
"12/31/2023","Bronx","6","Individuals",,,"33",,,"1,240","2,044"
"12/31/2023","Bronx","5","Individuals",,"201","681",,,,"1,897"
"12/31/2023","Bronx","4","Individuals",,,"428",,,"351","2,198"
"12/31/2023","Bronx","3","Individuals",,,"682","127",,,"1,334"
"12/31/2023","Bronx","2","Individuals",,"138",,,,,"854"
"12/31/2023","Bronx","1","Individuals",,,"587","192",,"266","1,249"
"11/30/2023","Bronx","2","Individuals",,"132",,,,,"869"
"11/30/2023","Westchester",,"Individuals",,,,,,"257",
"11/30/2023","Staten Island","3","Individuals",,,,,,,
"11/30/2023","Staten Island","2","Individuals",,,,,,"775",
"11/30/2023","Staten Island","1","Individuals",,,,"114",,"73","150"
"11/30/2023","Queens","14","Individuals",,"274","108","117",,"347","177"
"11/30/2023","Queens","13","Individuals",,,"136","764",,"520","866"
"11/30/2023","Queens","12","Individuals","128","547","283","199",,"4,919","1,523"
"11/30/2023","Queens","11","Individuals",,,"60",,,"191",
"11/30/2023","Queens","10","Individuals",,,"174","156",,"668",
"11/30/2023","Queens","9","Individuals",,,"110",,,,
"11/30/2023","Queens","8","Individuals",,,"173",,,"190","307"
"11/30/2023","Queens","7","Individuals",,,"329",,,"95",
"11/30/2023","Queens","6","Individuals",,,,,,,
"11/30/2023","Queens","5","Individuals",,,"227",,,,"265"
"11/30/2023","Queens","4","Individuals",,,,"90",,"166","544"
"11/30/2023","Queens","3","Individuals",,"224",,"169",,"2,077","863"
"11/30/2023","Queens","2","Individuals",,"285",,"181",,"1,038","293"
"11/30/2023","Queens","1","Individuals",,,"195","132",,"5,466","982"
"11/30/2023","Manhattan","12","Individuals",,,"369",,,"106",
"11/30/2023","Manhattan","11","Individuals",,,"1,128",,,,"560"
"11/30/2023","Manhattan","10","Individuals",,,"696",,,,"600"
"11/30/2023","Manhattan","9","Individuals",,,"35",,,,"750"
"11/30/2023","Manhattan","8","Individuals",,,"72",,,"590",
"11/30/2023","Manhattan","7","Individuals",,"146","99",,,"771","868"
"11/30/2023","Manhattan","6","Individuals",,,"868",,,"266","323"
"11/30/2023","Manhattan","5","Individuals",,"306","78","50",,"2,788","1,116"
"11/30/2023","Manhattan","4","Individuals",,,"384","231",,"1,461","368"
"11/30/2023","Manhattan","3","Individuals",,,"833","237",,,"220"
"11/30/2023","Manhattan","2","Individuals",,,,,,"351",
"11/30/2023","Bronx","1","Individuals",,,"626","194",,"266","1,241"
"11/30/2023","Manhattan","1","Individuals",,,,,,"690",
"11/30/2023","Brooklyn","18","Individuals",,"333",,,,"210","995"
"11/30/2023","Brooklyn","17","Individuals",,,,,,"322","1,419"
"11/30/2023","Brooklyn","16","Individuals",,,"635","392",,"934","2,392"
"11/30/2023","Brooklyn","15","Individuals",,,,,,"138","519"
"11/30/2023","Brooklyn","14","Individuals",,,"362",,,"191","83"
"11/30/2023","Brooklyn","13","Individuals",,,,"75",,,"439"
"11/30/2023","Brooklyn","12","Individuals",,,"128",,,,"133"
"11/30/2023","Brooklyn","11","Individuals",,,,,,,
"11/30/2023","Brooklyn","10","Individuals",,,,,,,
"11/30/2023","Brooklyn","9","Individuals",,,"336",,,,"375"
"11/30/2023","Brooklyn","8","Individuals",,,"487","85",,,"520"
"11/30/2023","Brooklyn","7","Individuals",,,"280","596",,"369","364"
"11/30/2023","Brooklyn","6","Individuals",,"106","287","279",,"652","575"
"11/30/2023","Brooklyn","5","Individuals",,,"883","239",,"716","544"
"11/30/2023","Brooklyn","4","Individuals","91",,"195","139",,,"805"
"11/30/2023","Brooklyn","3","Individuals","160",,"697","195",,"531","417"
"11/30/2023","Brooklyn","2","Individuals",,"78","668",,,,"70"
"11/30/2023","Brooklyn","1","Individuals",,"149","1,155",,,"558",
"11/30/2023","Bronx","12","Individuals",,,"503",,,"562","627"
"11/30/2023","Bronx","11","Individuals",,,,,,,
"11/30/2023","Bronx","10","Individuals",,,,,,,"580"
"11/30/2023","Bronx","9","Individuals",,,"266",,,"335","1,196"
"11/30/2023","Bronx","8","Individuals",,,,,,"121","202"
"11/30/2023","Bronx","7","Individuals",,,"626",,,"609","476"
"11/30/2023","Bronx","6","Individuals",,,"51",,,"1,263","2,042"
"11/30/2023","Bronx","5","Individuals",,"201","683",,,,"1,866"
"11/30/2023","Bronx","4","Individuals",,,"430",,,"347","2,198"
"11/30/2023","Bronx","3","Individuals",,,"739","124",,,"1,333"
"10/31/2023","Manhattan","1","Individuals",,,,,,"676",
"10/31/2023","Westchester",,"Individuals",,,,,,"264",
"10/31/2023","Staten Island","3","Individuals",,,,,,,
"10/31/2023","Staten Island","2","Individuals",,,,,,"751",
"10/31/2023","Staten Island","1","Individuals",,,,"92",,"73","153"
"10/31/2023","Queens","14","Individuals",,"293","103","71",,"349","177"
"10/31/2023","Queens","13","Individuals",,,"136","757",,"562","856"
"10/31/2023","Queens","12","Individuals","127","558","285","193",,"4,392","1,422"
"10/31/2023","Queens","11","Individuals",,,"50",,,"184",
"10/31/2023","Queens","10","Individuals",,,"173","168",,"717",
"10/31/2023","Queens","9","Individuals",,,"111",,,,
"10/31/2023","Queens","8","Individuals",,,"171",,,"185","302"
"10/31/2023","Queens","7","Individuals",,,"334",,,"94",
"10/31/2023","Queens","6","Individuals",,,,,,,
"10/31/2023","Queens","5","Individuals",,,"219",,,,"274"
"10/31/2023","Queens","4","Individuals",,,,"90",,"149","540"
"10/31/2023","Queens","3","Individuals",,"234",,"169",,"2,095","871"
"10/31/2023","Queens","2","Individuals",,"298",,"139",,"991","304"
"10/31/2023","Queens","1","Individuals",,,"193","130",,"5,596","972"
"10/31/2023","Manhattan","12","Individuals",,,"362",,,"120",
"10/31/2023","Manhattan","11","Individuals",,,"1,112",,,,"575"
"10/31/2023","Manhattan","10","Individuals",,,"687",,,,"602"
"10/31/2023","Manhattan","9","Individuals",,,"30",,,,"777"
"10/31/2023","Manhattan","8","Individuals",,,"70",,,"595",
"10/31/2023","Manhattan","7","Individuals",,"171","99",,,"772","847"
"10/31/2023","Manhattan","6","Individuals",,,"859",,,"261","337"
"10/31/2023","Manhattan","5","Individuals",,"294","76","50",,"2,881","1,113"
"10/31/2023","Manhattan","4","Individuals",,,"386","237",,"1,458","359"
"10/31/2023","Manhattan","3","Individuals",,,"833","241",,,"218"
"10/31/2023","Manhattan","2","Individuals",,,,,,"366",
"10/31/2023","Brooklyn","18","Individuals",,"333",,,,"212","989"
"10/31/2023","Brooklyn","17","Individuals",,,,,,"334","1,289"
"10/31/2023","Brooklyn","16","Individuals",,,"628","402",,"962","2,472"
"10/31/2023","Brooklyn","15","Individuals",,,,,,"144","529"
"10/31/2023","Brooklyn","14","Individuals",,,"365",,,"188","91"
"10/31/2023","Brooklyn","13","Individuals",,,,"76",,,"447"
"10/31/2023","Brooklyn","12","Individuals",,,"131",,,,"143"
"10/31/2023","Brooklyn","11","Individuals",,,,,,,
"10/31/2023","Brooklyn","10","Individuals",,,,,,,
"10/31/2023","Brooklyn","9","Individuals",,,"353",,,,"395"
"10/31/2023","Brooklyn","8","Individuals",,,"450","89",,,"516"
"10/31/2023","Brooklyn","7","Individuals",,,"279","593",,"376","359"
"10/31/2023","Brooklyn","6","Individuals",,"100","289","134",,"599","554"
"10/31/2023","Brooklyn","5","Individuals",,,"880","238",,"720","545"
"10/31/2023","Brooklyn","4","Individuals","107",,"200","141",,,"824"
"10/31/2023","Brooklyn","3","Individuals","163",,"704","189",,"506","422"
"10/31/2023","Brooklyn","2","Individuals",,"71","730",,,,"78"
"10/31/2023","Brooklyn","1","Individuals",,"157","1,103",,,"554",
"10/31/2023","Bronx","12","Individuals",,,"504",,,"572","632"
"10/31/2023","Bronx","11","Individuals",,,,,,,
"10/31/2023","Bronx","10","Individuals",,,,,,,"585"
"10/31/2023","Bronx","9","Individuals",,,"266",,,"337","1,211"
"10/31/2023","Bronx","8","Individuals",,,,,,"116","211"
"10/31/2023","Bronx","7","Individuals",,,"590",,,"450","489"
"10/31/2023","Bronx","6","Individuals",,,"46",,,"1,274","2,076"
"10/31/2023","Bronx","5","Individuals",,"203","687",,,,"1,907"
"10/31/2023","Bronx","4","Individuals",,,"427",,,"347","2,214"
"10/31/2023","Bronx","3","Individuals",,,"734","125",,,"1,286"
"10/31/2023","Bronx","2","Individuals",,"144",,,,,"882"
"10/31/2023","Bronx","1","Individuals",,,"630","195",,"271","1,270"
"09/30/2023","Manhattan","1","Individuals",,,,,,"691",
"09/30/2023","Westchester",,"Individuals",,,,,,"276",
"09/30/2023","Staten Island","3","Individuals",,,,,,,
"09/30/2023","Staten Island","2","Individuals",,,,,,"624",
"09/30/2023","Staten Island","1","Individuals",,,,,,"74","132"
"09/30/2023","Queens","14","Individuals",,"277","106","75",,"342","175"
"09/30/2023","Queens","13","Individuals",,,"132","808",,"420","854"
"09/30/2023","Queens","12","Individuals","88","525","271","183",,"4,481","1,390"
"09/30/2023","Queens","11","Individuals",,,,,,"187",
"09/30/2023","Queens","10","Individuals",,,"165","147",,"716",
"09/30/2023","Queens","9","Individuals",,,"112",,,,
"09/30/2023","Queens","8","Individuals",,,"172",,,"182","296"
"09/30/2023","Queens","7","Individuals",,,"331",,,"95",
"09/30/2023","Queens","6","Individuals",,,,,,,
"09/30/2023","Queens","5","Individuals",,,"167",,,,"276"
"09/30/2023","Queens","4","Individuals",,,,"239",,,"551"
"09/30/2023","Queens","3","Individuals",,"170",,"166",,"2,021","877"
"09/30/2023","Queens","2","Individuals",,"289",,"149",,"675","279"
"09/30/2023","Queens","1","Individuals",,,"197","135",,"5,289","961"
"09/30/2023","Manhattan","12","Individuals",,,"359",,,"57",
"09/30/2023","Manhattan","11","Individuals",,,"960",,,,"564"
"09/30/2023","Manhattan","10","Individuals",,,"677",,,,"612"
"09/30/2023","Manhattan","9","Individuals",,,"32",,,,"774"
"09/30/2023","Manhattan","8","Individuals",,,"68",,,"581",
"09/30/2023","Manhattan","7","Individuals",,"131","94",,,"770","787"
"09/30/2023","Manhattan","6","Individuals",,,"736",,,"263",
"09/30/2023","Manhattan","5","Individuals",,"291","78","48",,"2,833","1,106"
"09/30/2023","Manhattan","4","Individuals","16",,"384","135",,"1,354","372"
"09/30/2023","Manhattan","3","Individuals",,,"769","220",,,"256"
"09/30/2023","Manhattan","2","Individuals",,,,,,"355",
"09/30/2023","Brooklyn","18","Individuals",,"320",,,,"211","1,013"
"09/30/2023","Brooklyn","17","Individuals",,,,,,"327","1,147"
"09/30/2023","Brooklyn","16","Individuals",,,"625","548",,"657","2,532"
"09/30/2023","Brooklyn","15","Individuals",,,,,,"128","347"
"09/30/2023","Brooklyn","14","Individuals",,,"357",,,"178","92"
"09/30/2023","Brooklyn","13","Individuals",,,,"73",,,"459"
"09/30/2023","Brooklyn","12","Individuals",,,"128",,,,"140"
"09/30/2023","Brooklyn","11","Individuals",,,,,,,
"09/30/2023","Brooklyn","10","Individuals",,,,,,,
"09/30/2023","Brooklyn","9","Individuals",,,"361",,,,"408"
"09/30/2023","Brooklyn","8","Individuals",,,"243","86",,,"535"
"09/30/2023","Brooklyn","7","Individuals",,,"267","583",,"377","383"
"09/30/2023","Brooklyn","6","Individuals",,"76","286","275",,"606","565"
"09/30/2023","Brooklyn","5","Individuals",,,"792","222",,"718","553"
"09/30/2023","Brooklyn","4","Individuals","81",,"199","134",,,"841"
"09/30/2023","Brooklyn","3","Individuals","126",,"654","194",,"525","423"
"09/30/2023","Brooklyn","2","Individuals",,"141","523",,,,"73"
"09/30/2023","Brooklyn","1","Individuals",,"152","924",,,"452",
"09/30/2023","Bronx","12","Individuals",,,"492",,,"571","649"
"09/30/2023","Bronx","11","Individuals",,,,,,,
"09/30/2023","Bronx","10","Individuals",,,,,,,"597"
"09/30/2023","Bronx","9","Individuals",,,"264",,,"324","1,240"
"09/30/2023","Bronx","8","Individuals",,,,,,"114","216"
"09/30/2023","Bronx","7","Individuals",,,"614",,,"448","493"
"09/30/2023","Bronx","6","Individuals",,,"47",,,"1,285","2,115"
"09/30/2023","Bronx","5","Individuals",,"173","686",,,,"1,770"
"09/30/2023","Bronx","4","Individuals",,,"425",,,"338","2,226"
"09/30/2023","Bronx","3","Individuals",,,"686","126",,,"1,298"
"09/30/2023","Bronx","2","Individuals",,"158",,,,,"885"
"09/30/2023","Bronx","1","Individuals",,,"616","190",,"281","1,271"
"08/31/2023","Bronx","3","Individuals",,,"731","127",,,"1,246"
"08/31/2023","Westchester",,"Individuals",,,,,,"225",
"08/31/2023","Staten Island","3","Individuals",,,,,,,
"08/31/2023","Staten Island","2","Individuals",,,,,,"549",
"08/31/2023","Staten Island","1","Individuals",,,,"2",,"60","151"
"08/31/2023","Queens","14","Individuals",,"300","108","87",,"330","178"
"08/31/2023","Queens","13","Individuals",,,"133","927",,"397","854"
"08/31/2023","Queens","12","Individuals","98","532","285","187",,"3,968","1,414"
"08/31/2023","Queens","11","Individuals",,,,,,"177",
"08/31/2023","Queens","10","Individuals",,,"173","159",,"665",
"08/31/2023","Queens","9","Individuals",,,"110",,,,
"08/31/2023","Queens","8","Individuals",,,"172",,,"190","302"
"08/31/2023","Queens","7","Individuals",,,"333",,,"84",
"08/31/2023","Queens","6","Individuals",,,,,,,
"08/31/2023","Queens","5","Individuals",,,"199",,,,"286"
"08/31/2023","Queens","4","Individuals",,,,"239",,,"552"
"08/31/2023","Queens","3","Individuals",,"190",,"166",,"2,042","899"
"08/31/2023","Queens","2","Individuals",,"276",,"140",,"673","297"
"08/31/2023","Queens","1","Individuals",,,"199","135",,"4,991","928"
"08/31/2023","Manhattan","12","Individuals",,,"376",,,"70",
"08/31/2023","Manhattan","11","Individuals",,,"960",,,,"555"
"08/31/2023","Manhattan","10","Individuals",,,"684",,,,"613"
"08/31/2023","Manhattan","9","Individuals",,,"31",,,,"754"
"08/31/2023","Manhattan","8","Individuals",,,"69",,,"581",
"08/31/2023","Manhattan","7","Individuals",,"167","94",,,"721","812"
"08/31/2023","Manhattan","6","Individuals",,,"866",,,"262",
"08/31/2023","Manhattan","5","Individuals",,"290","80","51",,"2,755","1,039"
"08/31/2023","Manhattan","4","Individuals",,,"383","133",,"1,421","350"
"08/31/2023","Manhattan","3","Individuals",,,"669","230",,,"305"
"08/31/2023","Manhattan","2","Individuals",,,,,,"353",
"08/31/2023","Bronx","2","Individuals",,"153",,,,,"878"
"08/31/2023","Bronx","1","Individuals",,,"619","195",,"246","1,257"
"08/31/2023","Manhattan","1","Individuals",,,,,,"124",
"08/31/2023","Brooklyn","18","Individuals",,"344",,,,"200","985"
"08/31/2023","Brooklyn","17","Individuals",,,,,,"321","1,122"
"08/31/2023","Brooklyn","16","Individuals",,,"612","555",,"548","2,580"
"08/31/2023","Brooklyn","15","Individuals",,,,,,"138","335"
"08/31/2023","Brooklyn","14","Individuals",,,"366",,,"190","88"
"08/31/2023","Brooklyn","13","Individuals",,,,"75",,,"452"
"08/31/2023","Brooklyn","12","Individuals",,,"132",,,,"144"
"08/31/2023","Brooklyn","11","Individuals",,,,,,,
"08/31/2023","Brooklyn","10","Individuals",,,,,,,
"08/31/2023","Brooklyn","9","Individuals",,,"142",,,,"422"
"08/31/2023","Brooklyn","8","Individuals",,,"175","90",,,"508"
"08/31/2023","Brooklyn","7","Individuals",,,"276","608",,"369","373"
"08/31/2023","Brooklyn","6","Individuals",,"81","283","282",,"449","573"
"08/31/2023","Brooklyn","5","Individuals",,,"827","247",,"530","554"
"08/31/2023","Brooklyn","4","Individuals","100",,"198","137",,,"824"
"08/31/2023","Brooklyn","3","Individuals","140",,"665","196",,"507","348"
"08/31/2023","Brooklyn","2","Individuals",,"161","496",,,,"75"
"08/31/2023","Brooklyn","1","Individuals",,"164","1,053","26",,"460",
"08/31/2023","Bronx","12","Individuals",,,"493",,,"569","527"
"08/31/2023","Bronx","11","Individuals",,,,,,,
"08/31/2023","Bronx","10","Individuals",,,,,,,"591"
"08/31/2023","Bronx","9","Individuals",,,"266",,,"334","1,245"
"08/31/2023","Bronx","8","Individuals",,,,,,"66","222"
"08/31/2023","Bronx","7","Individuals",,,"616",,,"459","488"
"08/31/2023","Bronx","6","Individuals",,,"51",,,"1,179","2,089"
"08/31/2023","Bronx","5","Individuals",,"181","688",,,,"1,750"
"08/31/2023","Bronx","4","Individuals",,,"431",,,"306","2,186"
"07/31/2023","Bronx","6","Individuals","88",,"48","83",,"1,012","2,067"
"07/31/2023","Westchester",,"Individuals",,,,,,"259",
"07/31/2023","Staten Island","3","Individuals",,,,,,,
"07/31/2023","Staten Island","2","Individuals",,,,,,"569",
"07/31/2023","Staten Island","1","Individuals","9",,,"112",,,"143"
"07/31/2023","Queens","14","Individuals",,"305","105","88",,"326","176"
"07/31/2023","Queens","13","Individuals",,,"132","900",,"393","847"
"07/31/2023","Queens","12","Individuals","139","563","282","650",,"2,689","1,384"
"07/31/2023","Queens","11","Individuals",,,,,,"181",
"07/31/2023","Queens","10","Individuals",,,"173","161",,"688",
"07/31/2023","Queens","9","Individuals",,,"112",,,,
"07/31/2023","Queens","8","Individuals",,,"172",,,"192","291"
"07/31/2023","Queens","7","Individuals",,,"331",,,"91",
"07/31/2023","Queens","6","Individuals",,,,,,,
"07/31/2023","Queens","5","Individuals",,,"224",,,,"287"
"07/31/2023","Queens","4","Individuals",,,,"236",,,"551"
"07/31/2023","Queens","3","Individuals",,"198",,"161",,"1,963","882"
"07/31/2023","Queens","2","Individuals",,"296",,"148",,"682","281"
"07/31/2023","Queens","1","Individuals","141",,"195","137",,"5,000","597"
"07/31/2023","Manhattan","12","Individuals",,,"422",,,"100",
"07/31/2023","Manhattan","11","Individuals",,,"999",,,,"535"
"07/31/2023","Manhattan","10","Individuals",,,"681",,,,"619"
"07/31/2023","Manhattan","9","Individuals",,,"32",,,,"772"
"07/31/2023","Manhattan","8","Individuals",,,"61",,,"600",
"07/31/2023","Manhattan","7","Individuals",,"160","94",,,"802","838"
"07/31/2023","Manhattan","6","Individuals",,,"883",,,"247",
"07/31/2023","Manhattan","5","Individuals",,"292","77","52",,"2,896","369"
"07/31/2023","Manhattan","4","Individuals","102",,"384","136",,"1,223","337"
"07/31/2023","Manhattan","3","Individuals",,"63","578","192",,,"206"
"07/31/2023","Manhattan","2","Individuals",,,,,,"360",
"07/31/2023","Manhattan","1","Individuals","535",,,,,,
"07/31/2023","Brooklyn","18","Individuals",,"347",,,,"210","993"
"07/31/2023","Brooklyn","17","Individuals",,,,,,"319","1,098"
"07/31/2023","Brooklyn","16","Individuals","99",,"638","737",,"382","2,570"
"07/31/2023","Brooklyn","15","Individuals",,,,,,"136","346"
"07/31/2023","Brooklyn","14","Individuals",,,"357",,,"196","86"
"07/31/2023","Brooklyn","13","Individuals",,,,"76",,,"457"
"07/31/2023","Brooklyn","12","Individuals",,,"126",,,,"140"
"07/31/2023","Brooklyn","11","Individuals",,,,,,,
"07/31/2023","Brooklyn","10","Individuals",,,,,,,
"07/31/2023","Brooklyn","9","Individuals",,,"310",,,,"398"
"07/31/2023","Brooklyn","8","Individuals",,,"475","90",,,"388"
"07/31/2023","Brooklyn","7","Individuals",,,"270","608",,"371","379"
"07/31/2023","Brooklyn","6","Individuals","92","87","296","279",,"369","564"
"07/31/2023","Brooklyn","5","Individuals","88",,"838","437",,"332","557"
"07/31/2023","Brooklyn","4","Individuals","96",,"198","121",,,"823"
"07/31/2023","Brooklyn","3","Individuals","160",,"695","203",,"484","427"
"07/31/2023","Brooklyn","2","Individuals",,"172","480",,,,"79"
"07/31/2023","Brooklyn","1","Individuals",,"160","1,032","45",,"452",
"07/31/2023","Bronx","12","Individuals",,,"500",,,"563","427"
"07/31/2023","Bronx","11","Individuals",,,,,,,
"07/31/2023","Bronx","10","Individuals",,,,,,,"580"
"07/31/2023","Bronx","9","Individuals",,,"264",,,"333","1,227"
"07/31/2023","Bronx","8","Individuals",,,,"85",,,"216"
"07/31/2023","Bronx","7","Individuals",,,"619",,,"435","474"
"07/31/2023","Bronx","5","Individuals",,"188","688",,,,"1,766"
"07/31/2023","Bronx","4","Individuals",,,"410","117",,"151","2,221"
"07/31/2023","Bronx","3","Individuals",,,"737","126",,,"1,247"
"07/31/2023","Bronx","2","Individuals",,"151",,,,,"886"
"07/31/2023","Bronx","1","Individuals",,,"629","196",,"276","1,161"
"06/30/2023","Manhattan","1","Individuals","540",,,,,,
"06/30/2023","Westchester",,"Individuals",,,,,,"250",
"06/30/2023","Staten Island","3","Individuals",,,,,,,
"06/30/2023","Staten Island","2","Individuals",,,,,,"568",
"06/30/2023","Staten Island","1","Individuals","52",,,"52",,,"139"
"06/30/2023","Queens","14","Individuals",,"287","100","100",,"326","170"
"06/30/2023","Queens","13","Individuals",,,"135","922",,"392","867"
"06/30/2023","Queens","12","Individuals","157","562","287","881",,"2,475","1,439"
"06/30/2023","Queens","11","Individuals",,,,,,"181",
"06/30/2023","Queens","10","Individuals",,,"174","151",,"693",
"06/30/2023","Queens","9","Individuals",,,"108",,,,
"06/30/2023","Queens","8","Individuals",,,"173",,,"185","304"
"06/30/2023","Queens","7","Individuals",,,"330",,,,
"06/30/2023","Queens","6","Individuals",,,,,,,
"06/30/2023","Queens","5","Individuals",,,"199",,,,"285"
"06/30/2023","Queens","4","Individuals",,,,"243",,,"545"
"06/30/2023","Queens","3","Individuals",,"222",,"169",,"1,929","886"
"06/30/2023","Queens","2","Individuals",,"289",,"188",,"477","291"
"06/30/2023","Queens","1","Individuals","135",,"193","120",,"5,163","611"
"06/30/2023","Manhattan","12","Individuals",,,"413",,,"106",
"06/30/2023","Manhattan","11","Individuals",,,"930",,,,"533"
"06/30/2023","Manhattan","10","Individuals",,,"681",,,,"630"
"06/30/2023","Manhattan","9","Individuals",,,"27",,,,"745"
"06/30/2023","Manhattan","8","Individuals",,,"58",,,"584",
"06/30/2023","Manhattan","7","Individuals",,"174","92",,,"798","816"
"06/30/2023","Manhattan","6","Individuals",,,"799",,,"249",
"06/30/2023","Manhattan","5","Individuals",,"300","76","52",,"2,914","353"
"06/30/2023","Manhattan","4","Individuals","250",,"382","129",,"1,190","354"
"06/30/2023","Manhattan","3","Individuals",,"72","516","189",,,"234"
"06/30/2023","Manhattan","2","Individuals",,,,,,"364",
"06/30/2023","Brooklyn","18","Individuals",,"315",,,,"209","983"
"06/30/2023","Brooklyn","17","Individuals",,,,"113",,"201","1,101"
"06/30/2023","Brooklyn","16","Individuals","93",,"613","718",,"374","2,444"
"06/30/2023","Brooklyn","15","Individuals",,,,,,,"363"
"06/30/2023","Brooklyn","14","Individuals",,,"346",,,"194","87"
"06/30/2023","Brooklyn","13","Individuals",,,,"76",,,"458"
"06/30/2023","Brooklyn","12","Individuals",,,"130",,,,"131"
"06/30/2023","Brooklyn","11","Individuals",,,,,,,
"06/30/2023","Brooklyn","10","Individuals",,,,,,,
"06/30/2023","Brooklyn","9","Individuals",,,"359",,,,"405"
"06/30/2023","Brooklyn","8","Individuals",,,"273","90",,,"376"
"06/30/2023","Brooklyn","7","Individuals",,,"263","613",,"352","377"
"06/30/2023","Brooklyn","6","Individuals","92","94","285","403",,"318","570"
"06/30/2023","Brooklyn","5","Individuals","78",,"773","436",,"336","572"
"06/30/2023","Brooklyn","4","Individuals","104",,"196","129",,,"853"
"06/30/2023","Brooklyn","3","Individuals","151",,"560","198",,"516","420"
"06/30/2023","Brooklyn","2","Individuals",,"168","490",,,,"70"
"06/30/2023","Brooklyn","1","Individuals",,"160","988","45",,"355",
"06/30/2023","Bronx","12","Individuals",,,"585",,,"567","367"
"06/30/2023","Bronx","11","Individuals",,,,,,,
"06/30/2023","Bronx","10","Individuals",,,,,,,"568"
"06/30/2023","Bronx","9","Individuals",,,"261",,,"319","1,231"
"06/30/2023","Bronx","8","Individuals",,,,"91",,,"217"
"06/30/2023","Bronx","7","Individuals",,,"619",,,"222","476"
"06/30/2023","Bronx","6","Individuals","70",,"50","160",,"997","2,067"
"06/30/2023","Bronx","5","Individuals",,"193","681",,,,"1,703"
"06/30/2023","Bronx","4","Individuals",,,"420","119",,"148","2,262"
"06/30/2023","Bronx","3","Individuals",,,"732","124",,,"1,223"
"06/30/2023","Bronx","2","Individuals",,"150",,,,,"899"
"06/30/2023","Bronx","1","Individuals",,,"621","185",,"275","1,092"
"05/31/2023","Bronx","2","Individuals",,"162",,,,,"930"
"05/31/2023","Westchester",,"Individuals",,,,,,"145",
"05/31/2023","Staten Island","3","Individuals",,,,,,,
"05/31/2023","Staten Island","2","Individuals",,,,,,"563",
"05/31/2023","Staten Island","1","Individuals","56",,,"56",,,"143"
"05/31/2023","Queens","14","Individuals",,"307","106","377",,,"170"
"05/31/2023","Queens","13","Individuals",,,"134","910",,"407","859"
"05/31/2023","Queens","12","Individuals","176","585","289","1,215",,"2,284","1,421"
"05/31/2023","Queens","11","Individuals",,,,,,"174",
"05/31/2023","Queens","10","Individuals",,,"172","162",,"699",
"05/31/2023","Queens","9","Individuals",,,"108",,,,
"05/31/2023","Queens","8","Individuals",,,"172",,,"189","311"
"05/31/2023","Queens","7","Individuals",,,"325",,,,
"05/31/2023","Queens","6","Individuals",,,,,,,
"05/31/2023","Queens","5","Individuals",,,"199",,,,"279"
"05/31/2023","Queens","4","Individuals",,,,"249",,,"541"
"05/31/2023","Queens","3","Individuals",,"240",,"172",,"1,640","857"
"05/31/2023","Queens","2","Individuals",,"297",,"215",,"504","285"
"05/31/2023","Queens","1","Individuals","146",,"198","131",,"4,932","581"
"05/31/2023","Manhattan","12","Individuals",,,"420",,,"111",
"05/31/2023","Manhattan","11","Individuals",,,"925",,,,"544"
"05/31/2023","Manhattan","10","Individuals",,,"705",,,,"661"
"05/31/2023","Manhattan","9","Individuals",,,"34",,,,"745"
"05/31/2023","Manhattan","8","Individuals",,,"55",,,"573",
"05/31/2023","Manhattan","7","Individuals",,"196","93",,,"797","815"
"05/31/2023","Manhattan","6","Individuals",,,"896",,,"278",
"05/31/2023","Manhattan","5","Individuals",,"324","74","52",,"2,930","345"
"05/31/2023","Manhattan","4","Individuals","248",,"345","137",,"1,196","362"
"05/31/2023","Manhattan","3","Individuals",,"71","523","198",,,"266"
"05/31/2023","Manhattan","2","Individuals",,,,,,"373",
"05/31/2023","Bronx","1","Individuals",,,"633","190",,"266","1,112"
"05/31/2023","Manhattan","1","Individuals","546",,,,,,
"05/31/2023","Brooklyn","18","Individuals",,"346",,,,"229","974"
"05/31/2023","Brooklyn","17","Individuals",,,,"118",,"211","1,119"
"05/31/2023","Brooklyn","16","Individuals","110",,"645","742",,"389","2,380"
"05/31/2023","Brooklyn","15","Individuals",,,,"115",,,"368"
"05/31/2023","Brooklyn","14","Individuals",,,"255",,,"199","88"
"05/31/2023","Brooklyn","13","Individuals",,,,"76",,,"456"
"05/31/2023","Brooklyn","12","Individuals",,,"129",,,,"138"
"05/31/2023","Brooklyn","11","Individuals",,,,,,,
"05/31/2023","Brooklyn","10","Individuals",,,,,,,
"05/31/2023","Brooklyn","9","Individuals",,,"353",,,,"395"
"05/31/2023","Brooklyn","8","Individuals",,,"345","88",,,"376"
"05/31/2023","Brooklyn","7","Individuals",,,"267","615",,"351","378"
"05/31/2023","Brooklyn","6","Individuals","106","106","295","409",,"326","581"
"05/31/2023","Brooklyn","5","Individuals","83",,"825","440",,"330","503"
"05/31/2023","Brooklyn","4","Individuals","106",,"198","134",,,"832"
"05/31/2023","Brooklyn","3","Individuals","161",,"601","194",,"531","409"
"05/31/2023","Brooklyn","2","Individuals",,"156","484",,,,"65"
"05/31/2023","Brooklyn","1","Individuals",,"166","1,066","47",,"348",
"05/31/2023","Bronx","12","Individuals",,,"589",,,"538","360"
"05/31/2023","Bronx","11","Individuals",,,,,,,
"05/31/2023","Bronx","10","Individuals",,,,,,,"578"
"05/31/2023","Bronx","9","Individuals",,,"258",,,"290","1,251"
"05/31/2023","Bronx","8","Individuals",,,,"94",,,"210"
"05/31/2023","Bronx","7","Individuals",,,"627",,,"228","478"
"05/31/2023","Bronx","6","Individuals","86",,"57","149",,"1,001","2,097"
"05/31/2023","Bronx","5","Individuals",,"185","678",,,,"1,550"
"05/31/2023","Bronx","4","Individuals",,,"359","119",,"167","2,243"
"05/31/2023","Bronx","3","Individuals",,,"718","128",,,"1,238"
"04/30/2023","Manhattan","2","Individuals",,,,,,"373",
"04/30/2023","Staten Island","3","Individuals",,,,,,,
"04/30/2023","Staten Island","2","Individuals",,,,,,"559",
"04/30/2023","Staten Island","1","Individuals",,,,,,,"138"
"04/30/2023","Queens","14","Individuals",,"325","106","356",,,"164"
"04/30/2023","Queens","13","Individuals",,,"132","895",,,"857"
"04/30/2023","Queens","12","Individuals","129","584","280","1,208",,"2,051","1,405"
"04/30/2023","Queens","11","Individuals",,,,"122",,,
"04/30/2023","Queens","10","Individuals",,,"173","55",,"705",
"04/30/2023","Queens","9","Individuals",,,"111",,,,
"04/30/2023","Queens","8","Individuals",,,"102",,,,"293"
"04/30/2023","Queens","7","Individuals",,,"327",,,,
"04/30/2023","Queens","6","Individuals",,,,,,,
"04/30/2023","Queens","5","Individuals",,,"197",,,,"289"
"04/30/2023","Queens","4","Individuals",,,,"247",,,"540"
"04/30/2023","Queens","3","Individuals",,"210",,"171",,"1,368","876"
"04/30/2023","Queens","2","Individuals",,"304",,"251",,"369","295"
"04/30/2023","Queens","1","Individuals","130",,"192","140",,"3,693","617"
"04/30/2023","Manhattan","12","Individuals",,,"423",,,"108",
"04/30/2023","Manhattan","11","Individuals",,,"992",,,,"552"
"04/30/2023","Manhattan","10","Individuals",,,"713",,,,"697"
"04/30/2023","Manhattan","9","Individuals",,,"33",,,,"724"
"04/30/2023","Manhattan","8","Individuals",,,"43",,,"605",
"04/30/2023","Manhattan","7","Individuals",,"200","91",,,"787","833"
"04/30/2023","Manhattan","6","Individuals",,,"956",,,"282",
"04/30/2023","Manhattan","5","Individuals",,"328","79","52",,"2,844","328"
"04/30/2023","Manhattan","4","Individuals","249",,"382","132",,"1,108","370"
"04/30/2023","Manhattan","3","Individuals",,"75","505","193",,,"271"
"04/30/2023","Manhattan","1","Individuals","542",,,,,,
"04/30/2023","Brooklyn","18","Individuals",,"322",,,,"225","844"
"04/30/2023","Brooklyn","17","Individuals",,,,"117",,"211","1,077"
"04/30/2023","Brooklyn","16","Individuals","106",,"633","745",,"386","2,441"
"04/30/2023","Brooklyn","15","Individuals",,,,"108",,,"196"
"04/30/2023","Brooklyn","14","Individuals",,,"188",,,"193","91"
"04/30/2023","Brooklyn","13","Individuals",,,,"70",,,"461"
"04/30/2023","Brooklyn","12","Individuals",,,"128",,,,"145"
"04/30/2023","Brooklyn","11","Individuals",,,,,,,
"04/30/2023","Brooklyn","10","Individuals",,,,,,,
"04/30/2023","Brooklyn","9","Individuals",,,"318",,,,"412"
"04/30/2023","Brooklyn","8","Individuals",,,"458","82",,,"370"
"04/30/2023","Brooklyn","7","Individuals",,,"265","577",,"351","374"
"04/30/2023","Brooklyn","6","Individuals","102","112","285","409",,"314","591"
"04/30/2023","Brooklyn","5","Individuals","88",,"939","432",,,"515"
"04/30/2023","Brooklyn","4","Individuals","109",,"199","135",,,"851"
"04/30/2023","Brooklyn","3","Individuals","158",,"553","195",,"528","425"
"04/30/2023","Brooklyn","2","Individuals",,"210","459",,,,"63"
"04/30/2023","Brooklyn","1","Individuals",,"171","1,037","46",,"233",
"04/30/2023","Bronx","12","Individuals",,,"546",,,"447","358"
"04/30/2023","Bronx","11","Individuals",,,,,,,
"04/30/2023","Bronx","10","Individuals",,,,,,,"569"
"04/30/2023","Bronx","9","Individuals",,,"264",,,"121","1,233"
"04/30/2023","Bronx","8","Individuals",,,,"89",,,"212"
"04/30/2023","Bronx","7","Individuals",,,"620",,,"116","482"
"04/30/2023","Bronx","6","Individuals","90",,"47","90",,"983","2,086"
"04/30/2023","Bronx","5","Individuals",,"203","682",,,,"1,504"
"04/30/2023","Bronx","4","Individuals",,,"423","117",,"167","2,189"
"04/30/2023","Bronx","3","Individuals",,,"720","124",,,"1,229"
"04/30/2023","Bronx","2","Individuals",,"155",,,,,"899"
"04/30/2023","Bronx","1","Individuals",,,"628","190",,"267","1,104"
"03/31/2023","Manhattan","2","Individuals",,,,,,"349",
"03/31/2023","Staten Island","3","Individuals",,,,,,,
"03/31/2023","Staten Island","2","Individuals",,,,,,"546",
"03/31/2023","Staten Island","1","Individuals",,,,,,,"135"
"03/31/2023","Queens","14","Individuals",,"321","102","339",,,"180"
"03/31/2023","Queens","13","Individuals",,,"131","895",,,"832"
"03/31/2023","Queens","12","Individuals","137","620","267","1,086",,"1,824","1,354"
"03/31/2023","Queens","11","Individuals",,,,,,,
"03/31/2023","Queens","10","Individuals",,,"172","56",,"688",
"03/31/2023","Queens","9","Individuals",,,"109",,,,
"03/31/2023","Queens","8","Individuals",,,"60",,,,"303"
"03/31/2023","Queens","7","Individuals",,,"326",,,,
"03/31/2023","Queens","6","Individuals",,,,,,,
"03/31/2023","Queens","5","Individuals",,,"200",,,,"289"
"03/31/2023","Queens","4","Individuals",,,,"247",,,"554"
"03/31/2023","Queens","3","Individuals",,"262",,"168",,"1,372","855"
"03/31/2023","Queens","2","Individuals",,"289",,"251",,"201","292"
"03/31/2023","Queens","1","Individuals","138",,"181","146",,"3,223","596"
"03/31/2023","Manhattan","12","Individuals",,,"421",,,"107",
"03/31/2023","Manhattan","11","Individuals",,,"1,004",,,,"559"
"03/31/2023","Manhattan","10","Individuals",,,"720",,,,"681"
"03/31/2023","Manhattan","9","Individuals",,,"33",,,,"712"
"03/31/2023","Manhattan","8","Individuals",,,"42",,,,
"03/31/2023","Manhattan","7","Individuals",,"184","88",,,"766","645"
"03/31/2023","Manhattan","6","Individuals",,,"944",,,"278",
"03/31/2023","Manhattan","5","Individuals",,"328","79","52",,"2,556","340"
"03/31/2023","Manhattan","4","Individuals","233",,"380","136",,"1,111","358"
"03/31/2023","Manhattan","3","Individuals",,"67","504","210",,,"201"
"03/31/2023","Manhattan","1","Individuals","457",,,,,,
"03/31/2023","Brooklyn","18","Individuals",,"357",,,,"221","847"
"03/31/2023","Brooklyn","17","Individuals",,,,"111",,"210","1,095"
"03/31/2023","Brooklyn","16","Individuals","106",,"628","749",,"381","2,379"
"03/31/2023","Brooklyn","15","Individuals",,,,"95",,,"191"
"03/31/2023","Brooklyn","14","Individuals",,,"189",,,,"85"
"03/31/2023","Brooklyn","13","Individuals",,,,"74",,,"454"
"03/31/2023","Brooklyn","12","Individuals",,,"127",,,,"151"
"03/31/2023","Brooklyn","11","Individuals",,,,,,,
"03/31/2023","Brooklyn","10","Individuals",,,,,,,
"03/31/2023","Brooklyn","9","Individuals",,,"347",,,,"425"
"03/31/2023","Brooklyn","8","Individuals",,,"454","90",,,"405"
"03/31/2023","Brooklyn","7","Individuals",,,"266","512",,"207","379"
"03/31/2023","Brooklyn","6","Individuals",,"96","280","401",,"314","578"
"03/31/2023","Brooklyn","5","Individuals","89",,"877","437",,,"527"
"03/31/2023","Brooklyn","4","Individuals","108",,"199","139",,,"818"
"03/31/2023","Brooklyn","3","Individuals","159",,"554","192",,"507","420"
"03/31/2023","Brooklyn","2","Individuals",,"220","443",,,,"68"
"03/31/2023","Brooklyn","1","Individuals",,"171","1,029","43",,"228",
"03/31/2023","Bronx","12","Individuals",,,"431",,,"289","366"
"03/31/2023","Bronx","11","Individuals",,,,,,,
"03/31/2023","Bronx","10","Individuals",,,,,,,"576"
"03/31/2023","Bronx","9","Individuals",,,"262",,,"120","1,220"
"03/31/2023","Bronx","8","Individuals",,,,,,,"214"
"03/31/2023","Bronx","7","Individuals",,,"614",,,"108","464"
"03/31/2023","Bronx","6","Individuals","78",,"49",,,"810","2,076"
"03/31/2023","Bronx","5","Individuals",,"199","672",,,,"1,421"
"03/31/2023","Bronx","4","Individuals",,,"419","120",,"160","2,177"
"03/31/2023","Bronx","3","Individuals",,,"703","125",,,"1,234"
"03/31/2023","Bronx","2","Individuals",,"171",,,,,"862"
"03/31/2023","Bronx","1","Individuals",,,"622","183",,"266","1,119"
"02/28/2023","Bronx","3","Individuals",,,"726","123",,,"1,242"
"02/28/2023","Staten Island","3","Individuals",,,,,,,
"02/28/2023","Staten Island","2","Individuals",,,,,,"561",
"02/28/2023","Staten Island","1","Individuals",,,,,,,"109"
"02/28/2023","Queens","14","Individuals",,"315","105","86",,,"180"
"02/28/2023","Queens","13","Individuals",,,"134","844",,,"854"
"02/28/2023","Queens","12","Individuals","135","599","578","767",,"1,847","1,421"
"02/28/2023","Queens","11","Individuals",,,,,,,
"02/28/2023","Queens","10","Individuals",,,"172","76",,"197",
"02/28/2023","Queens","9","Individuals",,,"112",,,,
"02/28/2023","Queens","8","Individuals",,,,,,,"297"
"02/28/2023","Queens","7","Individuals",,,"308",,,,
"02/28/2023","Queens","6","Individuals",,,,,,,
"02/28/2023","Queens","5","Individuals",,,"191",,,,"283"
"02/28/2023","Queens","4","Individuals",,,,"249",,,"558"
"02/28/2023","Queens","3","Individuals",,"272",,"170",,"1,344","863"
"02/28/2023","Queens","2","Individuals",,"288",,"252",,"195","307"
"02/28/2023","Queens","1","Individuals","146",,"189","145",,"2,863","376"
"02/28/2023","Manhattan","12","Individuals",,,"412",,,"96",
"02/28/2023","Manhattan","11","Individuals",,,"966",,,,"568"
"02/28/2023","Manhattan","10","Individuals",,,"705",,,,"671"
"02/28/2023","Manhattan","9","Individuals",,,"29",,,,"710"
"02/28/2023","Manhattan","8","Individuals",,,"41",,,,
"02/28/2023","Manhattan","7","Individuals",,"188","93",,,"535","536"
"02/28/2023","Manhattan","6","Individuals",,,"942",,,"285",
"02/28/2023","Manhattan","5","Individuals",,"313","80","52",,"2,583","347"
"02/28/2023","Manhattan","4","Individuals","154",,"383","130",,"1,112","357"
"02/28/2023","Manhattan","3","Individuals",,,"516","234",,,"185"
"02/28/2023","Bronx","2","Individuals",,"169",,,,,"870"
"02/28/2023","Bronx","1","Individuals",,,"629","186",,"283","1,136"
"02/28/2023","Manhattan","2","Individuals",,,,,,"364",
"02/28/2023","Manhattan","1","Individuals","438",,,,,,
"02/28/2023","Brooklyn","18","Individuals",,"334",,,,"216","795"
"02/28/2023","Brooklyn","17","Individuals",,,,"114",,"197","1,145"
"02/28/2023","Brooklyn","16","Individuals","100",,"615","758",,"358","2,398"
"02/28/2023","Brooklyn","15","Individuals",,,,"108",,,"204"
"02/28/2023","Brooklyn","14","Individuals",,,"188",,,,"85"
"02/28/2023","Brooklyn","13","Individuals",,,,"76",,,"436"
"02/28/2023","Brooklyn","12","Individuals",,,"130",,,,"143"
"02/28/2023","Brooklyn","11","Individuals",,,,,,,
"02/28/2023","Brooklyn","10","Individuals",,,,,,,
"02/28/2023","Brooklyn","9","Individuals",,,"349",,,,"429"
"02/28/2023","Brooklyn","8","Individuals",,,"279","90",,,"416"
"02/28/2023","Brooklyn","7","Individuals",,,"266","549",,"207","379"
"02/28/2023","Brooklyn","6","Individuals",,"97","285","401",,"310","573"
"02/28/2023","Brooklyn","5","Individuals","85",,"889","443",,,"531"
"02/28/2023","Brooklyn","4","Individuals","103",,"197","137",,,"821"
"02/28/2023","Brooklyn","3","Individuals","162",,"587","97",,"522","453"
"02/28/2023","Brooklyn","2","Individuals",,"226","490",,,,"70"
"02/28/2023","Brooklyn","1","Individuals",,"159","1,004","44",,"231",
"02/28/2023","Bronx","12","Individuals",,,"351",,,"296","361"
"02/28/2023","Bronx","11","Individuals",,,,,,,
"02/28/2023","Bronx","10","Individuals",,,,,,,"580"
"02/28/2023","Bronx","9","Individuals",,,"266",,,"115","1,216"
"02/28/2023","Bronx","8","Individuals",,,,,,,"221"
"02/28/2023","Bronx","7","Individuals",,,"613",,,"105","452"
"02/28/2023","Bronx","6","Individuals","86",,"60",,,"811","2,136"
"02/28/2023","Bronx","5","Individuals",,"201","664",,,,"1,359"
"02/28/2023","Bronx","4","Individuals",,,"427","116",,"166","2,200"
"01/31/2023","Manhattan","2","Individuals",,,,,,"350",
"01/31/2023","Staten Island","3","Individuals",,,,,,,
"01/31/2023","Staten Island","2","Individuals",,,,,,"542",
"01/31/2023","Staten Island","1","Individuals",,,,,,,"129"
"01/31/2023","Queens","14","Individuals",,"326","108","86",,,"183"
"01/31/2023","Queens","13","Individuals",,,"129","856",,,"830"
"01/31/2023","Queens","12","Individuals","135","609","474","735",,"1,896","1,410"
"01/31/2023","Queens","11","Individuals",,,,,,,
"01/31/2023","Queens","10","Individuals",,,"173","82",,"346",
"01/31/2023","Queens","9","Individuals",,,"111",,,,
"01/31/2023","Queens","8","Individuals",,,,,,,"315"
"01/31/2023","Queens","7","Individuals",,,"287",,,,
"01/31/2023","Queens","6","Individuals",,,,,,,
"01/31/2023","Queens","5","Individuals",,,"197",,,,"285"
"01/31/2023","Queens","4","Individuals",,,,"250",,,"544"
"01/31/2023","Queens","3","Individuals",,"270",,"171",,"1,058","871"
"01/31/2023","Queens","2","Individuals",,"300",,"250",,"196","291"
"01/31/2023","Queens","1","Individuals",,"141","192","152",,"1,934","1,356"
"01/31/2023","Manhattan","12","Individuals",,,"416",,,"98",
"01/31/2023","Manhattan","11","Individuals",,,"1,032",,,,"593"
"01/31/2023","Manhattan","10","Individuals",,,"697",,,,"682"
"01/31/2023","Manhattan","9","Individuals",,,"23",,,,"731"
"01/31/2023","Manhattan","8","Individuals",,,"44",,,,
"01/31/2023","Manhattan","7","Individuals",,"189","89","4",,"546","522"
"01/31/2023","Manhattan","6","Individuals",,,"928",,,"285",
"01/31/2023","Manhattan","5","Individuals",,"310","77","52",,"2,144","660"
"01/31/2023","Manhattan","4","Individuals","164",,"378","129",,"1,129","334"
"01/31/2023","Manhattan","3","Individuals",,,"508","234",,,"318"
"01/31/2023","Manhattan","1","Individuals","271",,,,,,
"01/31/2023","Brooklyn","18","Individuals",,"352",,,,"226","763"
"01/31/2023","Brooklyn","17","Individuals",,,,,,"207","1,114"
"01/31/2023","Brooklyn","16","Individuals","112",,"626","566",,"388","2,394"
"01/31/2023","Brooklyn","15","Individuals",,,"111",,,,"204"
"01/31/2023","Brooklyn","14","Individuals",,,"189",,,,"88"
"01/31/2023","Brooklyn","13","Individuals",,,,"74",,,"463"
"01/31/2023","Brooklyn","12","Individuals",,,"131",,,,"144"
"01/31/2023","Brooklyn","11","Individuals",,,,,,,
"01/31/2023","Brooklyn","10","Individuals",,,,,,,
"01/31/2023","Brooklyn","9","Individuals",,,"345",,,,"418"
"01/31/2023","Brooklyn","8","Individuals",,,"323","90",,,"421"
"01/31/2023","Brooklyn","7","Individuals",,,"277","554",,"210","368"
"01/31/2023","Brooklyn","6","Individuals",,"103","286","409",,"315","572"
"01/31/2023","Brooklyn","5","Individuals","77",,"942","440",,,"551"
"01/31/2023","Brooklyn","4","Individuals","97",,"199","139",,,"833"
"01/31/2023","Brooklyn","3","Individuals","162",,"723","97",,"215","772"
"01/31/2023","Brooklyn","2","Individuals",,"228","510",,,,"71"
"01/31/2023","Brooklyn","1","Individuals",,"166","1,043","47",,"229",
"01/31/2023","Bronx","12","Individuals",,,"306",,,"294","357"
"01/31/2023","Bronx","11","Individuals",,,,,,,
"01/31/2023","Bronx","10","Individuals",,,,,,,"575"
"01/31/2023","Bronx","9","Individuals",,,"250",,,"121","1,197"
"01/31/2023","Bronx","8","Individuals",,,,,,,"222"
"01/31/2023","Bronx","7","Individuals",,,"606",,,,"450"
"01/31/2023","Bronx","6","Individuals","86",,"57",,,"811","2,057"
"01/31/2023","Bronx","5","Individuals",,"207","686",,,,"1,326"
"01/31/2023","Bronx","4","Individuals",,,"416","113",,"164","2,238"
"01/31/2023","Bronx","3","Individuals",,,"719","124",,,"1,289"
"01/31/2023","Bronx","2","Individuals",,"177",,,,,"854"
"01/31/2023","Bronx","1","Individuals",,,"622","183",,"288","1,122"
"12/31/2022","Manhattan","2","Individuals",,,,,,"160",
"12/31/2022","Staten Island","3","Individuals",,,,,,,
"12/31/2022","Staten Island","2","Individuals",,,,,,"554",
"12/31/2022","Staten Island","1","Individuals",,,,,,,"114"
"12/31/2022","Queens","14","Individuals",,"313","103","82",,,"177"
"12/31/2022","Queens","13","Individuals",,,"133","859",,,"841"
"12/31/2022","Queens","12","Individuals","450","296","453","367",,"1,963","1,413"
"12/31/2022","Queens","11","Individuals",,,,,,,
"12/31/2022","Queens","10","Individuals",,,"174","80",,"344",
"12/31/2022","Queens","9","Individuals",,,"102",,,,
"12/31/2022","Queens","8","Individuals",,,,,,,"313"
"12/31/2022","Queens","7","Individuals",,,"284",,,,
"12/31/2022","Queens","6","Individuals",,,,,,,
"12/31/2022","Queens","5","Individuals",,,"200",,,,"278"
"12/31/2022","Queens","4","Individuals",,,,"249",,,"550"
"12/31/2022","Queens","3","Individuals",,"262",,"171",,"1,078","841"
"12/31/2022","Queens","2","Individuals",,"241",,"293",,"200","305"
"12/31/2022","Queens","1","Individuals",,"149","194","136",,"1,733","356"
"12/31/2022","Manhattan","12","Individuals",,,"389",,,"92",
"12/31/2022","Manhattan","11","Individuals",,,"963",,,,"574"
"12/31/2022","Manhattan","10","Individuals",,,"602",,,,"700"
"12/31/2022","Manhattan","9","Individuals",,,"26",,,,"733"
"12/31/2022","Manhattan","8","Individuals",,,"38",,,,
"12/31/2022","Manhattan","7","Individuals",,"196","76","3",,"553","570"
"12/31/2022","Manhattan","6","Individuals",,,"826",,,"288",
"12/31/2022","Manhattan","5","Individuals",,"319","76","52",,"2,017","350"
"12/31/2022","Manhattan","4","Individuals","160",,"372","125",,"1,120","296"
"12/31/2022","Manhattan","3","Individuals",,,"499","232",,,"320"
"12/31/2022","Manhattan","1","Individuals",,,,,,,
"12/31/2022","Brooklyn","18","Individuals",,"340",,,,"229","733"
"12/31/2022","Brooklyn","17","Individuals",,,,,,"198","1,129"
"12/31/2022","Brooklyn","16","Individuals","110",,"627","548",,"344","2,430"
"12/31/2022","Brooklyn","15","Individuals",,,"104",,,,"192"
"12/31/2022","Brooklyn","14","Individuals",,,"184",,,,"87"
"12/31/2022","Brooklyn","13","Individuals",,,,"73",,,"455"
"12/31/2022","Brooklyn","12","Individuals",,,"125",,,,"143"
"12/31/2022","Brooklyn","11","Individuals",,,,,,,
"12/31/2022","Brooklyn","10","Individuals",,,,,,,
"12/31/2022","Brooklyn","9","Individuals",,,"344",,,,"420"
"12/31/2022","Brooklyn","8","Individuals",,,"383","88",,,"419"
"12/31/2022","Brooklyn","7","Individuals",,,"266","557",,"208","381"
"12/31/2022","Brooklyn","6","Individuals",,"99","263","279",,,"565"
"12/31/2022","Brooklyn","5","Individuals","49",,"884","441",,,"523"
"12/31/2022","Brooklyn","4","Individuals","99",,"197","130",,,"841"
"12/31/2022","Brooklyn","3","Individuals","166",,"550","198",,"239","458"
"12/31/2022","Brooklyn","2","Individuals",,"223","501",,,,"73"
"12/31/2022","Brooklyn","1","Individuals",,"161","1,011","46",,"238",
"12/31/2022","Bronx","12","Individuals",,,"294",,,"289","353"
"12/31/2022","Bronx","11","Individuals",,,,,,,
"12/31/2022","Bronx","10","Individuals",,,,,,,"577"
"12/31/2022","Bronx","9","Individuals",,,"256",,,"113","1,186"
"12/31/2022","Bronx","8","Individuals",,,,,,,"228"
"12/31/2022","Bronx","7","Individuals",,,"611",,,,"460"
"12/31/2022","Bronx","6","Individuals",,,"45",,,"805","2,015"
"12/31/2022","Bronx","5","Individuals",,"197","676",,,,"1,324"
"12/31/2022","Bronx","4","Individuals",,,"416","56",,"174","2,220"
"12/31/2022","Bronx","3","Individuals",,,"634","127",,,"1,307"
"12/31/2022","Bronx","2","Individuals",,"157",,,,,"861"
"12/31/2022","Bronx","1","Individuals",,,"617","183",,"287","1,137"
"11/30/2022","Bronx","2","Individuals",,"165",,,,,"883"
"11/30/2022","Staten Island","3","Individuals",,,,,,,
"11/30/2022","Staten Island","2","Individuals",,,,,,"540",
"11/30/2022","Staten Island","1","Individuals",,,,,,,"140"
"11/30/2022","Queens","14","Individuals",,"307","107","84",,,"164"
"11/30/2022","Queens","13","Individuals",,,"134","892",,,"849"
"11/30/2022","Queens","12","Individuals","327","298","464","274",,"1,720","1,431"
"11/30/2022","Queens","11","Individuals",,,,,,,
"11/30/2022","Queens","10","Individuals",,,"170","95",,"348",
"11/30/2022","Queens","9","Individuals",,,"111",,,,
"11/30/2022","Queens","8","Individuals",,,,,,,"307"
"11/30/2022","Queens","7","Individuals",,,"306",,,,
"11/30/2022","Queens","6","Individuals",,,,,,,
"11/30/2022","Queens","5","Individuals",,,"199",,,,"280"
"11/30/2022","Queens","4","Individuals",,,,"245",,,"537"
"11/30/2022","Queens","3","Individuals",,"270",,"169",,"1,043","834"
"11/30/2022","Queens","2","Individuals",,"227",,"307",,"200","301"
"11/30/2022","Queens","1","Individuals",,"41","191","136",,"1,539","358"
"11/30/2022","Manhattan","12","Individuals",,,"340",,,"101",
"11/30/2022","Manhattan","11","Individuals",,,"1,071",,,,"580"
"11/30/2022","Manhattan","10","Individuals",,,"616",,,,"719"
"11/30/2022","Manhattan","9","Individuals",,,"21",,,,"751"
"11/30/2022","Manhattan","8","Individuals",,,"37",,,,
"11/30/2022","Manhattan","7","Individuals",,"193","80",,,"266","569"
"11/30/2022","Manhattan","6","Individuals",,,"896",,,"281",
"11/30/2022","Manhattan","5","Individuals",,"292","79","52",,"1,555","361"
"11/30/2022","Manhattan","4","Individuals",,,"379","118",,"1,025","201"
"11/30/2022","Manhattan","3","Individuals",,,"501","235",,,"328"
"11/30/2022","Bronx","1","Individuals",,,"613","193",,"275","1,154"
"11/30/2022","Manhattan","2","Individuals",,,,,,,
"11/30/2022","Manhattan","1","Individuals",,,,,,,
"11/30/2022","Brooklyn","18","Individuals",,"404",,,,"233","589"
"11/30/2022","Brooklyn","17","Individuals",,,,,,"166","716"
"11/30/2022","Brooklyn","16","Individuals","101",,"556","569",,"164","2,007"
"11/30/2022","Brooklyn","15","Individuals",,,"100",,,,"203"
"11/30/2022","Brooklyn","14","Individuals",,,"184",,,,"87"
"11/30/2022","Brooklyn","13","Individuals",,,,"74",,,"454"
"11/30/2022","Brooklyn","12","Individuals",,,"124",,,,"146"
"11/30/2022","Brooklyn","11","Individuals",,,,,,,
"11/30/2022","Brooklyn","10","Individuals",,,,,,,
"11/30/2022","Brooklyn","9","Individuals",,,"342",,,,"417"
"11/30/2022","Brooklyn","8","Individuals",,,"371","88",,,"498"
"11/30/2022","Brooklyn","7","Individuals",,,"272","570",,"201","374"
"11/30/2022","Brooklyn","6","Individuals",,"112","293","279",,,"585"
"11/30/2022","Brooklyn","5","Individuals",,,"873","397",,,"534"
"11/30/2022","Brooklyn","4","Individuals","45",,"184","127",,,"1,469"
"11/30/2022","Brooklyn","3","Individuals","166",,"557","201",,"236","451"
"11/30/2022","Brooklyn","2","Individuals",,"213","501",,,,"95"
"11/30/2022","Brooklyn","1","Individuals",,"165","1,061","48",,"233",
"11/30/2022","Bronx","12","Individuals",,,"302",,,"279","339"
"11/30/2022","Bronx","11","Individuals",,,,,,,
"11/30/2022","Bronx","10","Individuals",,,,,,,"577"
"11/30/2022","Bronx","9","Individuals",,,"259",,,"119","1,191"
"11/30/2022","Bronx","8","Individuals",,,,,,,"225"
"11/30/2022","Bronx","7","Individuals",,,"606",,,,"457"
"11/30/2022","Bronx","6","Individuals",,,"55",,,"804","1,978"
"11/30/2022","Bronx","5","Individuals",,"209","682",,,,"1,347"
"11/30/2022","Bronx","4","Individuals",,,"419",,,"173","2,188"
"11/30/2022","Bronx","3","Individuals",,,"682","123",,,"1,351"
"10/31/2022","Manhattan","1","Individuals",,,,,,,
"10/31/2022","Staten Island","3","Individuals",,,,,,,
"10/31/2022","Staten Island","2","Individuals",,,,,,"543",
"10/31/2022","Staten Island","1","Individuals",,,,,,,"133"
"10/31/2022","Queens","14","Individuals",,"317","103","85",,,"165"
"10/31/2022","Queens","13","Individuals",,,"135","903",,,"839"
"10/31/2022","Queens","12","Individuals","246","295","464","285",,"1,529","1,456"
"10/31/2022","Queens","11","Individuals",,,,,,,
"10/31/2022","Queens","10","Individuals",,,"172","84",,"345",
"10/31/2022","Queens","9","Individuals",,,"109",,,,
"10/31/2022","Queens","8","Individuals",,,,,,,"299"
"10/31/2022","Queens","7","Individuals",,,"316",,,,
"10/31/2022","Queens","6","Individuals",,,,,,,
"10/31/2022","Queens","5","Individuals",,,"196",,,,"292"
"10/31/2022","Queens","4","Individuals",,,,"248",,,"564"
"10/31/2022","Queens","3","Individuals",,"272",,"171",,"1,039","843"
"10/31/2022","Queens","2","Individuals",,"308",,"294",,"203","303"
"10/31/2022","Queens","1","Individuals",,,"194","140",,"1,514","369"
"10/31/2022","Manhattan","12","Individuals",,,"308",,,"109",
"10/31/2022","Manhattan","11","Individuals",,,"1,189",,,,"587"
"10/31/2022","Manhattan","10","Individuals",,,"626",,,,"705"
"10/31/2022","Manhattan","9","Individuals",,,"21",,,,"740"
"10/31/2022","Manhattan","8","Individuals",,,"40",,,,
"10/31/2022","Manhattan","7","Individuals",,"204","74",,,"289","576"
"10/31/2022","Manhattan","6","Individuals",,,"916",,,"281",
"10/31/2022","Manhattan","5","Individuals",,"315","78","52",,"1,599","356"
"10/31/2022","Manhattan","4","Individuals",,,"371","118",,"728","154"
"10/31/2022","Manhattan","3","Individuals",,,"506","232",,,"334"
"10/31/2022","Manhattan","2","Individuals",,,,,,,
"10/31/2022","Brooklyn","18","Individuals",,"355",,,,"220","589"
"10/31/2022","Brooklyn","17","Individuals",,,,,,"172","1,137"
"10/31/2022","Brooklyn","16","Individuals",,,"590","556",,"128","2,423"
"10/31/2022","Brooklyn","15","Individuals",,,"87",,,,"191"
"10/31/2022","Brooklyn","14","Individuals",,,"184",,,,"87"
"10/31/2022","Brooklyn","13","Individuals",,,,"70",,,"445"
"10/31/2022","Brooklyn","12","Individuals",,,"124",,,,"142"
"10/31/2022","Brooklyn","11","Individuals",,,,,,,
"10/31/2022","Brooklyn","10","Individuals",,,,,,,
"10/31/2022","Brooklyn","9","Individuals",,,"335",,,,"431"
"10/31/2022","Brooklyn","8","Individuals",,,"423","89",,,"434"
"10/31/2022","Brooklyn","7","Individuals",,,"270","562",,"212","372"
"10/31/2022","Brooklyn","6","Individuals",,"111","285","275",,,"597"
"10/31/2022","Brooklyn","5","Individuals",,,"810","337",,,"510"
"10/31/2022","Brooklyn","4","Individuals",,,"191","134",,,"826"
"10/31/2022","Brooklyn","3","Individuals","167",,"572","196",,"242","474"
"10/31/2022","Brooklyn","2","Individuals",,"215","505",,,,"77"
"10/31/2022","Brooklyn","1","Individuals",,"177","1,098","46",,"223",
"10/31/2022","Bronx","12","Individuals",,,"307",,,"280","210"
"10/31/2022","Bronx","11","Individuals",,,,,,,
"10/31/2022","Bronx","10","Individuals",,,,,,,"583"
"10/31/2022","Bronx","9","Individuals",,,"265",,,"134","1,185"
"10/31/2022","Bronx","8","Individuals",,,,,,,"225"
"10/31/2022","Bronx","7","Individuals",,,"610",,,,"455"
"10/31/2022","Bronx","6","Individuals",,,"52",,,"719","2,003"
"10/31/2022","Bronx","5","Individuals",,"201","674",,,,"1,346"
"10/31/2022","Bronx","4","Individuals",,,"376",,,"173","2,220"
"10/31/2022","Bronx","3","Individuals",,,"675","121",,,"1,325"
"10/31/2022","Bronx","2","Individuals",,"164",,,,,"876"
"10/31/2022","Bronx","1","Individuals",,,"605","186",,"286","1,152"
"09/30/2022","Manhattan","2","Individuals",,,,,,,
"09/30/2022","Staten Island","3","Individuals",,,,,,,
"09/30/2022","Staten Island","2","Individuals",,,,,,,
"09/30/2022","Staten Island","1","Individuals",,,,,,,"143"
"09/30/2022","Queens","14","Individuals",,"327","101","95",,,"166"
"09/30/2022","Queens","13","Individuals",,,"126","861",,,"862"
"09/30/2022","Queens","12","Individuals","146","300","271","138",,"1,351","1,482"
"09/30/2022","Queens","11","Individuals",,,,,,,
"09/30/2022","Queens","10","Individuals",,,"167","91",,"334",
"09/30/2022","Queens","9","Individuals",,,"113",,,,
"09/30/2022","Queens","8","Individuals",,,,,,,"303"
"09/30/2022","Queens","7","Individuals",,,"303",,,,
"09/30/2022","Queens","6","Individuals",,,,,,,
"09/30/2022","Queens","5","Individuals",,,"190",,,,"289"
"09/30/2022","Queens","4","Individuals",,,,"240",,,"558"
"09/30/2022","Queens","3","Individuals",,"264",,"170",,"991","838"
"09/30/2022","Queens","2","Individuals",,"314",,"296",,"202","320"
"09/30/2022","Queens","1","Individuals",,,"193","137",,"1,499","367"
"09/30/2022","Manhattan","12","Individuals",,,"276",,,"64",
"09/30/2022","Manhattan","11","Individuals",,,"1,231",,,,"577"
"09/30/2022","Manhattan","10","Individuals",,,"605",,,,"675"
"09/30/2022","Manhattan","9","Individuals",,,"7",,,,"761"
"09/30/2022","Manhattan","8","Individuals",,,"38",,,,
"09/30/2022","Manhattan","7","Individuals",,"199","71",,,"289","597"
"09/30/2022","Manhattan","6","Individuals",,,"913",,,"230",
"09/30/2022","Manhattan","5","Individuals",,"297","79","53",,"704","363"
"09/30/2022","Manhattan","4","Individuals",,,"356","126",,"707",
"09/30/2022","Manhattan","3","Individuals",,,"453","224",,,"313"
"09/30/2022","Manhattan","1","Individuals",,,,,,,
"09/30/2022","Brooklyn","18","Individuals",,"355",,,,"204","595"
"09/30/2022","Brooklyn","17","Individuals",,,,,,,"1,117"
"09/30/2022","Brooklyn","16","Individuals",,,"626","543",,"119","2,412"
"09/30/2022","Brooklyn","15","Individuals",,,,,,,"199"
"09/30/2022","Brooklyn","14","Individuals",,,"184",,,,"80"
"09/30/2022","Brooklyn","13","Individuals",,,,"76",,,"461"
"09/30/2022","Brooklyn","12","Individuals",,,"130",,,,"144"
"09/30/2022","Brooklyn","11","Individuals",,,,,,,
"09/30/2022","Brooklyn","10","Individuals",,,,,,,
"09/30/2022","Brooklyn","9","Individuals",,,"338",,,,"428"
"09/30/2022","Brooklyn","8","Individuals",,,"408","90",,,"416"
"09/30/2022","Brooklyn","7","Individuals",,,"272","556",,"180","372"
"09/30/2022","Brooklyn","6","Individuals",,"107","290","279",,,"563"
"09/30/2022","Brooklyn","5","Individuals",,,"822","246",,,"532"
"09/30/2022","Brooklyn","4","Individuals",,,"188","135",,,"848"
"09/30/2022","Brooklyn","3","Individuals","169",,"564","193",,"250","472"
"09/30/2022","Brooklyn","2","Individuals",,"210","359",,,,"72"
"09/30/2022","Brooklyn","1","Individuals",,"175","1,069","47",,"230",
"09/30/2022","Bronx","12","Individuals",,,"304",,,"285","169"
"09/30/2022","Bronx","11","Individuals",,,,,,,
"09/30/2022","Bronx","10","Individuals",,,,,,,"572"
"09/30/2022","Bronx","9","Individuals",,,"262",,,"128","1,191"
"09/30/2022","Bronx","8","Individuals",,,,,,,"232"
"09/30/2022","Bronx","7","Individuals",,,"604",,,,"481"
"09/30/2022","Bronx","6","Individuals",,,"47",,,"487","2,038"
"09/30/2022","Bronx","5","Individuals",,"200","669",,,,"1,364"
"09/30/2022","Bronx","4","Individuals",,,"423",,,"164","2,196"
"09/30/2022","Bronx","3","Individuals",,,"681","123",,,"1,310"
"09/30/2022","Bronx","2","Individuals",,"168",,,,,"885"
"09/30/2022","Bronx","1","Individuals",,,"513","191",,"292","1,148"
"08/31/2022","Bronx","4","Individuals",,,"407",,,"164","2,218"
"08/31/2022","Staten Island","3","Individuals",,,,,,,
"08/31/2022","Staten Island","2","Individuals",,,,,,,
"08/31/2022","Staten Island","1","Individuals",,,,,,,"149"
"08/31/2022","Queens","12","Individuals",,"291","281","126",,"220","1,477"
"08/31/2022","Queens","11","Individuals",,,,,,,
"08/31/2022","Queens","10","Individuals",,,"171","73",,"215",
"08/31/2022","Queens","9","Individuals",,,"110",,,,
"08/31/2022","Queens","8","Individuals",,,,,,,"301"
"08/31/2022","Queens","7","Individuals",,,"313",,,,
"08/31/2022","Queens","6","Individuals",,,,,,,
"08/31/2022","Queens","5","Individuals",,,"198",,,,"294"
"08/31/2022","Queens","4","Individuals",,,,"243",,,"552"
"08/31/2022","Queens","3","Individuals",,"228",,"171",,"401","856"
"08/31/2022","Queens","2","Individuals",,"310",,"178",,,"311"
"08/31/2022","Queens","13","Individuals",,,"63","544",,,"845"
"08/31/2022","Queens","1","Individuals",,,"187","136",,"992","365"
"08/31/2022","Manhattan","12","Individuals",,,"320",,,,
"08/31/2022","Manhattan","11","Individuals",,,"1,201",,,,"581"
"08/31/2022","Manhattan","10","Individuals",,,"595",,,,"674"
"08/31/2022","Manhattan","9","Individuals",,,,,,,"762"
"08/31/2022","Manhattan","8","Individuals",,,"36",,,,
"08/31/2022","Manhattan","7","Individuals",,"187","65",,,"204","592"
"08/31/2022","Manhattan","6","Individuals",,,"787",,,"290",
"08/31/2022","Manhattan","5","Individuals",,"297","76","55",,,"356"
"08/31/2022","Manhattan","4","Individuals",,,"350","109",,"749",
"08/31/2022","Manhattan","3","Individuals",,,"423","229",,,"329"
"08/31/2022","Manhattan","2","Individuals",,,,,,,
"08/31/2022","Bronx","3","Individuals",,,"660","121",,,"1,335"
"08/31/2022","Bronx","1","Individuals",,,"476","172",,"261","1,145"
"08/31/2022","Bronx","2","Individuals",,"152",,,,,"905"
"08/31/2022","Manhattan","1","Individuals",,,,,,,
"08/31/2022","Brooklyn","18","Individuals",,"351",,,,,"587"
"08/31/2022","Brooklyn","17","Individuals",,,,,,,"1,111"
"08/31/2022","Brooklyn","16","Individuals",,,"604","521",,,"2,364"
"08/31/2022","Brooklyn","15","Individuals",,,,,,,"196"
"08/31/2022","Brooklyn","14","Individuals",,,"115",,,,"87"
"08/31/2022","Brooklyn","13","Individuals",,,,"50",,,"460"
"08/31/2022","Brooklyn","12","Individuals",,,"127",,,,"146"
"08/31/2022","Brooklyn","11","Individuals",,,,,,,
"08/31/2022","Brooklyn","10","Individuals",,,,,,,
"08/31/2022","Brooklyn","9","Individuals",,,"293",,,,"426"
"08/31/2022","Brooklyn","8","Individuals",,,"434","87",,,"432"
"08/31/2022","Brooklyn","7","Individuals",,,"266","523",,,"376"
"08/31/2022","Brooklyn","6","Individuals",,"103","280","278",,,"547"
"08/31/2022","Brooklyn","5","Individuals",,,"654","246",,,"539"
"08/31/2022","Brooklyn","4","Individuals",,,"285","131",,,"837"
"08/31/2022","Brooklyn","3","Individuals",,,"550",,,"240","467"
"08/31/2022","Brooklyn","2","Individuals",,"228","335",,,,"80"
"08/31/2022","Brooklyn","1","Individuals",,"156","923","39",,"243",
"08/31/2022","Bronx","12","Individuals",,,"304",,,,"169"
"08/31/2022","Bronx","11","Individuals",,,,,,,
"08/31/2022","Bronx","10","Individuals",,,,,,,"587"
"08/31/2022","Bronx","9","Individuals",,,"260",,,,"1,200"
"08/31/2022","Bronx","8","Individuals",,,,,,,"230"
"08/31/2022","Bronx","7","Individuals",,,"547",,,,"477"
"08/31/2022","Bronx","6","Individuals",,,"43",,,"235","2,080"
"08/31/2022","Queens","14","Individuals",,"318","98","95",,,"173"
"08/31/2022","Bronx","5","Individuals",,"196","590",,,,"1,335"
"07/31/2022","Staten Island","2","Individuals",,,,,,,
"07/31/2022","Bronx","1","Individuals",,,"436","169",,,"1,100"
"07/31/2022","Bronx","2","Individuals",,"162",,,,,"885"
"07/31/2022","Bronx","3","Individuals",,,"665","99",,,"1,351"
"07/31/2022","Bronx","4","Individuals",,,"369",,,"132","2,279"
"07/31/2022","Bronx","5","Individuals",,"179","523",,,,"1,340"
"07/31/2022","Bronx","6","Individuals",,,"45",,,,"2,389"
"07/31/2022","Bronx","7","Individuals",,,"532",,,,"465"
"07/31/2022","Bronx","8","Individuals",,,,,,,"227"
"07/31/2022","Bronx","9","Individuals",,,"261",,,,"1,210"
"07/31/2022","Bronx","10","Individuals",,,,,,,"590"
"07/31/2022","Bronx","11","Individuals",,,,,,,
"07/31/2022","Bronx","12","Individuals",,,"102",,,,"172"
"07/31/2022","Brooklyn","1","Individuals",,"171","782","41",,,"226"
"07/31/2022","Brooklyn","2","Individuals",,"168","334",,,,"76"
"07/31/2022","Brooklyn","3","Individuals",,,"531",,,,"481"
"07/31/2022","Brooklyn","4","Individuals",,,"297","132",,,"847"
"07/31/2022","Brooklyn","5","Individuals",,,"664","241",,,"530"
"07/31/2022","Brooklyn","6","Individuals",,"103","258","274",,,"554"
"07/31/2022","Brooklyn","7","Individuals",,,"219","522",,,"373"
"07/31/2022","Brooklyn","8","Individuals",,,"384","89",,,"421"
"07/31/2022","Brooklyn","9","Individuals",,,"278",,,,"431"
"07/31/2022","Brooklyn","10","Individuals",,,,,,,
"07/31/2022","Brooklyn","11","Individuals",,,,,,,
"07/31/2022","Brooklyn","12","Individuals",,,"120",,,,"139"
"07/31/2022","Brooklyn","13","Individuals",,,,"51",,,"449"
"07/31/2022","Brooklyn","14","Individuals",,,"35",,,,"88"
"07/31/2022","Brooklyn","15","Individuals",,,,,,,"197"
"07/31/2022","Brooklyn","16","Individuals",,,"610","468",,,"2,404"
"07/31/2022","Brooklyn","17","Individuals",,,,,,,"1,070"
"07/31/2022","Brooklyn","18","Individuals",,"354",,,,,"592"
"07/31/2022","Manhattan","1","Individuals",,,,"20",,,
"07/31/2022","Manhattan","2","Individuals",,,,,,,
"07/31/2022","Manhattan","3","Individuals",,,"409","230",,,"328"
"07/31/2022","Manhattan","4","Individuals",,,"374","98",,"740",
"07/31/2022","Manhattan","5","Individuals",,"299","26","52",,,"364"
"07/31/2022","Manhattan","6","Individuals",,,"681",,,"291",
"07/31/2022","Manhattan","7","Individuals",,"197","62",,,,"584"
"07/31/2022","Manhattan","8","Individuals",,,"27",,,,
"07/31/2022","Manhattan","9","Individuals",,,,,,,"760"
"07/31/2022","Manhattan","10","Individuals",,,"593",,,,"664"
"07/31/2022","Manhattan","11","Individuals",,,"1,191",,,,"572"
"07/31/2022","Manhattan","12","Individuals",,,"312",,,,
"07/31/2022","Queens","1","Individuals",,,"195","138",,"78","356"
"07/31/2022","Queens","2","Individuals",,"290",,"208",,,"297"
"07/31/2022","Queens","3","Individuals",,"49",,"172",,,"869"
"07/31/2022","Queens","4","Individuals",,,,"238",,,"552"
"07/31/2022","Queens","5","Individuals",,,"190",,,,"286"
"07/31/2022","Queens","6","Individuals",,,,,,,
"07/31/2022","Queens","7","Individuals",,,"301",,,,
"07/31/2022","Queens","8","Individuals",,,,,,,"303"
"07/31/2022","Queens","9","Individuals",,,"106",,,,
"07/31/2022","Queens","10","Individuals",,,"169","77",,"174",
"07/31/2022","Queens","11","Individuals",,,,,,,
"07/31/2022","Queens","12","Individuals",,"293","282","136",,,"1,458"
"07/31/2022","Queens","13","Individuals",,,"35","555",,,"860"
"07/31/2022","Queens","14","Individuals",,"310","81","92",,,"177"
"07/31/2022","Staten Island","1","Individuals",,,,,,,"148"
"07/31/2022","Staten Island","3","Individuals",,,,,,,
"06/30/2022","Bronx","1","Individuals",,,"423","177",,,"1,129"
"06/30/2022","Staten Island","3","Individuals",,,,,,,
"06/30/2022","Staten Island","2","Individuals",,,,,,,
"06/30/2022","Staten Island","1","Individuals",,,,,,,"152"
"06/30/2022","Queens","14","Individuals",,"281","71","87",,,"177"
"06/30/2022","Queens","13","Individuals",,,"32","634",,,"877"
"06/30/2022","Queens","12","Individuals",,"290","287","130",,,"1,460"
"06/30/2022","Queens","11","Individuals",,,,,,,
"06/30/2022","Queens","10","Individuals",,,"165","88",,,
"06/30/2022","Queens","9","Individuals",,,"107",,,,
"06/30/2022","Queens","8","Individuals",,,,,,,"310"
"06/30/2022","Queens","7","Individuals",,,"308",,,,
"06/30/2022","Queens","6","Individuals",,,,,,,
"06/30/2022","Queens","5","Individuals",,,"177",,,,"290"
"06/30/2022","Queens","4","Individuals",,,,"238",,,"546"
"06/30/2022","Queens","3","Individuals",,"36",,"173",,,"854"
"06/30/2022","Queens","2","Individuals",,"298",,"227",,,"292"
"06/30/2022","Queens","1","Individuals",,,"187","142",,,"368"
"06/30/2022","Manhattan","12","Individuals",,,"315",,,,
"06/30/2022","Manhattan","11","Individuals",,,"1,224",,,,"560"
"06/30/2022","Manhattan","10","Individuals",,,"529",,,,"568"
"06/30/2022","Manhattan","9","Individuals",,,,,,,"710"
"06/30/2022","Manhattan","8","Individuals",,,"33",,,,
"06/30/2022","Manhattan","7","Individuals",,"187","57",,,,"583"
"06/30/2022","Manhattan","6","Individuals",,,"635",,,,
"06/30/2022","Manhattan","5","Individuals",,"311","30","54",,,"362"
"06/30/2022","Manhattan","4","Individuals",,,"363","0",,"408",
"06/30/2022","Manhattan","3","Individuals",,,"444","231",,,"324"
"06/30/2022","Manhattan","2","Individuals",,,,,,,
"06/30/2022","Manhattan","1","Individuals",,,,"162",,,
"06/30/2022","Brooklyn","18","Individuals",,"337",,,,,"585"
"06/30/2022","Brooklyn","17","Individuals",,,,,,,"1,090"
"06/30/2022","Brooklyn","16","Individuals",,,"599","499",,,"2,356"
"06/30/2022","Brooklyn","15","Individuals",,,,,,,"195"
"06/30/2022","Brooklyn","14","Individuals",,,"27",,,,"89"
"06/30/2022","Brooklyn","13","Individuals",,,,"64",,,"427"
"06/30/2022","Brooklyn","12","Individuals",,,"129",,,,"143"
"06/30/2022","Brooklyn","11","Individuals",,,,,,,
"06/30/2022","Brooklyn","10","Individuals",,,,,,,
"06/30/2022","Brooklyn","9","Individuals",,,"265",,,,"421"
"06/30/2022","Brooklyn","8","Individuals",,,"168","90",,,"405"
"06/30/2022","Brooklyn","7","Individuals",,,"210","515",,,"347"
"06/30/2022","Brooklyn","6","Individuals",,"93","259","274",,,"538"
"06/30/2022","Brooklyn","5","Individuals",,,"638","239",,,"485"
"06/30/2022","Brooklyn","4","Individuals",,,"289","130",,,"824"
"06/30/2022","Brooklyn","3","Individuals",,,"485",,,,"260"
"06/30/2022","Brooklyn","2","Individuals",,"154","318",,,,"79"
"06/30/2022","Brooklyn","1","Individuals",,"159","770","32",,,
"06/30/2022","Bronx","12","Individuals",,,"101",,,,"170"
"06/30/2022","Bronx","11","Individuals",,,,,,,
"06/30/2022","Bronx","10","Individuals",,,,,,,"578"
"06/30/2022","Bronx","9","Individuals",,,"264",,,,"1,179"
"06/30/2022","Bronx","8","Individuals",,,,,,,"222"
"06/30/2022","Bronx","7","Individuals",,,"565",,,,"466"
"06/30/2022","Bronx","6","Individuals",,,"40",,,,"2,142"
"06/30/2022","Bronx","5","Individuals",,"160","483",,,,"1,313"
"06/30/2022","Bronx","4","Individuals",,,"368",,,,"2,256"
"06/30/2022","Bronx","3","Individuals",,,"642","108",,,"1,276"
"06/30/2022","Bronx","2","Individuals",,"144",,,,,"873"
"05/31/2022","Brooklyn","18","Individuals",,"351",,,,,"574"
"05/31/2022","Staten Island","3","Individuals",,,,,,,
"05/31/2022","Staten Island","2","Individuals",,,,,,,
"05/31/2022","Staten Island","1","Individuals",,,,,,,"130"
"05/31/2022","Queens","14","Individuals",,"254","65","87",,,"161"
"05/31/2022","Queens","13","Individuals",,,"34","640",,,"843"
"05/31/2022","Queens","12","Individuals",,"281","279","136",,,"1,440"
"05/31/2022","Queens","11","Individuals",,,,,,,
"05/31/2022","Queens","10","Individuals",,,"170","58",,,
"05/31/2022","Queens","9","Individuals",,,"106",,,,
"05/31/2022","Queens","8","Individuals",,,,,,,"300"
"05/31/2022","Queens","7","Individuals",,,"309",,,,
"05/31/2022","Queens","6","Individuals",,,,,,,
"05/31/2022","Queens","5","Individuals",,,"166",,,,"280"
"05/31/2022","Queens","4","Individuals",,,,"244",,,"514"
"05/31/2022","Queens","3","Individuals",,,,"157",,,"822"
"05/31/2022","Queens","2","Individuals",,"291",,"148",,,"285"
"05/31/2022","Queens","1","Individuals",,,"187","199",,,"352"
"05/31/2022","Manhattan","12","Individuals",,,"313",,,,
"05/31/2022","Manhattan","11","Individuals",,,"1,090",,,,"531"
"05/31/2022","Manhattan","10","Individuals",,,"724",,,,"556"
"05/31/2022","Manhattan","9","Individuals",,,,,,,"579"
"05/31/2022","Manhattan","8","Individuals",,,"35",,,,
"05/31/2022","Manhattan","7","Individuals",,"197","148",,,,"574"
"05/31/2022","Manhattan","6","Individuals",,,"612",,,,
"05/31/2022","Manhattan","5","Individuals",,"323","26","54",,,"368"
"05/31/2022","Manhattan","4","Individuals",,,"372","37",,,
"05/31/2022","Manhattan","3","Individuals",,,"469","230",,,"326"
"05/31/2022","Manhattan","2","Individuals",,,,,,,
"05/31/2022","Manhattan","1","Individuals",,,,"175",,,
"05/31/2022","Brooklyn","17","Individuals",,,,,,,"1,046"
"05/31/2022","Brooklyn","16","Individuals",,,"582","472",,,"2,278"
"05/31/2022","Brooklyn","15","Individuals",,,,,,,"193"
"05/31/2022","Brooklyn","14","Individuals",,,"25",,,,"91"
"05/31/2022","Brooklyn","13","Individuals",,,,"60",,,"406"
"05/31/2022","Brooklyn","12","Individuals",,,"123",,,,"142"
"05/31/2022","Brooklyn","11","Individuals",,,,,,,
"05/31/2022","Brooklyn","10","Individuals",,,,,,,
"05/31/2022","Brooklyn","9","Individuals",,,"254",,,,"398"
"05/31/2022","Brooklyn","8","Individuals",,,"210","86",,,"410"
"05/31/2022","Brooklyn","7","Individuals",,,"202","499",,,"308"
"05/31/2022","Brooklyn","6","Individuals",,"95","250","269",,,"456"
"05/31/2022","Brooklyn","5","Individuals",,,"593","243",,,"498"
"05/31/2022","Brooklyn","4","Individuals",,,"269","128",,,"821"
"05/31/2022","Brooklyn","3","Individuals",,,"519",,,,"263"
"05/31/2022","Brooklyn","2","Individuals",,"144","332",,,,"72"
"05/31/2022","Brooklyn","1","Individuals",,"153","772","35",,,
"05/31/2022","Bronx","12","Individuals",,,"102",,,,"185"
"05/31/2022","Bronx","11","Individuals",,,,,,,
"05/31/2022","Bronx","10","Individuals",,,,,,,"579"
"05/31/2022","Bronx","9","Individuals",,,"259",,,,"1,157"
"05/31/2022","Bronx","8","Individuals",,,,,,,"222"
"05/31/2022","Bronx","7","Individuals",,,"576",,,,"411"
"05/31/2022","Bronx","6","Individuals",,,"53",,,,"2,073"
"05/31/2022","Bronx","5","Individuals",,"160","480",,,,"1,295"
"05/31/2022","Bronx","4","Individuals",,,"369",,,,"2,207"
"05/31/2022","Bronx","3","Individuals",,,"587","117",,,"1,230"
"05/31/2022","Bronx","2","Individuals",,"160",,,,,"854"
"05/31/2022","Bronx","1","Individuals",,,"425","166",,,"1,087"
"04/30/2022","Manhattan","2","Individuals",,,,,,,
"04/30/2022","Staten Island","3","Individuals",,,,,,,
"04/30/2022","Staten Island","2","Individuals",,,,,,,
"04/30/2022","Staten Island","1","Individuals",,,,,,,"125"
"04/30/2022","Queens","14","Individuals",,"233","69","88",,,"165"
"04/30/2022","Queens","13","Individuals",,,"15","675",,,"838"
"04/30/2022","Queens","12","Individuals",,"240","274","144",,,"1,404"
"04/30/2022","Queens","11","Individuals",,,,,,,
"04/30/2022","Queens","10","Individuals",,,"169","52",,,
"04/30/2022","Queens","9","Individuals",,,"113",,,,
"04/30/2022","Queens","8","Individuals",,,,,,,"313"
"04/30/2022","Queens","7","Individuals",,,"304",,,,
"04/30/2022","Queens","6","Individuals",,,,,,,
"04/30/2022","Queens","5","Individuals",,,"174",,,,"278"
"04/30/2022","Queens","4","Individuals",,,,"234",,,"515"
"04/30/2022","Queens","3","Individuals",,,,"162",,,"776"
"04/30/2022","Queens","2","Individuals",,"270",,"149",,,"218"
"04/30/2022","Queens","1","Individuals",,,"183","174",,,"344"
"04/30/2022","Manhattan","12","Individuals",,,"304",,,,
"04/30/2022","Manhattan","11","Individuals",,,"1,208",,,,"549"
"04/30/2022","Manhattan","10","Individuals",,,"657",,,,"558"
"04/30/2022","Manhattan","9","Individuals",,,,,,,"562"
"04/30/2022","Manhattan","8","Individuals",,,"32",,,,
"04/30/2022","Manhattan","7","Individuals",,"198","162",,,,"549"
"04/30/2022","Manhattan","6","Individuals",,,"600",,,,
"04/30/2022","Manhattan","5","Individuals",,"321","33","55",,,"367"
"04/30/2022","Manhattan","4","Individuals",,,"358","34",,,
"04/30/2022","Manhattan","3","Individuals",,,"471","249",,,"320"
"04/30/2022","Manhattan","1","Individuals",,,,"201",,,
"04/30/2022","Brooklyn","18","Individuals",,"336",,,,,"568"
"04/30/2022","Brooklyn","17","Individuals",,,,,,,"1,027"
"04/30/2022","Brooklyn","16","Individuals",,,"585","463",,,"2,103"
"04/30/2022","Brooklyn","15","Individuals",,,,,,,"164"
"04/30/2022","Brooklyn","14","Individuals",,,"5",,,,"86"
"04/30/2022","Brooklyn","13","Individuals",,,,"67",,,"393"
"04/30/2022","Brooklyn","12","Individuals",,,"128",,,,"144"
"04/30/2022","Brooklyn","11","Individuals",,,,,,,
"04/30/2022","Brooklyn","10","Individuals",,,,,,,
"04/30/2022","Brooklyn","9","Individuals",,,"265",,,,"406"
"04/30/2022","Brooklyn","8","Individuals",,,"162","88",,,"399"
"04/30/2022","Brooklyn","7","Individuals",,,"187","498",,,"279"
"04/30/2022","Brooklyn","6","Individuals",,"105","249","274",,,"412"
"04/30/2022","Brooklyn","5","Individuals",,,"607","236",,,"482"
"04/30/2022","Brooklyn","4","Individuals",,,"284","131",,,"804"
"04/30/2022","Brooklyn","3","Individuals",,,"522",,,,"274"
"04/30/2022","Brooklyn","2","Individuals",,"129","332",,,,"72"
"04/30/2022","Brooklyn","1","Individuals",,"161","735","34",,,
"04/30/2022","Bronx","12","Individuals",,,"106",,,,"269"
"04/30/2022","Bronx","11","Individuals",,,,,,,
"04/30/2022","Bronx","10","Individuals",,,,,,,"583"
"04/30/2022","Bronx","9","Individuals",,,"247",,,,"1,124"
"04/30/2022","Bronx","8","Individuals",,,,,,,"218"
"04/30/2022","Bronx","7","Individuals",,,"585",,,,"405"
"04/30/2022","Bronx","6","Individuals",,,"45",,,,"2,069"
"04/30/2022","Bronx","5","Individuals",,"170","470",,,,"1,311"
"04/30/2022","Bronx","4","Individuals",,,"357",,,,"2,104"
"04/30/2022","Bronx","3","Individuals",,,"581","124",,,"1,217"
"04/30/2022","Bronx","2","Individuals",,"156",,,,,"859"
"04/30/2022","Bronx","1","Individuals",,,"420","171",,,"1,113"
"03/31/2022","Bronx","3","Individuals",,,"569","125",,,"1,196"
"03/31/2022","Staten Island","3","Individuals",,,,,,,
"03/31/2022","Staten Island","2","Individuals",,,,,,,
"03/31/2022","Staten Island","1","Individuals",,,,,,,"133"
"03/31/2022","Queens","14","Individuals",,"224","71","77",,,"142"
"03/31/2022","Queens","13","Individuals",,,"8","698",,,"839"
"03/31/2022","Queens","12","Individuals",,"228","275","144",,,"1,229"
"03/31/2022","Queens","11","Individuals",,,,,,,
"03/31/2022","Queens","10","Individuals",,,"161","55",,,
"03/31/2022","Queens","9","Individuals",,,"97",,,,
"03/31/2022","Queens","8","Individuals",,,,,,,"297"
"03/31/2022","Queens","7","Individuals",,,"310",,,,
"03/31/2022","Queens","6","Individuals",,,,,,,
"03/31/2022","Queens","5","Individuals",,,"189",,,,"276"
"03/31/2022","Queens","4","Individuals",,,,"222",,,"526"
"03/31/2022","Queens","3","Individuals",,,,"161",,,"805"
"03/31/2022","Queens","2","Individuals",,"268",,"158",,,"197"
"03/31/2022","Queens","1","Individuals",,,"191","163",,,"356"
"03/31/2022","Manhattan","12","Individuals",,,"311",,,,
"03/31/2022","Manhattan","11","Individuals",,,"1,205",,,,"541"
"03/31/2022","Manhattan","10","Individuals",,,"678",,,,"560"
"03/31/2022","Manhattan","9","Individuals",,,,,,,"560"
"03/31/2022","Manhattan","8","Individuals",,,"33",,,,
"03/31/2022","Manhattan","7","Individuals",,"201","166",,,,"567"
"03/31/2022","Manhattan","6","Individuals",,,"616",,,,
"03/31/2022","Manhattan","5","Individuals",,"319","32","52",,,"477"
"03/31/2022","Manhattan","4","Individuals",,,"366","21",,,
"03/31/2022","Manhattan","3","Individuals",,,"433","263",,,"334"
"03/31/2022","Bronx","2","Individuals",,"170",,,,,"835"
"03/31/2022","Manhattan","2","Individuals",,,,,,,
"03/31/2022","Manhattan","1","Individuals",,,,"235",,,
"03/31/2022","Bronx","1","Individuals",,,"456","175",,,"1,075"
"03/31/2022","Brooklyn","18","Individuals",,"356",,,,,"514"
"03/31/2022","Brooklyn","17","Individuals",,,,,,,"1,003"
"03/31/2022","Brooklyn","16","Individuals",,,"585","495",,,"2,073"
"03/31/2022","Brooklyn","15","Individuals",,,,,,,"171"
"03/31/2022","Brooklyn","14","Individuals",,,,,,,"85"
"03/31/2022","Brooklyn","13","Individuals",,,,"69",,,"394"
"03/31/2022","Brooklyn","12","Individuals",,,"126",,,,"138"
"03/31/2022","Brooklyn","11","Individuals",,,,,,,
"03/31/2022","Brooklyn","10","Individuals",,,,,,,
"03/31/2022","Brooklyn","9","Individuals",,,"266",,,,"402"
"03/31/2022","Brooklyn","8","Individuals",,,"280","88",,,"381"
"03/31/2022","Brooklyn","7","Individuals",,,"177","516",,,"260"
"03/31/2022","Brooklyn","6","Individuals",,"109","257","263",,,"389"
"03/31/2022","Brooklyn","5","Individuals",,,"602","240",,,"483"
"03/31/2022","Brooklyn","4","Individuals",,,"290","131",,,"770"
"03/31/2022","Brooklyn","3","Individuals",,,"538",,,,"264"
"03/31/2022","Brooklyn","2","Individuals",,"121","338",,,,"70"
"03/31/2022","Brooklyn","1","Individuals",,"153","717","27",,,
"03/31/2022","Bronx","12","Individuals",,,"106",,,,"274"
"03/31/2022","Bronx","11","Individuals",,,,,,,
"03/31/2022","Bronx","10","Individuals",,,,,,,"575"
"03/31/2022","Bronx","9","Individuals",,,"261",,,,"1,116"
"03/31/2022","Bronx","8","Individuals",,,,,,,"213"
"03/31/2022","Bronx","7","Individuals",,,"591",,,,"407"
"03/31/2022","Bronx","6","Individuals",,,"47",,,,"2,081"
"03/31/2022","Bronx","5","Individuals",,"165","476",,,,"1,282"
"03/31/2022","Bronx","4","Individuals",,,"368",,,,"2,144"
"02/28/2022","Bronx","1","Individuals",,,"458","174",,,"1,101"
"02/28/2022","Staten Island","3","Individuals",,,,,,,
"02/28/2022","Staten Island","2","Individuals",,,,,,,
"02/28/2022","Staten Island","1","Individuals",,,,,,,"113"
"02/28/2022","Queens","14","Individuals",,"234","64","74",,,"154"
"02/28/2022","Queens","13","Individuals",,,,"723",,,"817"
"02/28/2022","Queens","12","Individuals",,"237","273","164",,,"1,359"
"02/28/2022","Queens","11","Individuals",,,,,,,
"02/28/2022","Queens","10","Individuals",,,"162","51",,,
"02/28/2022","Queens","9","Individuals",,,"98",,,,
"02/28/2022","Queens","8","Individuals",,,,,,,"298"
"02/28/2022","Queens","7","Individuals",,,"297",,,,
"02/28/2022","Queens","6","Individuals",,,,,,,
"02/28/2022","Queens","5","Individuals",,,"178",,,,"264"
"02/28/2022","Queens","4","Individuals",,,,"201",,,"519"
"02/28/2022","Queens","3","Individuals",,,,"158",,,"806"
"02/28/2022","Queens","2","Individuals",,"254",,"161",,,"189"
"02/28/2022","Queens","1","Individuals",,,"188","166",,,"348"
"02/28/2022","Manhattan","12","Individuals",,,"310",,,,
"02/28/2022","Manhattan","11","Individuals",,,"1,230",,,,"558"
"02/28/2022","Manhattan","10","Individuals",,,"707",,,,"556"
"02/28/2022","Manhattan","9","Individuals",,,,,,,"510"
"02/28/2022","Manhattan","8","Individuals",,,"37",,,,
"02/28/2022","Manhattan","7","Individuals",,"206","160",,,,"592"
"02/28/2022","Manhattan","6","Individuals",,,"630",,,,
"02/28/2022","Manhattan","5","Individuals",,"323","23","56",,,"354"
"02/28/2022","Manhattan","4","Individuals",,,"363","25",,,
"02/28/2022","Manhattan","3","Individuals",,,"440","262",,,"331"
"02/28/2022","Manhattan","2","Individuals",,,,,,,
"02/28/2022","Manhattan","1","Individuals",,,,"242",,,
"02/28/2022","Brooklyn","18","Individuals",,"347",,,,,"506"
"02/28/2022","Brooklyn","17","Individuals",,,,"98",,,"988"
"02/28/2022","Brooklyn","16","Individuals",,,"576","469",,,"2,134"
"02/28/2022","Brooklyn","15","Individuals",,,,,,,"180"
"02/28/2022","Brooklyn","14","Individuals",,,,,,,"84"
"02/28/2022","Brooklyn","13","Individuals",,,,"65",,,"416"
"02/28/2022","Brooklyn","12","Individuals",,,"125",,,,"146"
"02/28/2022","Brooklyn","11","Individuals",,,,,,,
"02/28/2022","Brooklyn","10","Individuals",,,,,,,
"02/28/2022","Brooklyn","9","Individuals",,,"272",,,,"389"
"02/28/2022","Brooklyn","8","Individuals",,,"264","86",,,"397"
"02/28/2022","Brooklyn","7","Individuals",,,"168","504",,,"207"
"02/28/2022","Brooklyn","6","Individuals",,"115","270","396",,,"402"
"02/28/2022","Brooklyn","5","Individuals",,,"567","244",,,"481"
"02/28/2022","Brooklyn","4","Individuals",,,"299","126",,,"795"
"02/28/2022","Brooklyn","3","Individuals",,,"528",,,,"261"
"02/28/2022","Brooklyn","2","Individuals",,"144","362",,,,"61"
"02/28/2022","Brooklyn","1","Individuals",,"157","672","30",,,
"02/28/2022","Bronx","12","Individuals",,,"105",,,,"285"
"02/28/2022","Bronx","11","Individuals",,,,,,,
"02/28/2022","Bronx","10","Individuals",,,,,,,"566"
"02/28/2022","Bronx","9","Individuals",,,"266",,,,"1,106"
"02/28/2022","Bronx","8","Individuals",,,,,,,"227"
"02/28/2022","Bronx","7","Individuals",,,"586",,,,"376"
"02/28/2022","Bronx","6","Individuals",,"90","43",,,,"2,063"
"02/28/2022","Bronx","5","Individuals",,"131","485",,,,"1,285"
"02/28/2022","Bronx","4","Individuals",,,"346",,,,"2,111"
"02/28/2022","Bronx","3","Individuals",,,"542","124",,,"1,134"
"02/28/2022","Bronx","2","Individuals",,"152",,,,,"824"
"01/31/2022","Manhattan","2","Individuals",,,,,,,
"01/31/2022","Staten Island","3","Individuals",,,,,,,
"01/31/2022","Staten Island","2","Individuals",,,,,,,
"01/31/2022","Staten Island","1","Individuals",,,,,,,"114"
"01/31/2022","Queens","14","Individuals",,"238","64","69",,,"155"
"01/31/2022","Queens","13","Individuals",,,,"716",,,"804"
"01/31/2022","Queens","12","Individuals",,"236","272","175",,,"1,350"
"01/31/2022","Queens","11","Individuals",,,,,,,
"01/31/2022","Queens","10","Individuals","138",,"160","58",,,
"01/31/2022","Queens","9","Individuals",,,"105",,,,
"01/31/2022","Queens","8","Individuals",,,,,,,"285"
"01/31/2022","Queens","7","Individuals",,,"301",,,,
"01/31/2022","Queens","6","Individuals",,,,,,,
"01/31/2022","Queens","5","Individuals",,,"183",,,,"237"
"01/31/2022","Queens","4","Individuals",,,,"206",,,"528"
"01/31/2022","Queens","3","Individuals",,,,"156",,,"784"
"01/31/2022","Queens","2","Individuals",,"217",,"169",,,"190"
"01/31/2022","Queens","1","Individuals",,,"191","187",,,"353"
"01/31/2022","Manhattan","12","Individuals",,,"302",,,,
"01/31/2022","Manhattan","11","Individuals",,,"1,179",,,,"544"
"01/31/2022","Manhattan","10","Individuals",,,"695",,,,"529"
"01/31/2022","Manhattan","9","Individuals",,,,,,,"579"
"01/31/2022","Manhattan","8","Individuals",,,"38",,,,
"01/31/2022","Manhattan","7","Individuals",,"206","167",,,,"587"
"01/31/2022","Manhattan","6","Individuals",,,"577","11",,,
"01/31/2022","Manhattan","5","Individuals",,"292","16","205",,,"356"
"01/31/2022","Manhattan","4","Individuals",,,"324","48",,,
"01/31/2022","Manhattan","3","Individuals",,,"449","258",,,"326"
"01/31/2022","Manhattan","1","Individuals",,,,"240",,,
"01/31/2022","Brooklyn","18","Individuals",,"338","15",,,,"487"
"01/31/2022","Brooklyn","17","Individuals",,,,"114",,,"1,012"
"01/31/2022","Brooklyn","16","Individuals",,,"536","439",,,"2,177"
"01/31/2022","Brooklyn","15","Individuals",,,,,,,"182"
"01/31/2022","Brooklyn","14","Individuals",,,,,,,"89"
"01/31/2022","Brooklyn","13","Individuals",,,,"68",,,"397"
"01/31/2022","Brooklyn","12","Individuals",,,"121",,,,"137"
"01/31/2022","Brooklyn","11","Individuals",,,,,,,
"01/31/2022","Brooklyn","10","Individuals",,,,,,,
"01/31/2022","Brooklyn","9","Individuals",,,"254",,,,"397"
"01/31/2022","Brooklyn","8","Individuals",,,"239","85",,,"388"
"01/31/2022","Brooklyn","7","Individuals",,,"164","525",,,"212"
"01/31/2022","Brooklyn","6","Individuals",,"93","288","409",,,"388"
"01/31/2022","Brooklyn","5","Individuals",,,"566","232",,,"465"
"01/31/2022","Brooklyn","4","Individuals",,,"270","129",,,"783"
"01/31/2022","Brooklyn","3","Individuals",,,"513",,,,"258"
"01/31/2022","Brooklyn","2","Individuals",,"139","344",,,,"71"
"01/31/2022","Brooklyn","1","Individuals",,"159","596","28",,,
"01/31/2022","Bronx","12","Individuals",,,"107",,,,"289"
"01/31/2022","Bronx","11","Individuals",,,,,,,
"01/31/2022","Bronx","10","Individuals",,,,,,,"587"
"01/31/2022","Bronx","9","Individuals",,,"221",,,,"1,119"
"01/31/2022","Bronx","8","Individuals",,,,,,,"218"
"01/31/2022","Bronx","7","Individuals",,,"577",,,,"393"
"01/31/2022","Bronx","6","Individuals",,"86","67",,,,"2,065"
"01/31/2022","Bronx","5","Individuals",,"140","465",,,,"1,322"
"01/31/2022","Bronx","4","Individuals",,,"370",,,,"2,149"
"01/31/2022","Bronx","3","Individuals",,,"563","121",,,"1,045"
"01/31/2022","Bronx","2","Individuals",,"148","0",,,,"854"
"01/31/2022","Bronx","1","Individuals",,,"460","172",,,"1,102"
"12/31/2021","Bronx","2","Individuals",,"161","0",,,,"854"
"12/31/2021","Staten Island","3","Individuals",,,,,,,
"12/31/2021","Staten Island","2","Individuals",,,,,,,
"12/31/2021","Staten Island","1","Individuals",,,,,,,"117"
"12/31/2021","Queens","14","Individuals",,"243","62","46",,,"160"
"12/31/2021","Queens","13","Individuals",,,,"779",,,"841"
"12/31/2021","Queens","12","Individuals",,"225","275","169",,,"1,368"
"12/31/2021","Queens","11","Individuals",,,,,,,
"12/31/2021","Queens","10","Individuals","151",,"159","82",,,
"12/31/2021","Queens","9","Individuals",,,"94",,,,
"12/31/2021","Queens","8","Individuals",,,,,,,"299"
"12/31/2021","Queens","7","Individuals",,,"294",,,,
"12/31/2021","Queens","6","Individuals",,,,,,,
"12/31/2021","Queens","5","Individuals",,,"194",,,,"159"
"12/31/2021","Queens","4","Individuals",,,,"181",,,"516"
"12/31/2021","Queens","3","Individuals",,,,"146",,,"757"
"12/31/2021","Queens","2","Individuals",,"207",,"134",,,"195"
"12/31/2021","Queens","1","Individuals",,,"187","239",,,"343"
"12/31/2021","Manhattan","12","Individuals",,,"298",,,,
"12/31/2021","Manhattan","11","Individuals",,,"1,167",,,,"552"
"12/31/2021","Manhattan","10","Individuals",,,"625",,,,"545"
"12/31/2021","Manhattan","9","Individuals",,,,,,,"567"
"12/31/2021","Manhattan","8","Individuals",,,"32",,,,
"12/31/2021","Manhattan","7","Individuals",,"196","162",,,,"589"
"12/31/2021","Manhattan","6","Individuals",,,"552","3",,,
"12/31/2021","Manhattan","5","Individuals",,"310","11","230",,"8","336"
"12/31/2021","Manhattan","4","Individuals",,,"323","129",,,
"12/31/2021","Manhattan","3","Individuals",,,"403","262",,,"334"
"12/31/2021","Bronx","1","Individuals",,,"434","172",,,"1,133"
"12/31/2021","Manhattan","2","Individuals",,,,,,,
"12/31/2021","Manhattan","1","Individuals",,,,"238",,,
"12/31/2021","Brooklyn","18","Individuals",,"350","111",,,,"484"
"12/31/2021","Brooklyn","17","Individuals",,,,"107",,,"950"
"12/31/2021","Brooklyn","16","Individuals",,,"531","438",,,"2,152"
"12/31/2021","Brooklyn","15","Individuals",,,,,,,"205"
"12/31/2021","Brooklyn","14","Individuals",,,,,,,"88"
"12/31/2021","Brooklyn","13","Individuals",,,,"61",,,"349"
"12/31/2021","Brooklyn","12","Individuals",,,"123",,,,"142"
"12/31/2021","Brooklyn","11","Individuals",,,,,,,
"12/31/2021","Brooklyn","10","Individuals",,,,,,,
"12/31/2021","Brooklyn","9","Individuals",,,"258",,,,"402"
"12/31/2021","Brooklyn","8","Individuals",,,"182","80",,,"399"
"12/31/2021","Brooklyn","7","Individuals",,,"162","551",,,"203"
"12/31/2021","Brooklyn","6","Individuals",,"106","273","408",,,"397"
"12/31/2021","Brooklyn","5","Individuals",,,"549","206",,,"477"
"12/31/2021","Brooklyn","4","Individuals",,,"227","128",,,"813"
"12/31/2021","Brooklyn","3","Individuals",,,"514",,,,"273"
"12/31/2021","Brooklyn","2","Individuals",,"113","306",,,,"73"
"12/31/2021","Brooklyn","1","Individuals",,"169","574","29",,,
"12/31/2021","Bronx","12","Individuals",,,"98",,,,"278"
"12/31/2021","Bronx","11","Individuals",,,,,,,
"12/31/2021","Bronx","10","Individuals",,,,,,,"591"
"12/31/2021","Bronx","9","Individuals",,,"238",,,,"1,141"
"12/31/2021","Bronx","8","Individuals",,,,,,,"212"
"12/31/2021","Bronx","7","Individuals",,,"526",,,,"391"
"12/31/2021","Bronx","6","Individuals",,"82","60",,,,"2,145"
"12/31/2021","Bronx","5","Individuals",,"142","429",,,,"1,301"
"12/31/2021","Bronx","4","Individuals",,,"370",,,,"2,205"
"12/31/2021","Bronx","3","Individuals",,,"509","117",,,"950"
"11/30/2021","Manhattan","1","Individuals",,,,"242",,,
"11/30/2021","Staten Island","3","Individuals",,,,,,,
"11/30/2021","Staten Island","2","Individuals",,,,,,,
"11/30/2021","Staten Island","1","Individuals",,,,,,,"127"
"11/30/2021","Queens","14","Individuals",,"268","62","26",,,"151"
"11/30/2021","Queens","13","Individuals",,,,"767",,,"836"
"11/30/2021","Queens","12","Individuals",,"199","279","169",,,"1,375"
"11/30/2021","Queens","11","Individuals",,,,,,,
"11/30/2021","Queens","10","Individuals","207",,"163","58",,,
"11/30/2021","Queens","9","Individuals",,,"106",,,,
"11/30/2021","Queens","8","Individuals",,,,,,,"291"
"11/30/2021","Queens","7","Individuals",,,"238",,,,
"11/30/2021","Queens","6","Individuals",,,,,,,
"11/30/2021","Queens","5","Individuals",,,"200",,,,
"11/30/2021","Queens","4","Individuals",,,,"209",,,"502"
"11/30/2021","Queens","3","Individuals",,,,"155",,,"746"
"11/30/2021","Queens","2","Individuals",,"196",,"142",,"153","192"
"11/30/2021","Queens","1","Individuals",,,"185","199",,,"355"
"11/30/2021","Manhattan","12","Individuals",,,"258",,,,
"11/30/2021","Manhattan","11","Individuals",,,"1,080",,,,"542"
"11/30/2021","Manhattan","10","Individuals",,,"612",,,,"534"
"11/30/2021","Manhattan","9","Individuals",,,,,,,"565"
"11/30/2021","Manhattan","8","Individuals",,,"38",,,,
"11/30/2021","Manhattan","7","Individuals",,"202","169",,,,"564"
"11/30/2021","Manhattan","6","Individuals",,,"579","105",,,
"11/30/2021","Manhattan","5","Individuals",,"308","7","211",,"608","336"
"11/30/2021","Manhattan","4","Individuals",,,"358","67",,"342",
"11/30/2021","Manhattan","3","Individuals",,,"470","273",,,"335"
"11/30/2021","Manhattan","2","Individuals",,,,,,,
"11/30/2021","Brooklyn","18","Individuals",,"345",,,,,"504"
"11/30/2021","Brooklyn","17","Individuals",,,,"134",,,"924"
"11/30/2021","Brooklyn","16","Individuals",,,"567","452",,,"2,136"
"11/30/2021","Brooklyn","15","Individuals",,,,,,,"179"
"11/30/2021","Brooklyn","14","Individuals",,,,,,,"85"
"11/30/2021","Brooklyn","13","Individuals",,,,"69",,,"337"
"11/30/2021","Brooklyn","12","Individuals",,,"133",,,,"143"
"11/30/2021","Brooklyn","11","Individuals",,,,,,,
"11/30/2021","Brooklyn","10","Individuals",,,,,,,
"11/30/2021","Brooklyn","9","Individuals",,,"269",,,,"383"
"11/30/2021","Brooklyn","8","Individuals",,,"235","85",,,"357"
"11/30/2021","Brooklyn","7","Individuals",,,"172","572",,,"179"
"11/30/2021","Brooklyn","6","Individuals",,"112","278","421",,,"425"
"11/30/2021","Brooklyn","5","Individuals",,,"613","236",,,"427"
"11/30/2021","Brooklyn","4","Individuals",,,"356","135",,,"796"
"11/30/2021","Brooklyn","3","Individuals",,,"521",,,,"266"
"11/30/2021","Brooklyn","2","Individuals",,"120","300",,,,"67"
"11/30/2021","Brooklyn","1","Individuals",,"152","659","35",,,
"11/30/2021","Bronx","12","Individuals",,,"106",,,,"258"
"11/30/2021","Bronx","11","Individuals",,,,,,,
"11/30/2021","Bronx","10","Individuals",,,,,,,"571"
"11/30/2021","Bronx","9","Individuals",,,"255",,,,"1,131"
"11/30/2021","Bronx","8","Individuals",,,,,,,"212"
"11/30/2021","Bronx","7","Individuals",,,"608",,,,"271"
"11/30/2021","Bronx","6","Individuals",,"74","67",,,,"2,078"
"11/30/2021","Bronx","5","Individuals",,"155","421",,,,"1,295"
"11/30/2021","Bronx","4","Individuals",,,"392",,,,"2,164"
"11/30/2021","Bronx","3","Individuals",,,"536","188",,,"831"
"11/30/2021","Bronx","2","Individuals",,"161",,,,,"870"
"11/30/2021","Bronx","1","Individuals",,,"383","174",,,"1,096"
"10/31/2021","Manhattan","2","Individuals",,,,,,,
"10/31/2021","Staten Island","3","Individuals",,,,,,,
"10/31/2021","Staten Island","2","Individuals",,,,,,,
"10/31/2021","Staten Island","1","Individuals",,,,,,,"112"
"10/31/2021","Queens","14","Individuals",,"254","81","18",,,"155"
"10/31/2021","Queens","13","Individuals",,,,"766",,,"828"
"10/31/2021","Queens","12","Individuals",,"188","274","237",,,"1,383"
"10/31/2021","Queens","11","Individuals",,,,,,,
"10/31/2021","Queens","10","Individuals","227",,"168","59",,"34",
"10/31/2021","Queens","9","Individuals",,,"110",,,,
"10/31/2021","Queens","8","Individuals",,,,,,,
"10/31/2021","Queens","7","Individuals",,,"226",,,,"305"
"10/31/2021","Queens","6","Individuals",,,,,,,
"10/31/2021","Queens","5","Individuals",,,"193",,,,
"10/31/2021","Queens","4","Individuals",,,,"225",,,"504"
"10/31/2021","Queens","3","Individuals",,,,"162",,,"773"
"10/31/2021","Queens","2","Individuals",,"190",,"144",,"146","190"
"10/31/2021","Queens","1","Individuals",,,"180","275",,,"373"
"10/31/2021","Manhattan","12","Individuals",,,"260",,,,
"10/31/2021","Manhattan","11","Individuals",,,"1,063",,,,"553"
"10/31/2021","Manhattan","10","Individuals",,,"576",,,,"537"
"10/31/2021","Manhattan","9","Individuals",,,,,,,"572"
"10/31/2021","Manhattan","8","Individuals",,,"39",,,,
"10/31/2021","Manhattan","7","Individuals",,"200","183",,,,"566"
"10/31/2021","Manhattan","6","Individuals",,,"553","108",,,
"10/31/2021","Manhattan","5","Individuals",,"284",,"218",,"722","330"
"10/31/2021","Manhattan","4","Individuals",,,"315","113",,"322",
"10/31/2021","Manhattan","3","Individuals",,,"415","271",,,"338"
"10/31/2021","Manhattan","1","Individuals",,,,"244",,"48",
"10/31/2021","Brooklyn","18","Individuals",,"333",,,,,"514"
"10/31/2021","Brooklyn","17","Individuals",,,,"132",,,"929"
"10/31/2021","Brooklyn","16","Individuals",,,"529","448",,,"2,203"
"10/31/2021","Brooklyn","15","Individuals",,,,,,,"197"
"10/31/2021","Brooklyn","14","Individuals",,,,,,,"89"
"10/31/2021","Brooklyn","13","Individuals",,,,"65",,,"356"
"10/31/2021","Brooklyn","12","Individuals",,,"124",,,,"141"
"10/31/2021","Brooklyn","11","Individuals",,,,,,,
"10/31/2021","Brooklyn","10","Individuals",,,,,,,
"10/31/2021","Brooklyn","9","Individuals",,,"274",,,,"395"
"10/31/2021","Brooklyn","8","Individuals",,,"143","87",,,"384"
"10/31/2021","Brooklyn","7","Individuals",,,"176","571",,,"114"
"10/31/2021","Brooklyn","6","Individuals",,"113","254","418",,,"412"
"10/31/2021","Brooklyn","5","Individuals",,,"608","232",,,"450"
"10/31/2021","Brooklyn","4","Individuals",,,"352","136",,,"798"
"10/31/2021","Brooklyn","3","Individuals",,,"518",,,,"266"
"10/31/2021","Brooklyn","2","Individuals",,"135","307",,,,"67"
"10/31/2021","Brooklyn","1","Individuals",,"150","577","46",,,
"10/31/2021","Bronx","12","Individuals",,,"101",,,,"276"
"10/31/2021","Bronx","11","Individuals",,,,,,,
"10/31/2021","Bronx","10","Individuals",,,,,,,"589"
"10/31/2021","Bronx","9","Individuals",,,"249",,,,"1,103"
"10/31/2021","Bronx","8","Individuals",,,,,,,"212"
"10/31/2021","Bronx","7","Individuals",,"0","585",,,,"297"
"10/31/2021","Bronx","6","Individuals",,"58","67",,,,"2,015"
"10/31/2021","Bronx","5","Individuals",,"155","411",,,,"1,291"
"10/31/2021","Bronx","4","Individuals",,,"396",,,,"2,170"
"10/31/2021","Bronx","3","Individuals",,"74","534","178",,,"848"
"10/31/2021","Bronx","2","Individuals",,"170","0",,,,"893"
"10/31/2021","Bronx","1","Individuals",,,"337","168",,,"1,080"
"09/30/2021","Bronx","3","Individuals",,"86","528","185",,,"841"
"09/30/2021","Staten Island","3","Individuals",,,,,,,
"09/30/2021","Staten Island","2","Individuals",,,,,,,
"09/30/2021","Staten Island","1","Individuals",,,,,,,"109"
"09/30/2021","Queens","14","Individuals",,"253","99",,,,"163"
"09/30/2021","Queens","13","Individuals",,,,"697",,,"808"
"09/30/2021","Queens","12","Individuals",,"166","256","341",,,"1,362"
"09/30/2021","Queens","11","Individuals",,,,,,,
"09/30/2021","Queens","10","Individuals","241",,"159","55",,"51",
"09/30/2021","Queens","9","Individuals",,,"74",,,,
"09/30/2021","Queens","8","Individuals",,,,,,,"288"
"09/30/2021","Queens","7","Individuals",,,"201",,,,
"09/30/2021","Queens","6","Individuals",,,,,,,
"09/30/2021","Queens","5","Individuals",,,"174",,,,
"09/30/2021","Queens","4","Individuals",,,,"228",,,"512"
"09/30/2021","Queens","3","Individuals",,,,"316",,,"760"
"09/30/2021","Queens","2","Individuals",,"191",,"147",,"141","192"
"09/30/2021","Queens","1","Individuals",,,"186","402",,,"374"
"09/30/2021","Manhattan","12","Individuals",,,"267",,,,
"09/30/2021","Manhattan","11","Individuals",,,"1,047",,,,"502"
"09/30/2021","Manhattan","10","Individuals",,,"581",,,,"533"
"09/30/2021","Manhattan","9","Individuals",,,,,,,"546"
"09/30/2021","Manhattan","8","Individuals",,,"40",,,,
"09/30/2021","Manhattan","7","Individuals",,"186","177",,,,"549"
"09/30/2021","Manhattan","6","Individuals",,,"591","105",,,
"09/30/2021","Manhattan","5","Individuals",,"246",,"225",,"838","337"
"09/30/2021","Manhattan","4","Individuals",,,"372","61",,"340",
"09/30/2021","Manhattan","3","Individuals",,,"323","271",,,"326"
"09/30/2021","Bronx","2","Individuals",,"166",,,"47",,"924"
"09/30/2021","Manhattan","2","Individuals",,,,,,,
"09/30/2021","Bronx","1","Individuals",,,"331","174",,,"1,105"
"09/30/2021","Manhattan","1","Individuals",,,,"199",,"61",
"09/30/2021","Brooklyn","18","Individuals",,"334",,,,,"495"
"09/30/2021","Brooklyn","17","Individuals",,,,"132",,,"870"
"09/30/2021","Brooklyn","16","Individuals",,,"490","424",,,"2,175"
"09/30/2021","Brooklyn","15","Individuals",,,,,,,"173"
"09/30/2021","Brooklyn","14","Individuals",,,,,,,"92"
"09/30/2021","Brooklyn","13","Individuals",,,,"57",,,"291"
"09/30/2021","Brooklyn","12","Individuals",,,"114",,,,"142"
"09/30/2021","Brooklyn","11","Individuals",,,,,,,
"09/30/2021","Brooklyn","10","Individuals",,,,,,,
"09/30/2021","Brooklyn","9","Individuals",,,"269",,,,"391"
"09/30/2021","Brooklyn","8","Individuals",,,"172","89",,,"366"
"09/30/2021","Brooklyn","7","Individuals",,,"181","566",,,"117"
"09/30/2021","Brooklyn","6","Individuals",,"113","217","397",,,"375"
"09/30/2021","Brooklyn","5","Individuals",,,"559","240",,,"429"
"09/30/2021","Brooklyn","4","Individuals",,,"306","137",,,"818"
"09/30/2021","Brooklyn","3","Individuals",,,"525",,,,"271"
"09/30/2021","Brooklyn","2","Individuals",,"82","271",,,,"62"
"09/30/2021","Brooklyn","1","Individuals",,"152","578","43",,,
"09/30/2021","Bronx","12","Individuals",,,"108",,,,"285"
"09/30/2021","Bronx","11","Individuals",,,,,,,
"09/30/2021","Bronx","10","Individuals",,,,,,,"565"
"09/30/2021","Bronx","9","Individuals",,,"258",,,,"1,119"
"09/30/2021","Bronx","8","Individuals",,,,,,,"215"
"09/30/2021","Bronx","7","Individuals",,"70","603",,,,"318"
"09/30/2021","Bronx","6","Individuals",,"54","79",,,,"1,944"
"09/30/2021","Bronx","5","Individuals",,"139","342",,"81",,"1,243"
"09/30/2021","Bronx","4","Individuals",,,"417",,"43",,"2,170"
"08/31/2021","Bronx","1","Individuals",,,"251","172",,,"1,064"
"08/31/2021","Staten Island","3","Individuals",,,,,,,
"08/31/2021","Staten Island","2","Individuals",,,,,,,
"08/31/2021","Staten Island","1","Individuals",,,,,,,"77"
"08/31/2021","Queens","14","Individuals",,"262","100","70",,"59","126"
"08/31/2021","Queens","13","Individuals",,,,"669",,"102","791"
"08/31/2021","Queens","12","Individuals",,"163","163","434",,,"1,305"
"08/31/2021","Queens","11","Individuals",,,,,,,
"08/31/2021","Queens","10","Individuals","256",,"165","54",,"53",
"08/31/2021","Queens","9","Individuals",,,,,,,
"08/31/2021","Queens","8","Individuals",,,,,,,"304"
"08/31/2021","Queens","7","Individuals",,,"108","83",,,
"08/31/2021","Queens","6","Individuals",,,,,,,
"08/31/2021","Queens","5","Individuals",,,"199",,,,
"08/31/2021","Queens","4","Individuals",,,,"241",,,"472"
"08/31/2021","Queens","3","Individuals",,,,"459",,,"686"
"08/31/2021","Queens","2","Individuals",,"197",,"229",,"128","209"
"08/31/2021","Queens","1","Individuals",,,"157","696",,,"336"
"08/31/2021","Manhattan","12","Individuals",,,"229",,,,
"08/31/2021","Manhattan","11","Individuals",,,"951",,,,"447"
"08/31/2021","Manhattan","10","Individuals",,,"506",,,,"510"
"08/31/2021","Manhattan","9","Individuals",,,,,,,"554"
"08/31/2021","Manhattan","8","Individuals",,,"37",,,,
"08/31/2021","Manhattan","7","Individuals",,"204","174",,,,"542"
"08/31/2021","Manhattan","6","Individuals",,,"525","105",,,
"08/31/2021","Manhattan","5","Individuals",,"233",,"184",,"964","321"
"08/31/2021","Manhattan","4","Individuals",,,"327","86",,"442",
"08/31/2021","Manhattan","3","Individuals",,,"277","265",,,"316"
"08/31/2021","Manhattan","2","Individuals",,,,,,,
"08/31/2021","Manhattan","1","Individuals",,,,"241",,"62",
"08/31/2021","Brooklyn","18","Individuals",,"331",,,,,"483"
"08/31/2021","Brooklyn","17","Individuals",,,,"132",,,"794"
"08/31/2021","Brooklyn","16","Individuals",,,"386","489",,"66","2,081"
"08/31/2021","Brooklyn","15","Individuals",,,,,,,"142"
"08/31/2021","Brooklyn","14","Individuals",,,,,,,"84"
"08/31/2021","Brooklyn","13","Individuals",,,,"59",,,"159"
"08/31/2021","Brooklyn","12","Individuals",,,"62",,,,"145"
"08/31/2021","Brooklyn","11","Individuals",,,,,,,
"08/31/2021","Brooklyn","10","Individuals",,,,,,,
"08/31/2021","Brooklyn","9","Individuals",,,"122",,,,"391"
"08/31/2021","Brooklyn","8","Individuals",,,"142","87",,,"328"
"08/31/2021","Brooklyn","7","Individuals",,,"180","648",,,"110"
"08/31/2021","Brooklyn","6","Individuals",,"115","148","405",,,"347"
"08/31/2021","Brooklyn","5","Individuals",,,"535","296",,,"375"
"08/31/2021","Brooklyn","4","Individuals",,,"293","175",,,"800"
"08/31/2021","Brooklyn","3","Individuals",,,"467","29",,,"286"
"08/31/2021","Brooklyn","2","Individuals",,"62","238","206",,,"63"
"08/31/2021","Brooklyn","1","Individuals",,"155","536","43",,,
"08/31/2021","Bronx","12","Individuals",,,"105","86",,,"276"
"08/31/2021","Bronx","11","Individuals",,,,,,,
"08/31/2021","Bronx","10","Individuals",,,,,,,"571"
"08/31/2021","Bronx","9","Individuals",,,"231",,,,"1,078"
"08/31/2021","Bronx","8","Individuals",,,,,,,"205"
"08/31/2021","Bronx","7","Individuals",,"78","584",,,,"289"
"08/31/2021","Bronx","6","Individuals",,"54","60",,,,"1,915"
"08/31/2021","Bronx","5","Individuals",,"152","226",,"93",,"1,238"
"08/31/2021","Bronx","4","Individuals",,,"349","64","92",,"2,046"
"08/31/2021","Bronx","3","Individuals",,"84","386","208",,,"859"
"08/31/2021","Bronx","2","Individuals",,"154",,,"52",,"895"
"07/31/2021","Manhattan","2","Individuals",,,,"64",,,
"07/31/2021","Staten Island","3","Individuals",,,,,,,
"07/31/2021","Staten Island","2","Individuals",,,,,,,
"07/31/2021","Staten Island","1","Individuals",,,,,,,"71"
"07/31/2021","Queens","14","Individuals",,"270","50","93",,"70","125"
"07/31/2021","Queens","13","Individuals",,,,"688",,"92","738"
"07/31/2021","Queens","12","Individuals",,"175","145","596",,,"1,254"
"07/31/2021","Queens","11","Individuals",,,,,,,
"07/31/2021","Queens","10","Individuals","266",,"166","58",,"155",
"07/31/2021","Queens","9","Individuals",,,,,,,
"07/31/2021","Queens","8","Individuals",,,,,,,"298"
"07/31/2021","Queens","7","Individuals",,,"111","92",,,
"07/31/2021","Queens","6","Individuals",,,,,,,
"07/31/2021","Queens","5","Individuals",,,"188",,,,
"07/31/2021","Queens","4","Individuals",,,,"256",,,"494"
"07/31/2021","Queens","3","Individuals",,,,"478",,,"639"
"07/31/2021","Queens","2","Individuals",,"206",,"84",,"107","200"
"07/31/2021","Queens","1","Individuals",,,"156","688",,,"317"
"07/31/2021","Manhattan","12","Individuals",,,"227",,,,
"07/31/2021","Manhattan","11","Individuals",,,"984",,,,"457"
"07/31/2021","Manhattan","10","Individuals",,,"570",,,,"523"
"07/31/2021","Manhattan","9","Individuals",,,,,,,"516"
"07/31/2021","Manhattan","8","Individuals",,,"41",,,,
"07/31/2021","Manhattan","7","Individuals",,"204","156","125",,,"516"
"07/31/2021","Manhattan","6","Individuals",,,"481","104",,,
"07/31/2021","Manhattan","5","Individuals",,"248",,"199",,"1,050","294"
"07/31/2021","Manhattan","4","Individuals",,,"253","16",,"484",
"07/31/2021","Manhattan","3","Individuals",,,"249","265",,,"298"
"07/31/2021","Manhattan","1","Individuals",,,,"217",,"66",
"07/31/2021","Brooklyn","18","Individuals",,"321",,,,,"475"
"07/31/2021","Brooklyn","17","Individuals",,,,"132",,,"790"
"07/31/2021","Brooklyn","16","Individuals",,,"331","526",,"53","2,047"
"07/31/2021","Brooklyn","15","Individuals",,,,,,,"124"
"07/31/2021","Brooklyn","14","Individuals",,,,,,,"91"
"07/31/2021","Brooklyn","13","Individuals",,,,"64",,,"123"
"07/31/2021","Brooklyn","12","Individuals",,,"100",,,,"137"
"07/31/2021","Brooklyn","11","Individuals",,,,,,,
"07/31/2021","Brooklyn","10","Individuals",,,,,,,
"07/31/2021","Brooklyn","9","Individuals",,,"125",,,,"377"
"07/31/2021","Brooklyn","8","Individuals",,,"97","86",,,"326"
"07/31/2021","Brooklyn","7","Individuals",,,"185","673",,,"81"
"07/31/2021","Brooklyn","6","Individuals",,"111","163","397",,,"363"
"07/31/2021","Brooklyn","5","Individuals",,,"563","323",,"57","359"
"07/31/2021","Brooklyn","4","Individuals",,,"288","189",,,"795"
"07/31/2021","Brooklyn","3","Individuals",,,"446","38",,,"275"
"07/31/2021","Brooklyn","2","Individuals",,"90","205","250",,,"57"
"07/31/2021","Brooklyn","1","Individuals",,"141","533","48",,,
"07/31/2021","Bronx","12","Individuals",,,"105","124",,,"270"
"07/31/2021","Bronx","11","Individuals",,,,,,,
"07/31/2021","Bronx","10","Individuals",,,,,,,"570"
"07/31/2021","Bronx","9","Individuals",,,"192",,,,"1,056"
"07/31/2021","Bronx","8","Individuals",,,,,,,"214"
"07/31/2021","Bronx","7","Individuals",,"76","599",,,,"291"
"07/31/2021","Bronx","6","Individuals",,"54","49",,,,"1,917"
"07/31/2021","Bronx","5","Individuals",,"157","213",,"117",,"1,220"
"07/31/2021","Bronx","4","Individuals",,,"337","77","109",,"2,080"
"07/31/2021","Bronx","3","Individuals",,"84","354","214",,,"811"
"07/31/2021","Bronx","2","Individuals",,"152","0",,"58",,"899"
"07/31/2021","Bronx","1","Individuals",,,"240","168",,,"1,053"
"06/30/2021","Bronx","2","Individuals",,"160",,,"143",,"893"
"06/30/2021","Staten Island","3","Individuals",,,,,,,
"06/30/2021","Staten Island","2","Individuals",,,,,,,
"06/30/2021","Staten Island","1","Individuals",,,,,,,"58"
"06/30/2021","Queens","14","Individuals",,"287",,"180",,"80","136"
"06/30/2021","Queens","13","Individuals",,,,"583",,"87","766"
"06/30/2021","Queens","12","Individuals",,"174","129","705",,,"1,281"
"06/30/2021","Queens","11","Individuals",,,,,,,
"06/30/2021","Queens","10","Individuals","292",,"164","59",,"174",
"06/30/2021","Queens","9","Individuals",,,,,,,
"06/30/2021","Queens","8","Individuals",,,,,,,"293"
"06/30/2021","Queens","7","Individuals",,,"102","190",,"34",
"06/30/2021","Queens","6","Individuals",,,,,,,
"06/30/2021","Queens","5","Individuals",,,"98",,,,
"06/30/2021","Queens","4","Individuals",,,,"254",,,"492"
"06/30/2021","Queens","3","Individuals",,,,"404",,,"630"
"06/30/2021","Queens","2","Individuals",,"222",,"109",,"181","195"
"06/30/2021","Queens","1","Individuals",,,"118","837",,,"299"
"06/30/2021","Manhattan","12","Individuals",,,"208",,,,
"06/30/2021","Manhattan","11","Individuals",,,"862",,,,"468"
"06/30/2021","Manhattan","10","Individuals",,,"402",,,,"538"
"06/30/2021","Manhattan","9","Individuals",,,,,,,"506"
"06/30/2021","Manhattan","8","Individuals",,,"35","28",,,
"06/30/2021","Manhattan","7","Individuals",,"198","130","384",,,"512"
"06/30/2021","Manhattan","6","Individuals",,,"380","319",,,
"06/30/2021","Manhattan","5","Individuals",,"266",,"1,038",,"1,127","288"
"06/30/2021","Manhattan","4","Individuals",,,"112","1,094",,"539",
"06/30/2021","Manhattan","3","Individuals",,,"236","248",,,"314"
"06/30/2021","Bronx","1","Individuals",,,"220","172",,,"1,019"
"06/30/2021","Manhattan","2","Individuals",,,,"194",,,
"06/30/2021","Manhattan","1","Individuals",,,,"177",,"76",
"06/30/2021","Brooklyn","18","Individuals",,"342",,,,,"521"
"06/30/2021","Brooklyn","17","Individuals",,,,"127",,,"764"
"06/30/2021","Brooklyn","16","Individuals",,,"245","521",,"65","2,025"
"06/30/2021","Brooklyn","15","Individuals",,,,,,,"123"
"06/30/2021","Brooklyn","14","Individuals",,,,,,,"78"
"06/30/2021","Brooklyn","13","Individuals",,,,"67",,,"74"
"06/30/2021","Brooklyn","12","Individuals",,,,"97",,,"136"
"06/30/2021","Brooklyn","11","Individuals",,,,,,,
"06/30/2021","Brooklyn","10","Individuals",,,,,,,
"06/30/2021","Brooklyn","9","Individuals",,,"111",,,,"384"
"06/30/2021","Brooklyn","8","Individuals",,,"175","86",,,"343"
"06/30/2021","Brooklyn","7","Individuals",,,"181","722",,,"54"
"06/30/2021","Brooklyn","6","Individuals",,"116","141","406",,,"352"
"06/30/2021","Brooklyn","5","Individuals",,,"388","361",,"75","392"
"06/30/2021","Brooklyn","4","Individuals",,,"133","266",,,"791"
"06/30/2021","Brooklyn","3","Individuals",,,"204","103",,,"275"
"06/30/2021","Brooklyn","2","Individuals",,"80","91","285",,,"60"
"06/30/2021","Brooklyn","1","Individuals",,"136","437","65",,,
"06/30/2021","Bronx","12","Individuals",,,"72","137",,,"272"
"06/30/2021","Bronx","11","Individuals",,,,,,,
"06/30/2021","Bronx","10","Individuals",,,,,,,"533"
"06/30/2021","Bronx","9","Individuals",,,"78",,,,"1,025"
"06/30/2021","Bronx","8","Individuals",,,,,,,"218"
"06/30/2021","Bronx","7","Individuals",,"69","339",,"123",,"285"
"06/30/2021","Bronx","6","Individuals",,"58","24",,,,"1,890"
"06/30/2021","Bronx","5","Individuals",,"159","64",,"550",,"1,235"
"06/30/2021","Bronx","4","Individuals",,,"287","97","667",,"2,139"
"06/30/2021","Bronx","3","Individuals",,"90","307","193",,,"837"
"05/31/2021","Manhattan","1","Individuals",,,,"235",,"80",
"05/31/2021","Staten Island","3","Individuals",,,,,,,
"05/31/2021","Staten Island","2","Individuals",,,,,,,
"05/31/2021","Staten Island","1","Individuals",,,,,,,"90"
"05/31/2021","Queens","14","Individuals",,"288",,"184",,"93","134"
"05/31/2021","Queens","13","Individuals",,,,"582",,"66","708"
"05/31/2021","Queens","12","Individuals",,"175","135","758",,,"1,269"
"05/31/2021","Queens","11","Individuals",,,,,,,
"05/31/2021","Queens","10","Individuals","310",,"168","56",,"235",
"05/31/2021","Queens","9","Individuals",,,,,,,
"05/31/2021","Queens","8","Individuals",,,,,,,"304"
"05/31/2021","Queens","7","Individuals",,,"90","194",,"65",
"05/31/2021","Queens","6","Individuals",,,,,,,
"05/31/2021","Queens","5","Individuals",,,"93",,,,
"05/31/2021","Queens","4","Individuals",,,,"241",,,"493"
"05/31/2021","Queens","3","Individuals",,,,"348",,,"639"
"05/31/2021","Queens","2","Individuals",,"227",,"105",,"208","187"
"05/31/2021","Queens","1","Individuals",,,"114","845",,"108","286"
"05/31/2021","Manhattan","12","Individuals",,,"208",,,,
"05/31/2021","Manhattan","11","Individuals",,,"762",,,,"462"
"05/31/2021","Manhattan","10","Individuals",,,"321",,,,"526"
"05/31/2021","Manhattan","9","Individuals",,,,,,,"598"
"05/31/2021","Manhattan","8","Individuals",,,"37","294",,,
"05/31/2021","Manhattan","7","Individuals",,"198","127","518",,,"550"
"05/31/2021","Manhattan","6","Individuals",,,"382","450",,,
"05/31/2021","Manhattan","5","Individuals",,"260",,"1,744",,"1,289","273"
"05/31/2021","Manhattan","4","Individuals",,,,"1,434",,"573",
"05/31/2021","Manhattan","3","Individuals",,,"100","527",,"113","324"
"05/31/2021","Manhattan","2","Individuals",,,,"191",,,
"05/31/2021","Brooklyn","18","Individuals",,"326",,,,,"538"
"05/31/2021","Brooklyn","17","Individuals",,,,"126",,,"601"
"05/31/2021","Brooklyn","16","Individuals",,,"123","512",,"69","1,925"
"05/31/2021","Brooklyn","15","Individuals",,,,,,,"135"
"05/31/2021","Brooklyn","14","Individuals",,,,,,,"75"
"05/31/2021","Brooklyn","13","Individuals",,,,"70",,,"16"
"05/31/2021","Brooklyn","12","Individuals",,,,"98",,,"128"
"05/31/2021","Brooklyn","11","Individuals",,,,,,,
"05/31/2021","Brooklyn","10","Individuals",,,,,,,
"05/31/2021","Brooklyn","9","Individuals",,,"106",,,,"392"
"05/31/2021","Brooklyn","8","Individuals",,,"170","83",,,"406"
"05/31/2021","Brooklyn","7","Individuals",,,"181","694",,,"43"
"05/31/2021","Brooklyn","6","Individuals",,"116","117","405",,,"320"
"05/31/2021","Brooklyn","5","Individuals",,,"380","347",,"68","356"
"05/31/2021","Brooklyn","4","Individuals",,,"131","266",,,"814"
"05/31/2021","Brooklyn","3","Individuals",,,"30","103",,"84","266"
"05/31/2021","Brooklyn","2","Individuals",,"94","98","299",,,"51"
"05/31/2021","Brooklyn","1","Individuals",,"137","260","163",,"67",
"05/31/2021","Bronx","12","Individuals",,,"71","138",,,"250"
"05/31/2021","Bronx","11","Individuals",,,,,,,
"05/31/2021","Bronx","10","Individuals",,,,,,,"536"
"05/31/2021","Bronx","9","Individuals",,,"75",,,,"957"
"05/31/2021","Bronx","8","Individuals",,,,,,,"218"
"05/31/2021","Bronx","7","Individuals",,"82","95",,"120",,"279"
"05/31/2021","Bronx","6","Individuals",,"63","28",,,,"1,932"
"05/31/2021","Bronx","5","Individuals",,"165",,,"527",,"1,177"
"05/31/2021","Bronx","4","Individuals",,,"205","100","618",,"2,040"
"05/31/2021","Bronx","3","Individuals",,"94","298","181",,,"1,172"
"05/31/2021","Bronx","2","Individuals",,"170","0",,"154",,"881"
"05/31/2021","Bronx","1","Individuals",,,"225","162",,,"1,052"
"04/30/2021","Manhattan","2","Individuals",,,,"193",,,
"04/30/2021","Staten Island","3","Individuals",,,,,,,
"04/30/2021","Staten Island","2","Individuals",,,,,,,
"04/30/2021","Staten Island","1","Individuals",,,,,,,"81"
"04/30/2021","Queens","14","Individuals",,"289",,"178",,"64","134"
"04/30/2021","Queens","13","Individuals",,,,"575",,"151","743"
"04/30/2021","Queens","12","Individuals",,"183","148","898",,,"1,226"
"04/30/2021","Queens","11","Individuals",,,,,,,
"04/30/2021","Queens","10","Individuals","320",,"155","56",,"251",
"04/30/2021","Queens","9","Individuals",,,,,,,
"04/30/2021","Queens","8","Individuals",,,,,,,"305"
"04/30/2021","Queens","7","Individuals",,,"91","200",,"78",
"04/30/2021","Queens","6","Individuals",,,,,,,
"04/30/2021","Queens","5","Individuals",,,"97",,,,
"04/30/2021","Queens","4","Individuals",,,,"234",,,"487"
"04/30/2021","Queens","3","Individuals",,,,"378",,,"664"
"04/30/2021","Queens","2","Individuals",,"247",,"111",,"233","182"
"04/30/2021","Queens","1","Individuals",,,"112","862",,"150","300"
"04/30/2021","Manhattan","12","Individuals",,,"199",,,,
"04/30/2021","Manhattan","11","Individuals",,,"732",,,,"437"
"04/30/2021","Manhattan","10","Individuals",,,"325",,,,"676"
"04/30/2021","Manhattan","9","Individuals",,,,,,,"616"
"04/30/2021","Manhattan","8","Individuals",,,"38","300",,,
"04/30/2021","Manhattan","7","Individuals",,"204","127","518",,,"529"
"04/30/2021","Manhattan","6","Individuals",,,"446","470",,,
"04/30/2021","Manhattan","5","Individuals",,"274",,"1,712",,"1,408","284"
"04/30/2021","Manhattan","4","Individuals",,,"0","1,442",,"555",
"04/30/2021","Manhattan","3","Individuals",,,"108","523",,"149","323"
"04/30/2021","Manhattan","1","Individuals",,,,"236",,"97",
"04/30/2021","Brooklyn","18","Individuals",,"320",,,,,"564"
"04/30/2021","Brooklyn","17","Individuals",,,,"125",,,"632"
"04/30/2021","Brooklyn","16","Individuals",,,"124","517",,"64","2,049"
"04/30/2021","Brooklyn","15","Individuals",,,,,,,"127"
"04/30/2021","Brooklyn","14","Individuals",,,,,,,"75"
"04/30/2021","Brooklyn","13","Individuals",,,,"65",,,"10"
"04/30/2021","Brooklyn","12","Individuals",,,,"95",,,"139"
"04/30/2021","Brooklyn","11","Individuals",,,,,,,
"04/30/2021","Brooklyn","10","Individuals",,,,,,,
"04/30/2021","Brooklyn","9","Individuals",,,"105",,,,"406"
"04/30/2021","Brooklyn","8","Individuals",,,"130","84",,,"418"
"04/30/2021","Brooklyn","7","Individuals",,,"182","725",,,"11"
"04/30/2021","Brooklyn","6","Individuals",,"118","124","405",,,"319"
"04/30/2021","Brooklyn","5","Individuals",,,"391","356",,"71","371"
"04/30/2021","Brooklyn","4","Individuals",,,"126","272",,,"790"
"04/30/2021","Brooklyn","3","Individuals",,,"31","100",,"98","263"
"04/30/2021","Brooklyn","2","Individuals",,"100","103","297",,,"56"
"04/30/2021","Brooklyn","1","Individuals",,"143","263","222",,"81",
"04/30/2021","Bronx","12","Individuals",,,"69","132",,,"272"
"04/30/2021","Bronx","11","Individuals",,,,,,,
"04/30/2021","Bronx","10","Individuals",,,,,,,"557"
"04/30/2021","Bronx","9","Individuals",,,"74",,,,"945"
"04/30/2021","Bronx","8","Individuals",,,,,,,"206"
"04/30/2021","Bronx","7","Individuals",,"86","98",,"100",,"296"
"04/30/2021","Bronx","6","Individuals",,"72","25",,,,"1,919"
"04/30/2021","Bronx","5","Individuals",,"189",,,"536",,"1,165"
"04/30/2021","Bronx","4","Individuals",,,"199","100","556",,"2,093"
"04/30/2021","Bronx","3","Individuals",,"88","289","180",,,"1,266"
"04/30/2021","Bronx","2","Individuals",,"176","0",,"173",,"879"
"04/30/2021","Bronx","1","Individuals",,,"216","173",,,"1,038"
"03/31/2021","Bronx","3","Individuals",,"90","305","169",,,"1,315"
"03/31/2021","Staten Island","3","Individuals",,,,,,,
"03/31/2021","Staten Island","2","Individuals",,,,,,,
"03/31/2021","Staten Island","1","Individuals",,,,,,,"102"
"03/31/2021","Queens","14","Individuals",,"296",,"187",,"97","138"
"03/31/2021","Queens","13","Individuals",,,,"583",,"168","801"
"03/31/2021","Queens","12","Individuals",,"189","160","958",,,"1,267"
"03/31/2021","Queens","11","Individuals",,,,,,,
"03/31/2021","Queens","10","Individuals","328",,"159","59",,"269",
"03/31/2021","Queens","9","Individuals",,,,,,,
"03/31/2021","Queens","8","Individuals",,,,,,,"310"
"03/31/2021","Queens","7","Individuals",,,"98","197",,"79",
"03/31/2021","Queens","6","Individuals",,,,,,,
"03/31/2021","Queens","5","Individuals",,,"97",,,,
"03/31/2021","Queens","4","Individuals",,,,"216",,,"494"
"03/31/2021","Queens","3","Individuals",,,,"418",,,"706"
"03/31/2021","Queens","2","Individuals",,"262",,"108",,"295","175"
"03/31/2021","Queens","1","Individuals",,,"115","875",,"137","304"
"03/31/2021","Manhattan","12","Individuals",,,"220",,,"87",
"03/31/2021","Manhattan","11","Individuals",,,"725",,,,"454"
"03/31/2021","Manhattan","10","Individuals",,,"331",,,,"707"
"03/31/2021","Manhattan","9","Individuals",,,,,,,"621"
"03/31/2021","Manhattan","8","Individuals",,,"39","300",,,
"03/31/2021","Manhattan","7","Individuals",,"204","126","559",,,"566"
"03/31/2021","Manhattan","6","Individuals",,,"471","460",,,
"03/31/2021","Manhattan","5","Individuals",,"288",,"1,725",,"1,419","322"
"03/31/2021","Manhattan","4","Individuals",,,,"1,533",,"546",
"03/31/2021","Manhattan","3","Individuals",,,"114","526",,"157","328"
"03/31/2021","Bronx","2","Individuals",,"174","0",,"183",,"887"
"03/31/2021","Manhattan","2","Individuals",,,,"196",,,
"03/31/2021","Bronx","1","Individuals",,,"216","176",,,"1,050"
"03/31/2021","Manhattan","1","Individuals",,,,"241",,"96",
"03/31/2021","Brooklyn","18","Individuals",,"328",,,,,"589"
"03/31/2021","Brooklyn","17","Individuals",,,,"131",,,"625"
"03/31/2021","Brooklyn","16","Individuals",,,"126","505",,"56","2,133"
"03/31/2021","Brooklyn","15","Individuals",,,,,,,"139"
"03/31/2021","Brooklyn","14","Individuals",,,,,,,"69"
"03/31/2021","Brooklyn","13","Individuals",,,,"65",,,"2"
"03/31/2021","Brooklyn","12","Individuals",,,,"93",,,"140"
"03/31/2021","Brooklyn","11","Individuals",,,,,,,
"03/31/2021","Brooklyn","10","Individuals",,,,,,,
"03/31/2021","Brooklyn","9","Individuals",,,"112",,,,"403"
"03/31/2021","Brooklyn","8","Individuals",,,"151","85",,,"422"
"03/31/2021","Brooklyn","7","Individuals",,,"183","731",,,
"03/31/2021","Brooklyn","6","Individuals",,"116","114","415",,,"325"
"03/31/2021","Brooklyn","5","Individuals",,,"396","369",,"79","383"
"03/31/2021","Brooklyn","4","Individuals",,,"126","278",,,"793"
"03/31/2021","Brooklyn","3","Individuals",,,"31","100",,"123","300"
"03/31/2021","Brooklyn","2","Individuals",,"86","104","298",,,"58"
"03/31/2021","Brooklyn","1","Individuals",,"143","303","230",,"86",
"03/31/2021","Bronx","12","Individuals",,,"72","140",,,"263"
"03/31/2021","Bronx","11","Individuals",,,,,,,
"03/31/2021","Bronx","10","Individuals",,,,,,,"572"
"03/31/2021","Bronx","9","Individuals",,,"75",,,,"863"
"03/31/2021","Bronx","8","Individuals",,,,,,,"212"
"03/31/2021","Bronx","7","Individuals",,"94","99",,"115",,"291"
"03/31/2021","Bronx","6","Individuals",,"74","27",,,,"1,963"
"03/31/2021","Bronx","5","Individuals",,"199",,,"585",,"1,208"
"03/31/2021","Bronx","4","Individuals",,,"202","99","553",,"2,088"
"02/28/2021","Manhattan","1","Individuals",,,,"240",,"100",
"02/28/2021","Staten Island","3","Individuals",,,,,,,
"02/28/2021","Staten Island","2","Individuals",,,,,,,
"02/28/2021","Staten Island","1","Individuals",,,,,,,"109"
"02/28/2021","Queens","14","Individuals",,"296",,"190",,"125","136"
"02/28/2021","Queens","13","Individuals",,,,"590",,"187","817"
"02/28/2021","Queens","12","Individuals",,"208","165","992",,,"1,338"
"02/28/2021","Queens","11","Individuals",,,,,,,
"02/28/2021","Queens","10","Individuals","335",,"168","59",,"257",
"02/28/2021","Queens","9","Individuals",,,,,,,
"02/28/2021","Queens","8","Individuals",,,,,,,"322"
"02/28/2021","Queens","7","Individuals",,,"96","200",,"85",
"02/28/2021","Queens","6","Individuals",,,,,,,
"02/28/2021","Queens","5","Individuals",,,"100",,,,
"02/28/2021","Queens","4","Individuals",,,,"177",,,"494"
"02/28/2021","Queens","3","Individuals",,,,"453",,,"691"
"02/28/2021","Queens","2","Individuals",,"264",,"112",,"316","177"
"02/28/2021","Queens","1","Individuals",,,"112","889",,"142","302"
"02/28/2021","Manhattan","12","Individuals",,,"220",,,"101",
"02/28/2021","Manhattan","11","Individuals",,,"768",,,,"485"
"02/28/2021","Manhattan","10","Individuals",,,"322",,,,"737"
"02/28/2021","Manhattan","9","Individuals",,,,,,,"642"
"02/28/2021","Manhattan","8","Individuals",,,"39","301",,,
"02/28/2021","Manhattan","7","Individuals",,"200","76","575",,,"573"
"02/28/2021","Manhattan","6","Individuals",,,"529","472",,,
"02/28/2021","Manhattan","5","Individuals",,"310",,"1,728",,"1,569","334"
"02/28/2021","Manhattan","4","Individuals",,,,"1,551",,"587",
"02/28/2021","Manhattan","3","Individuals",,,"93","530",,"182","347"
"02/28/2021","Manhattan","2","Individuals",,,,"195",,,
"02/28/2021","Brooklyn","18","Individuals",,"339",,,,,"595"
"02/28/2021","Brooklyn","17","Individuals",,,,"134",,,"643"
"02/28/2021","Brooklyn","16","Individuals",,,"140","499",,"59","2,103"
"02/28/2021","Brooklyn","15","Individuals",,,,,,,"154"
"02/28/2021","Brooklyn","14","Individuals",,,,,,,"64"
"02/28/2021","Brooklyn","13","Individuals",,,,"69",,,
"02/28/2021","Brooklyn","12","Individuals",,,,"98",,,"143"
"02/28/2021","Brooklyn","11","Individuals",,,,,,,
"02/28/2021","Brooklyn","10","Individuals",,,,,,,
"02/28/2021","Brooklyn","9","Individuals",,,"112",,,,"394"
"02/28/2021","Brooklyn","8","Individuals",,,"218","88",,,"432"
"02/28/2021","Brooklyn","7","Individuals",,,"187","736",,,
"02/28/2021","Brooklyn","6","Individuals",,"112","49","420",,,"346"
"02/28/2021","Brooklyn","5","Individuals",,,"556","369",,"76","358"
"02/28/2021","Brooklyn","4","Individuals",,,"128","278",,,"790"
"02/28/2021","Brooklyn","3","Individuals",,,"31","102",,"165","478"
"02/28/2021","Brooklyn","2","Individuals",,"108","102","297",,,"66"
"02/28/2021","Brooklyn","1","Individuals",,"137","291","192",,"103",
"02/28/2021","Bronx","12","Individuals",,,"72","137",,,"272"
"02/28/2021","Bronx","11","Individuals",,,,,,,
"02/28/2021","Bronx","10","Individuals",,,,,,,"583"
"02/28/2021","Bronx","9","Individuals",,,"64",,,,"915"
"02/28/2021","Bronx","8","Individuals",,,,,,,"234"
"02/28/2021","Bronx","7","Individuals",,"96","97",,"128",,"291"
"02/28/2021","Bronx","6","Individuals",,"80","26",,,,"2,026"
"02/28/2021","Bronx","5","Individuals",,"196","0",,"582",,"1,197"
"02/28/2021","Bronx","4","Individuals",,,"204","100","583",,"2,168"
"02/28/2021","Bronx","3","Individuals",,"96","212","158",,,"1,334"
"02/28/2021","Bronx","2","Individuals",,"175","0",,"172",,"879"
"02/28/2021","Bronx","1","Individuals",,,"188","174",,,"1,100"
"01/31/2021","Manhattan","2","Individuals",,,,"192",,,
"01/31/2021","Staten Island","3","Individuals",,,,,,,
"01/31/2021","Staten Island","2","Individuals",,,,,,,
"01/31/2021","Staten Island","1","Individuals",,,,,,,"107"
"01/31/2021","Queens","14","Individuals",,"294",,"197",,"158","134"
"01/31/2021","Queens","13","Individuals",,,,"601",,"183","835"
"01/31/2021","Queens","12","Individuals",,"211","167","1,034",,,"1,303"
"01/31/2021","Queens","11","Individuals",,,,,,,
"01/31/2021","Queens","10","Individuals","360",,"162","58",,"274",
"01/31/2021","Queens","9","Individuals",,,,,,,
"01/31/2021","Queens","8","Individuals",,,,,,,"313"
"01/31/2021","Queens","7","Individuals",,,"96","195",,"87",
"01/31/2021","Queens","6","Individuals",,,,,,,
"01/31/2021","Queens","5","Individuals",,,"100",,,,
"01/31/2021","Queens","4","Individuals",,,,"161",,"59","486"
"01/31/2021","Queens","3","Individuals",,,,"499",,,"695"
"01/31/2021","Queens","2","Individuals",,"276",,"110",,"326","179"
"01/31/2021","Queens","1","Individuals",,,"117","979",,"149","300"
"01/31/2021","Manhattan","12","Individuals",,,"225",,,"109",
"01/31/2021","Manhattan","11","Individuals",,,"777",,,,"494"
"01/31/2021","Manhattan","10","Individuals",,,"344",,,,"724"
"01/31/2021","Manhattan","9","Individuals",,,,,,,"631"
"01/31/2021","Manhattan","8","Individuals",,,"38","304",,,
"01/31/2021","Manhattan","7","Individuals",,"198","127","597",,,"572"
"01/31/2021","Manhattan","6","Individuals",,,"539","473",,,
"01/31/2021","Manhattan","5","Individuals",,"319",,"1,717",,"1,540","342"
"01/31/2021","Manhattan","4","Individuals",,,"270","1,289",,"588",
"01/31/2021","Manhattan","3","Individuals",,,"92","528",,"174","325"
"01/31/2021","Manhattan","1","Individuals",,,,"236",,"94",
"01/31/2021","Brooklyn","18","Individuals",,"350",,,,,"636"
"01/31/2021","Brooklyn","17","Individuals",,,,"136",,,"609"
"01/31/2021","Brooklyn","16","Individuals",,,"140","471",,"64","2,085"
"01/31/2021","Brooklyn","15","Individuals",,,,,,,"162"
"01/31/2021","Brooklyn","14","Individuals",,,,,,,"69"
"01/31/2021","Brooklyn","13","Individuals",,,,"45",,,
"01/31/2021","Brooklyn","12","Individuals",,,,"99",,,"146"
"01/31/2021","Brooklyn","11","Individuals",,,,,,,
"01/31/2021","Brooklyn","10","Individuals",,,,,,,
"01/31/2021","Brooklyn","9","Individuals",,,"108",,,,"408"
"01/31/2021","Brooklyn","8","Individuals",,,"222","82",,,"443"
"01/31/2021","Brooklyn","7","Individuals",,,"187","726",,,
"01/31/2021","Brooklyn","6","Individuals",,"116","50","425",,,"343"
"01/31/2021","Brooklyn","5","Individuals",,,"434","368",,"84","345"
"01/31/2021","Brooklyn","4","Individuals",,,"124","276",,,"810"
"01/31/2021","Brooklyn","3","Individuals",,,"31","102",,"195","478"
"01/31/2021","Brooklyn","2","Individuals",,"90","105","286",,,"73"
"01/31/2021","Brooklyn","1","Individuals",,"147","302","258",,"99",
"01/31/2021","Bronx","12","Individuals",,,"73","139",,,"281"
"01/31/2021","Bronx","11","Individuals",,,,,,,
"01/31/2021","Bronx","10","Individuals",,,,,,,"587"
"01/31/2021","Bronx","9","Individuals",,,"55",,,,"916"
"01/31/2021","Bronx","8","Individuals",,,,,,,"233"
"01/31/2021","Bronx","7","Individuals",,"100","100",,"174",,"290"
"01/31/2021","Bronx","6","Individuals",,"82","30",,,,"2,032"
"01/31/2021","Bronx","5","Individuals",,"193",,,"652",,"1,132"
"01/31/2021","Bronx","4","Individuals",,,"205","100","715",,"2,136"
"01/31/2021","Bronx","3","Individuals",,"96","343","121",,,"1,339"
"01/31/2021","Bronx","2","Individuals",,"179",,,"184",,"898"
"01/31/2021","Bronx","1","Individuals",,,"78","177",,,"1,231"
"12/31/2020","Bronx","2","Individuals",,"167","0",,"182",,"865"
"12/31/2020","Staten Island","3","Individuals",,,,,,,
"12/31/2020","Staten Island","2","Individuals",,,,,,,
"12/31/2020","Staten Island","1","Individuals",,,,,,,"95"
"12/31/2020","Queens","14","Individuals",,"291",,"195",,"165","134"
"12/31/2020","Queens","13","Individuals",,,,"578",,"180","769"
"12/31/2020","Queens","12","Individuals",,"217","170","1,033",,,"1,305"
"12/31/2020","Queens","11","Individuals",,,,,,,
"12/31/2020","Queens","10","Individuals","353",,"146","60",,"289",
"12/31/2020","Queens","9","Individuals",,,,,,,
"12/31/2020","Queens","8","Individuals",,,,,,,"284"
"12/31/2020","Queens","7","Individuals",,,"99","198",,"99",
"12/31/2020","Queens","6","Individuals",,,,,,,
"12/31/2020","Queens","5","Individuals",,,"96",,,,
"12/31/2020","Queens","4","Individuals",,,,"156",,"94","511"
"12/31/2020","Queens","3","Individuals",,,,"423",,,"682"
"12/31/2020","Queens","2","Individuals",,"273",,"111",,"388","182"
"12/31/2020","Queens","1","Individuals",,,"117","909",,"150","299"
"12/31/2020","Manhattan","12","Individuals",,,"220",,,"111",
"12/31/2020","Manhattan","11","Individuals",,,"774",,,,"491"
"12/31/2020","Manhattan","10","Individuals",,,"332",,,,"760"
"12/31/2020","Manhattan","9","Individuals",,,,,,,"643"
"12/31/2020","Manhattan","8","Individuals",,,"40","306",,,
"12/31/2020","Manhattan","7","Individuals",,"191","133","623",,,"558"
"12/31/2020","Manhattan","6","Individuals",,,"488","506",,,
"12/31/2020","Manhattan","5","Individuals",,"297",,"1,713",,"1,566","331"
"12/31/2020","Manhattan","4","Individuals",,,,"1,483",,"589",
"12/31/2020","Manhattan","3","Individuals",,,"94","523","10","173","318"
"12/31/2020","Bronx","1","Individuals",,"176","83","170",,,"1,211"
"12/31/2020","Manhattan","2","Individuals",,,,"174",,,
"12/31/2020","Manhattan","1","Individuals",,,,"197",,"103",
"12/31/2020","Brooklyn","18","Individuals",,"343",,,,,"692"
"12/31/2020","Brooklyn","17","Individuals",,,,"129",,,"581"
"12/31/2020","Brooklyn","16","Individuals",,,"147","459",,"135","2,138"
"12/31/2020","Brooklyn","15","Individuals",,,,,,,"165"
"12/31/2020","Brooklyn","14","Individuals",,,,,,,"69"
"12/31/2020","Brooklyn","13","Individuals",,,,,,"96",
"12/31/2020","Brooklyn","12","Individuals",,,,"102",,,"137"
"12/31/2020","Brooklyn","11","Individuals",,,,,,,
"12/31/2020","Brooklyn","10","Individuals",,,,,,,
"12/31/2020","Brooklyn","9","Individuals",,,"110",,,,"404"
"12/31/2020","Brooklyn","8","Individuals",,,"220","80",,,"462"
"12/31/2020","Brooklyn","7","Individuals",,,"178","730",,,
"12/31/2020","Brooklyn","6","Individuals",,"113","52","413",,,"322"
"12/31/2020","Brooklyn","5","Individuals",,,"436","358",,"89","304"
"12/31/2020","Brooklyn","4","Individuals",,,"134","283",,,"781"
"12/31/2020","Brooklyn","3","Individuals",,,"31","101",,"188","466"
"12/31/2020","Brooklyn","2","Individuals",,"88","105","297",,,"62"
"12/31/2020","Brooklyn","1","Individuals",,"147","292","210",,"100",
"12/31/2020","Bronx","12","Individuals",,,"72","136",,,"270"
"12/31/2020","Bronx","11","Individuals",,,,,,,
"12/31/2020","Bronx","10","Individuals",,,,,,,"570"
"12/31/2020","Bronx","9","Individuals",,,"73",,,,"905"
"12/31/2020","Bronx","8","Individuals",,,,,,,"233"
"12/31/2020","Bronx","7","Individuals",,"98","103",,"210",,"274"
"12/31/2020","Bronx","6","Individuals",,"70","20",,"214",,"1,878"
"12/31/2020","Bronx","5","Individuals",,"201",,,"741",,"1,066"
"12/31/2020","Bronx","4","Individuals",,,"204","100","859",,"2,140"
"12/31/2020","Bronx","3","Individuals",,"96","338","126","65","90","1,321"
"11/30/2020","Manhattan","1","Individuals",,,,"199",,"101",
"11/30/2020","Staten Island","3","Individuals",,,,,,,
"11/30/2020","Staten Island","2","Individuals",,,,,,,
"11/30/2020","Staten Island","1","Individuals",,,,,,,"82"
"11/30/2020","Queens","14","Individuals",,"288","0","190",,"189","152"
"11/30/2020","Queens","13","Individuals",,,,"605",,"166","784"
"11/30/2020","Queens","12","Individuals",,"233","171","1,049",,,"1,336"
"11/30/2020","Queens","11","Individuals",,,,,,,
"11/30/2020","Queens","10","Individuals","333",,"168","60",,"293",
"11/30/2020","Queens","9","Individuals",,,,,,,
"11/30/2020","Queens","8","Individuals",,,,,,,"316"
"11/30/2020","Queens","7","Individuals",,,"96","201",,"121",
"11/30/2020","Queens","6","Individuals",,,,,,,
"11/30/2020","Queens","5","Individuals",,,"95",,,,
"11/30/2020","Queens","4","Individuals",,,,"164",,"113","510"
"11/30/2020","Queens","3","Individuals",,,,"374",,,"672"
"11/30/2020","Queens","2","Individuals",,"266",,"110",,"420","181"
"11/30/2020","Queens","1","Individuals",,,"119","882",,"174","312"
"11/30/2020","Manhattan","12","Individuals",,,"225",,,"114",
"11/30/2020","Manhattan","11","Individuals",,,"774",,,,"508"
"11/30/2020","Manhattan","10","Individuals",,,"339",,,,"767"
"11/30/2020","Manhattan","9","Individuals",,,,,,,"691"
"11/30/2020","Manhattan","8","Individuals",,,"40","303",,,
"11/30/2020","Manhattan","7","Individuals",,"196","135","635",,,"549"
"11/30/2020","Manhattan","6","Individuals",,,"528","495",,,
"11/30/2020","Manhattan","5","Individuals",,"286",,"1,723",,"1,599","335"
"11/30/2020","Manhattan","4","Individuals",,,"0","1,475",,"542",
"11/30/2020","Manhattan","3","Individuals",,,"126","536","14","175","326"
"11/30/2020","Manhattan","2","Individuals",,,,"161",,,
"11/30/2020","Brooklyn","18","Individuals",,"346",,,,,"733"
"11/30/2020","Brooklyn","17","Individuals",,,,"136",,,"611"
"11/30/2020","Brooklyn","16","Individuals",,,"144","460",,"139","2,272"
"11/30/2020","Brooklyn","15","Individuals",,,,,,,"182"
"11/30/2020","Brooklyn","14","Individuals",,,,,,,"75"
"11/30/2020","Brooklyn","13","Individuals",,,,,,"114",
"11/30/2020","Brooklyn","12","Individuals",,,,"104",,,"144"
"11/30/2020","Brooklyn","11","Individuals",,,,,,,
"11/30/2020","Brooklyn","10","Individuals",,,,,,,
"11/30/2020","Brooklyn","9","Individuals",,,"109",,,,"413"
"11/30/2020","Brooklyn","8","Individuals",,,"218","89",,,"441"
"11/30/2020","Brooklyn","7","Individuals",,,"186","723",,,
"11/30/2020","Brooklyn","6","Individuals",,"101","52","422",,,"336"
"11/30/2020","Brooklyn","5","Individuals",,,"466","368",,"96","306"
"11/30/2020","Brooklyn","4","Individuals",,,"97","281",,,"809"
"11/30/2020","Brooklyn","3","Individuals",,,"28","103",,"210","481"
"11/30/2020","Brooklyn","2","Individuals",,"102","106","295",,,"74"
"11/30/2020","Brooklyn","1","Individuals",,"143","323","212",,"97",
"11/30/2020","Bronx","12","Individuals",,,"72","142",,,"278"
"11/30/2020","Bronx","11","Individuals",,,,,,,
"11/30/2020","Bronx","10","Individuals",,,,,,,"599"
"11/30/2020","Bronx","9","Individuals",,,"67",,"163",,"737"
"11/30/2020","Bronx","8","Individuals",,,,,,,"237"
"11/30/2020","Bronx","7","Individuals",,"83","103",,"220",,"287"
"11/30/2020","Bronx","6","Individuals",,"68","32",,"206",,"1,849"
"11/30/2020","Bronx","5","Individuals",,"201","0",,"741",,"1,021"
"11/30/2020","Bronx","4","Individuals",,,"208","99","889",,"2,155"
"11/30/2020","Bronx","3","Individuals",,"205","229","122","53","105","1,282"
"11/30/2020","Bronx","2","Individuals",,"156","0",,"194",,"861"
"11/30/2020","Bronx","1","Individuals",,"182","83","157","33",,"1,204"
"10/31/2020","Manhattan","2","Individuals",,,,"159",,,
"10/31/2020","Staten Island","3","Individuals",,,,,,,
"10/31/2020","Staten Island","2","Individuals",,,,,,,
"10/31/2020","Staten Island","1","Individuals",,,,,,,"94"
"10/31/2020","Queens","14","Individuals",,"289","0","195",,"179","161"
"10/31/2020","Queens","13","Individuals",,,,"594",,"153","787"
"10/31/2020","Queens","12","Individuals",,"229","168","1,091",,,"1,375"
"10/31/2020","Queens","11","Individuals",,,,,,,
"10/31/2020","Queens","10","Individuals","328",,"165","60",,"313",
"10/31/2020","Queens","9","Individuals",,,"0",,,,
"10/31/2020","Queens","8","Individuals",,,,,,,"334"
"10/31/2020","Queens","7","Individuals",,,"99","198",,"138",
"10/31/2020","Queens","6","Individuals",,,,,,,
"10/31/2020","Queens","5","Individuals",,,"95",,,,
"10/31/2020","Queens","4","Individuals",,,,"142",,"103","526"
"10/31/2020","Queens","3","Individuals",,,,"366",,,"688"
"10/31/2020","Queens","2","Individuals",,"275",,"110",,"448","202"
"10/31/2020","Queens","1","Individuals",,,"116","898",,"206","314"
"10/31/2020","Manhattan","12","Individuals",,,"218",,,"111",
"10/31/2020","Manhattan","11","Individuals",,,"776",,,,"541"
"10/31/2020","Manhattan","10","Individuals",,,"388",,,,"749"
"10/31/2020","Manhattan","9","Individuals",,,,,,,"673"
"10/31/2020","Manhattan","8","Individuals",,,"40","301",,,
"10/31/2020","Manhattan","7","Individuals",,"204","62","655",,,"558"
"10/31/2020","Manhattan","6","Individuals",,,"582","514",,,
"10/31/2020","Manhattan","5","Individuals",,"294",,"1,718",,"1,634","336"
"10/31/2020","Manhattan","4","Individuals",,,"0","1,449",,"518",
"10/31/2020","Manhattan","3","Individuals",,,"131","534","14","190","323"
"10/31/2020","Manhattan","1","Individuals",,,,"169",,"96",
"10/31/2020","Brooklyn","18","Individuals",,"340",,,,,"746"
"10/31/2020","Brooklyn","17","Individuals",,,,"136",,,"647"
"10/31/2020","Brooklyn","16","Individuals",,,"141","385",,"143","2,310"
"10/31/2020","Brooklyn","15","Individuals",,,,,,,"194"
"10/31/2020","Brooklyn","14","Individuals",,,,,,,"83"
"10/31/2020","Brooklyn","13","Individuals",,,,,,"118",
"10/31/2020","Brooklyn","12","Individuals",,,"0","96",,,"140"
"10/31/2020","Brooklyn","11","Individuals",,,,,,,
"10/31/2020","Brooklyn","10","Individuals",,,,,,,
"10/31/2020","Brooklyn","9","Individuals",,,"111",,,,"422"
"10/31/2020","Brooklyn","8","Individuals",,,"221","87",,,"429"
"10/31/2020","Brooklyn","7","Individuals",,,"185","693",,,
"10/31/2020","Brooklyn","6","Individuals",,"112","48","421",,,"289"
"10/31/2020","Brooklyn","5","Individuals",,,"441","379",,"93","281"
"10/31/2020","Brooklyn","4","Individuals",,,"100","281","39",,"802"
"10/31/2020","Brooklyn","3","Individuals",,,"31","100","69","235","487"
"10/31/2020","Brooklyn","2","Individuals",,"78","96","296",,,"68"
"10/31/2020","Brooklyn","1","Individuals",,"145","330","227",,"101",
"10/31/2020","Bronx","12","Individuals",,,"74","137",,,"281"
"10/31/2020","Bronx","11","Individuals",,,,,,,
"10/31/2020","Bronx","10","Individuals",,,,,,,"591"
"10/31/2020","Bronx","9","Individuals",,,"50",,"167",,"752"
"10/31/2020","Bronx","8","Individuals",,,,,,,"233"
"10/31/2020","Bronx","7","Individuals",,"99","101",,"234",,"275"
"10/31/2020","Bronx","6","Individuals",,"66","33",,"205",,"1,898"
"10/31/2020","Bronx","5","Individuals",,"203","0",,"755",,"1,054"
"10/31/2020","Bronx","4","Individuals",,,"206","99","910",,"2,134"
"10/31/2020","Bronx","3","Individuals",,"258","218","123","62","115","1,295"
"10/31/2020","Bronx","2","Individuals",,"160","0",,"204",,"866"
"10/31/2020","Bronx","1","Individuals",,"189","73","140","31","64","1,202"
"09/30/2020","Bronx","4","Individuals",,,"206","100","919",,"2,109"
"09/30/2020","Staten Island","3","Individuals",,,,,,,
"09/30/2020","Staten Island","2","Individuals",,,,,,,
"09/30/2020","Staten Island","1","Individuals",,,,,,,"103"
"09/30/2020","Queens","14","Individuals",,"289",,"186",,"145","155"
"09/30/2020","Queens","13","Individuals",,,,"591",,"162","776"
"09/30/2020","Queens","12","Individuals",,"249","160","1,093",,,"1,362"
"09/30/2020","Queens","11","Individuals",,,,,,,
"09/30/2020","Queens","10","Individuals","344",,"164","59",,"321",
"09/30/2020","Queens","9","Individuals",,,,,,,
"09/30/2020","Queens","8","Individuals",,,,,,,"321"
"09/30/2020","Queens","7","Individuals",,,"100","198",,"128",
"09/30/2020","Queens","6","Individuals",,,,,,,
"09/30/2020","Queens","5","Individuals",,,"98",,,,
"09/30/2020","Queens","4","Individuals",,,,"158",,"90","521"
"09/30/2020","Queens","3","Individuals",,,,"367",,,"684"
"09/30/2020","Queens","2","Individuals",,"284",,"109",,"417","195"
"09/30/2020","Queens","1","Individuals",,,,"1,005",,"204","347"
"09/30/2020","Manhattan","12","Individuals",,,"225",,,"114",
"09/30/2020","Manhattan","11","Individuals",,,"748",,,,"553"
"09/30/2020","Manhattan","10","Individuals",,,"339",,,,"733"
"09/30/2020","Manhattan","9","Individuals",,,,,,,"661"
"09/30/2020","Manhattan","8","Individuals",,,"41","306",,,
"09/30/2020","Manhattan","7","Individuals",,"206","135","662",,,"573"
"09/30/2020","Manhattan","6","Individuals",,,"537","511",,,
"09/30/2020","Manhattan","5","Individuals",,"273",,"1,786",,"1,733","323"
"09/30/2020","Manhattan","4","Individuals",,,,"1,342",,"521",
"09/30/2020","Manhattan","3","Individuals",,,"148","540","20","186","322"
"09/30/2020","Bronx","3","Individuals",,"257","220","116","82","125","1,326"
"09/30/2020","Manhattan","2","Individuals",,,,"154",,,
"09/30/2020","Bronx","2","Individuals",,"176",,,"200",,"839"
"09/30/2020","Bronx","1","Individuals",,"183","180",,"33","62","1,228"
"09/30/2020","Manhattan","1","Individuals",,,,"174",,"91",
"09/30/2020","Brooklyn","18","Individuals",,"348",,,,,"763"
"09/30/2020","Brooklyn","17","Individuals",,,,"133",,,"639"
"09/30/2020","Brooklyn","16","Individuals",,,"142","404",,"265","2,342"
"09/30/2020","Brooklyn","15","Individuals",,,,,,,"189"
"09/30/2020","Brooklyn","14","Individuals",,,,,,,"87"
"09/30/2020","Brooklyn","13","Individuals",,,,,,"121",
"09/30/2020","Brooklyn","12","Individuals",,,,"102",,,"142"
"09/30/2020","Brooklyn","11","Individuals",,,,,,,
"09/30/2020","Brooklyn","10","Individuals",,,,,,,
"09/30/2020","Brooklyn","9","Individuals",,,"112",,,,"422"
"09/30/2020","Brooklyn","8","Individuals",,,"206","85",,,"435"
"09/30/2020","Brooklyn","7","Individuals",,,"188","590",,,
"09/30/2020","Brooklyn","6","Individuals",,"107","49","420",,,"269"
"09/30/2020","Brooklyn","5","Individuals",,,"454","363",,"95","273"
"09/30/2020","Brooklyn","4","Individuals",,,"100","286","50",,"815"
"09/30/2020","Brooklyn","3","Individuals",,,"30","102","124","226","476"
"09/30/2020","Brooklyn","2","Individuals",,"76","101","296",,,"66"
"09/30/2020","Brooklyn","1","Individuals",,"151","320","206",,"98",
"09/30/2020","Bronx","12","Individuals",,,"73","137",,,"278"
"09/30/2020","Bronx","11","Individuals",,,,,,,
"09/30/2020","Bronx","10","Individuals",,,,,,,"580"
"09/30/2020","Bronx","9","Individuals",,,,,"208",,"703"
"09/30/2020","Bronx","8","Individuals",,,,,,,"232"
"09/30/2020","Bronx","7","Individuals",,"101","101",,"254",,"260"
"09/30/2020","Bronx","6","Individuals",,"66","40",,"192",,"1,894"
"09/30/2020","Bronx","5","Individuals",,"207",,,"782",,"1,064"
"08/31/2020","Manhattan","1","Individuals",,,,"245",,"116",
"08/31/2020","Staten Island","3","Individuals",,,,,,,
"08/31/2020","Staten Island","2","Individuals",,,,,,,
"08/31/2020","Staten Island","1","Individuals",,,,,,,"101"
"08/31/2020","Queens","14","Individuals",,"287","0","195",,"169","168"
"08/31/2020","Queens","13","Individuals",,,,"606",,"194","797"
"08/31/2020","Queens","12","Individuals",,"256","151","1,093",,,"1,319"
"08/31/2020","Queens","11","Individuals",,,,,,,
"08/31/2020","Queens","10","Individuals","355",,"167","55",,"321",
"08/31/2020","Queens","9","Individuals",,,"0",,,,
"08/31/2020","Queens","8","Individuals",,,,,,,"315"
"08/31/2020","Queens","7","Individuals",,,"101","199",,"120",
"08/31/2020","Queens","6","Individuals",,,,,,,
"08/31/2020","Queens","5","Individuals",,,"99",,,,
"08/31/2020","Queens","4","Individuals",,,,"166",,"92","507"
"08/31/2020","Queens","3","Individuals",,,,"367",,,"701"
"08/31/2020","Queens","2","Individuals",,"277",,"109",,"447","220"
"08/31/2020","Queens","1","Individuals",,,,"1,013",,"206","355"
"08/31/2020","Manhattan","12","Individuals",,,"224",,,"115",
"08/31/2020","Manhattan","11","Individuals",,,"745",,,,"588"
"08/31/2020","Manhattan","10","Individuals",,,"290",,,,"774"
"08/31/2020","Manhattan","9","Individuals",,,,,,,"649"
"08/31/2020","Manhattan","8","Individuals",,,"38","305",,,
"08/31/2020","Manhattan","7","Individuals",,"204","134","688",,,"570"
"08/31/2020","Manhattan","6","Individuals",,,"521","526",,,
"08/31/2020","Manhattan","5","Individuals",,"307",,"1,786",,"1,753","331"
"08/31/2020","Manhattan","4","Individuals",,,"0","1,340",,"487",
"08/31/2020","Manhattan","3","Individuals",,,"147","540","20","195","323"
"08/31/2020","Manhattan","2","Individuals",,,,"196",,,
"08/31/2020","Brooklyn","18","Individuals",,"356",,,,,"803"
"08/31/2020","Brooklyn","17","Individuals",,,,"136",,,"645"
"08/31/2020","Brooklyn","16","Individuals",,,"142","396",,"261","2,408"
"08/31/2020","Brooklyn","15","Individuals",,,,,,,"200"
"08/31/2020","Brooklyn","14","Individuals",,,,,,,"93"
"08/31/2020","Brooklyn","13","Individuals",,,,,,"120",
"08/31/2020","Brooklyn","12","Individuals",,,"0","102",,,"136"
"08/31/2020","Brooklyn","11","Individuals",,,,,,,
"08/31/2020","Brooklyn","10","Individuals",,,,,,,
"08/31/2020","Brooklyn","9","Individuals",,,"112",,,,"432"
"08/31/2020","Brooklyn","8","Individuals",,,"222","90",,,"439"
"08/31/2020","Brooklyn","7","Individuals",,,"188","455",,"122",
"08/31/2020","Brooklyn","6","Individuals",,"110","51","429",,,"183"
"08/31/2020","Brooklyn","5","Individuals",,,"440","382",,"92","281"
"08/31/2020","Brooklyn","4","Individuals",,,"99","285","61",,"785"
"08/31/2020","Brooklyn","3","Individuals",,,"31","103","128","206","468"
"08/31/2020","Brooklyn","2","Individuals",,"76","104","297",,,"70"
"08/31/2020","Brooklyn","1","Individuals",,"159","329","222",,"97",
"08/31/2020","Bronx","12","Individuals",,,"71","141",,,"283"
"08/31/2020","Bronx","11","Individuals",,,,,,,
"08/31/2020","Bronx","10","Individuals",,,,,,,"590"
"08/31/2020","Bronx","9","Individuals",,,,,"231",,"667"
"08/31/2020","Bronx","8","Individuals",,,,,,,"237"
"08/31/2020","Bronx","7","Individuals",,"105","93",,"252",,"271"
"08/31/2020","Bronx","6","Individuals",,"72","44","71","200",,"1,951"
"08/31/2020","Bronx","5","Individuals",,"213",,,"795",,"1,066"
"08/31/2020","Bronx","4","Individuals",,,"208","100","962",,"2,064"
"08/31/2020","Bronx","3","Individuals",,"269","221","66","81","127","1,372"
"08/31/2020","Bronx","2","Individuals",,"170",,,"207",,"741"
"08/31/2020","Bronx","1","Individuals",,"190","83",,"33","68","1,224"
"07/31/2020","Bronx","1","Individuals",,"183","80",,"32","68","1,220"
"07/31/2020","Staten Island","3","Individuals",,,,,,,
"07/31/2020","Staten Island","2","Individuals",,,,,,,
"07/31/2020","Staten Island","1","Individuals",,,,,,,"100"
"07/31/2020","Queens","14","Individuals",,"305",,"191",,"177","158"
"07/31/2020","Queens","13","Individuals",,,,"556",,"192","735"
"07/31/2020","Queens","12","Individuals",,"260","154","1,234",,,"1,376"
"07/31/2020","Queens","11","Individuals",,,,,,,
"07/31/2020","Queens","10","Individuals","369",,"160","51",,"319",
"07/31/2020","Queens","9","Individuals",,,,,,,
"07/31/2020","Queens","8","Individuals",,,,,,,"320"
"07/31/2020","Queens","7","Individuals",,,"101","198",,"129",
"07/31/2020","Queens","6","Individuals",,,,,,,
"07/31/2020","Queens","5","Individuals",,,"90",,,,
"07/31/2020","Queens","4","Individuals",,,,"165",,"88","501"
"07/31/2020","Queens","3","Individuals",,,"50","238",,,"763"
"07/31/2020","Queens","2","Individuals",,"285",,"109",,"442","206"
"07/31/2020","Queens","1","Individuals",,,,"1,016",,"185","372"
"07/31/2020","Manhattan","12","Individuals",,,"212",,,"109",
"07/31/2020","Manhattan","11","Individuals",,,"709",,,,"582"
"07/31/2020","Manhattan","10","Individuals",,,"256",,,,"805"
"07/31/2020","Manhattan","9","Individuals",,,,,,,"669"
"07/31/2020","Manhattan","8","Individuals",,,"39","306",,,
"07/31/2020","Manhattan","7","Individuals",,"204","137","661",,,"585"
"07/31/2020","Manhattan","6","Individuals",,,"510","516",,,
"07/31/2020","Manhattan","5","Individuals",,"299",,"1,804",,"1,748","325"
"07/31/2020","Manhattan","4","Individuals",,,,"1,456",,"430",
"07/31/2020","Manhattan","3","Individuals",,,"195","541","15","177","328"
"07/31/2020","Manhattan","2","Individuals",,,,"192",,,
"07/31/2020","Manhattan","1","Individuals",,,,"165",,"126",
"07/31/2020","Brooklyn","18","Individuals",,"360",,,,,"792"
"07/31/2020","Brooklyn","17","Individuals",,,,"136",,,"669"
"07/31/2020","Brooklyn","16","Individuals",,,"282","248",,"248","2,397"
"07/31/2020","Brooklyn","15","Individuals",,,,,,,"199"
"07/31/2020","Brooklyn","14","Individuals",,,,,,,"89"
"07/31/2020","Brooklyn","13","Individuals",,,,,,"116",
"07/31/2020","Brooklyn","12","Individuals",,,,"99",,,"132"
"07/31/2020","Brooklyn","11","Individuals",,,,,,,
"07/31/2020","Brooklyn","10","Individuals",,,,,,,
"07/31/2020","Brooklyn","9","Individuals",,,"112",,,,"420"
"07/31/2020","Brooklyn","8","Individuals",,,"211","88",,,"449"
"07/31/2020","Brooklyn","7","Individuals",,,"184","468",,"245",
"07/31/2020","Brooklyn","6","Individuals",,"113","52","427",,,"155"
"07/31/2020","Brooklyn","5","Individuals",,,"437","378",,"206","270"
"07/31/2020","Brooklyn","4","Individuals",,,"92","285","53",,"809"
"07/31/2020","Brooklyn","3","Individuals",,,"31","101","198","188","460"
"07/31/2020","Brooklyn","2","Individuals",,"116","103","200",,,"64"
"07/31/2020","Brooklyn","1","Individuals",,"154","318","218",,"97",
"07/31/2020","Bronx","12","Individuals",,,"73","140",,,"280"
"07/31/2020","Bronx","11","Individuals",,,,,,,
"07/31/2020","Bronx","10","Individuals",,,,,,,"594"
"07/31/2020","Bronx","9","Individuals",,,"0",,"232",,"660"
"07/31/2020","Bronx","8","Individuals",,,,,,,"249"
"07/31/2020","Bronx","7","Individuals",,"101","100",,"247",,"273"
"07/31/2020","Bronx","6","Individuals",,"86","47","71","203",,"1,976"
"07/31/2020","Bronx","5","Individuals",,"213","0",,"838",,"1,054"
"07/31/2020","Bronx","4","Individuals",,,"206","100","1,040",,"2,049"
"07/31/2020","Bronx","3","Individuals",,"260","235",,"85","277","1,377"
"07/31/2020","Bronx","2","Individuals",,"188","0",,"211",,"717"
"06/30/2020","Brooklyn","18","Individuals",,"364",,,,,"826"
"06/30/2020","Staten Island","3","Individuals",,,,,,,
"06/30/2020","Staten Island","2","Individuals",,,,,,,
"06/30/2020","Staten Island","1","Individuals",,,,,,,"120"
"06/30/2020","Queens","14","Individuals",,"317",,"189",,"187","162"
"06/30/2020","Queens","13","Individuals",,,,"559",,"203","741"
"06/30/2020","Queens","12","Individuals",,"279","164","1,347",,,"1,358"
"06/30/2020","Queens","11","Individuals",,,,,,,
"06/30/2020","Queens","10","Individuals","380",,"56","96",,"343",
"06/30/2020","Queens","9","Individuals",,,,,,,
"06/30/2020","Queens","8","Individuals",,,,,,,"317"
"06/30/2020","Queens","7","Individuals",,,"192",,,"121",
"06/30/2020","Queens","6","Individuals",,,,,,,
"06/30/2020","Queens","5","Individuals",,,"100",,,,
"06/30/2020","Queens","4","Individuals",,,,"164",,"100","503"
"06/30/2020","Queens","3","Individuals",,,,"286",,,"768"
"06/30/2020","Queens","2","Individuals",,"298",,"113",,"475","196"
"06/30/2020","Queens","1","Individuals",,,,"979",,"190","365"
"06/30/2020","Manhattan","12","Individuals",,,"178",,,"117",
"06/30/2020","Manhattan","11","Individuals",,,"627",,,,"595"
"06/30/2020","Manhattan","10","Individuals",,"4","343",,,,"790"
"06/30/2020","Manhattan","9","Individuals",,,,,,,"697"
"06/30/2020","Manhattan","8","Individuals",,,"40","306",,,
"06/30/2020","Manhattan","7","Individuals",,"214","142","447",,,"563"
"06/30/2020","Manhattan","6","Individuals",,,"540","523",,,
"06/30/2020","Manhattan","5","Individuals",,"321",,"1,800",,"1,788","326"
"06/30/2020","Manhattan","4","Individuals",,,"244","1,384",,"396",
"06/30/2020","Manhattan","3","Individuals",,,"243","540","22","147","325"
"06/30/2020","Manhattan","2","Individuals",,,,"195",,,
"06/30/2020","Manhattan","1","Individuals",,,,"182",,"135",
"06/30/2020","Brooklyn","17","Individuals",,,,"131",,,"701"
"06/30/2020","Brooklyn","16","Individuals",,,"232","259",,"243","2,467"
"06/30/2020","Brooklyn","15","Individuals",,,,,,,"186"
"06/30/2020","Brooklyn","14","Individuals",,,,,,,"89"
"06/30/2020","Brooklyn","13","Individuals",,,,,,"118",
"06/30/2020","Brooklyn","12","Individuals",,,,"93",,,"117"
"06/30/2020","Brooklyn","11","Individuals",,,,,,,
"06/30/2020","Brooklyn","10","Individuals",,,,,,,
"06/30/2020","Brooklyn","9","Individuals",,,"112",,,,"423"
"06/30/2020","Brooklyn","8","Individuals",,,"238","86",,,"468"
"06/30/2020","Brooklyn","7","Individuals",,,"179","457",,"318",
"06/30/2020","Brooklyn","6","Individuals",,"113","50","427",,,"59"
"06/30/2020","Brooklyn","5","Individuals",,,"468","388",,"234","284"
"06/30/2020","Brooklyn","4","Individuals",,,"99","284","57",,"836"
"06/30/2020","Brooklyn","3","Individuals",,,"31","102","207","188","555"
"06/30/2020","Brooklyn","2","Individuals",,"135","102","141",,,"63"
"06/30/2020","Brooklyn","1","Individuals",,"172","442","211",,"102",
"06/30/2020","Bronx","12","Individuals",,,"73","142",,,"292"
"06/30/2020","Bronx","11","Individuals",,,,,,,
"06/30/2020","Bronx","10","Individuals",,,,,,,"589"
"06/30/2020","Bronx","9","Individuals",,,,,"451",,"349"
"06/30/2020","Bronx","8","Individuals",,,,,,,"245"
"06/30/2020","Bronx","7","Individuals",,"107","98",,"244",,"272"
"06/30/2020","Bronx","6","Individuals",,"96","52","71","202",,"1,994"
"06/30/2020","Bronx","5","Individuals",,"219",,,"824",,"1,093"
"06/30/2020","Bronx","4","Individuals",,,"208","100","1,047",,"2,087"
"06/30/2020","Bronx","3","Individuals",,"262","228",,"83","275","1,399"
"06/30/2020","Bronx","2","Individuals",,"192",,,"212",,"789"
"06/30/2020","Bronx","1","Individuals",,"181","47",,"27","71","1,233"
"05/31/2020","Manhattan","2","Individuals",,,,"175",,,
"05/31/2020","Staten Island","3","Individuals",,,,,,,
"05/31/2020","Staten Island","2","Individuals",,,,,,,
"05/31/2020","Staten Island","1","Individuals",,,,,,,"114"
"05/31/2020","Queens","14","Individuals",,"312",,,,"190","157"
"05/31/2020","Queens","13","Individuals",,,,"554",,"202","783"
"05/31/2020","Queens","12","Individuals",,"269","195","1,332",,"54","1,326"
"05/31/2020","Queens","11","Individuals",,,,,,,
"05/31/2020","Queens","10","Individuals","380",,"163","59",,"358",
"05/31/2020","Queens","9","Individuals",,,,,,,
"05/31/2020","Queens","8","Individuals",,,,,,,"315"
"05/31/2020","Queens","7","Individuals",,,"100",,,"137",
"05/31/2020","Queens","6","Individuals",,,,,,,
"05/31/2020","Queens","5","Individuals",,,"182",,,,
"05/31/2020","Queens","4","Individuals",,,,"163",,"80","505"
"05/31/2020","Queens","3","Individuals",,,,"283",,,"778"
"05/31/2020","Queens","2","Individuals",,"303",,"106",,"501","209"
"05/31/2020","Queens","1","Individuals",,,"196","671",,"190","386"
"05/31/2020","Manhattan","12","Individuals",,,"205",,,"119",
"05/31/2020","Manhattan","11","Individuals",,,"829",,,,"621"
"05/31/2020","Manhattan","10","Individuals",,"356","455",,,,"820"
"05/31/2020","Manhattan","9","Individuals",,,,,,,"721"
"05/31/2020","Manhattan","8","Individuals",,,"76","304",,,
"05/31/2020","Manhattan","7","Individuals",,"208","226","429",,,"566"
"05/31/2020","Manhattan","6","Individuals",,,"546","490",,,
"05/31/2020","Manhattan","5","Individuals",,"297",,"1,318",,"1,778","311"
"05/31/2020","Manhattan","4","Individuals",,,"66","987",,"536",
"05/31/2020","Manhattan","3","Individuals",,,"505","347","22","151","349"
"05/31/2020","Manhattan","1","Individuals",,,,"52",,"116",
"05/31/2020","Brooklyn","18","Individuals",,"361",,,,,"819"
"05/31/2020","Brooklyn","17","Individuals",,,,"136",,,"697"
"05/31/2020","Brooklyn","16","Individuals",,,"252","297",,"250","2,480"
"05/31/2020","Brooklyn","15","Individuals",,,,,,,"191"
"05/31/2020","Brooklyn","14","Individuals",,,,,,,"94"
"05/31/2020","Brooklyn","13","Individuals",,,,,,"119",
"05/31/2020","Brooklyn","12","Individuals",,,,"100",,,"121"
"05/31/2020","Brooklyn","11","Individuals",,,,,,,
"05/31/2020","Brooklyn","10","Individuals",,,,,,,
"05/31/2020","Brooklyn","9","Individuals",,,"110",,,,"431"
"05/31/2020","Brooklyn","8","Individuals",,,"321","88",,,"493"
"05/31/2020","Brooklyn","7","Individuals",,,"183","378",,"343",
"05/31/2020","Brooklyn","6","Individuals",,"105","51","422",,,
"05/31/2020","Brooklyn","5","Individuals",,,"434","358",,"249","385"
"05/31/2020","Brooklyn","4","Individuals",,,"156","288","66",,"838"
"05/31/2020","Brooklyn","3","Individuals",,,"86","101","208","182","564"
"05/31/2020","Brooklyn","2","Individuals",,"122","291","143",,,"62"
"05/31/2020","Brooklyn","1","Individuals",,"158","461","227",,"106",
"05/31/2020","Bronx","12","Individuals",,,"102","141",,,"276"
"05/31/2020","Bronx","11","Individuals",,,,,,,
"05/31/2020","Bronx","10","Individuals",,,,,,,"611"
"05/31/2020","Bronx","9","Individuals",,,,,"486",,"249"
"05/31/2020","Bronx","8","Individuals",,,,,,,"235"
"05/31/2020","Bronx","7","Individuals",,"104","298",,"248",,"291"
"05/31/2020","Bronx","6","Individuals",,"70","58","70","213",,"2,132"
"05/31/2020","Bronx","5","Individuals",,"218","9",,"833",,"1,090"
"05/31/2020","Bronx","4","Individuals",,,"309","89","1,053",,"2,035"
"05/31/2020","Bronx","3","Individuals",,"250","357",,"94","270","1,454"
"05/31/2020","Bronx","2","Individuals",,"162",,,"218",,"769"
"05/31/2020","Bronx","1","Individuals",,"181","83",,"30","72","1,262"
"04/30/2020","Bronx","3","Individuals",,"318","362",,"79","286","1,483"
"04/30/2020","Staten Island","3","Individuals",,,,,,,
"04/30/2020","Staten Island","2","Individuals",,,,,,,
"04/30/2020","Staten Island","1","Individuals",,,,,,,"107"
"04/30/2020","Queens","14","Individuals",,"306","84",,,"171","143"
"04/30/2020","Queens","13","Individuals",,,,"556",,"205","800"
"04/30/2020","Queens","12","Individuals",,"271","305","1,131",,"142","1,349"
"04/30/2020","Queens","11","Individuals",,,,,,,
"04/30/2020","Queens","10","Individuals","337",,"163","52",,"337",
"04/30/2020","Queens","9","Individuals",,,"101",,,,
"04/30/2020","Queens","8","Individuals",,,,,,,"318"
"04/30/2020","Queens","7","Individuals",,,"277",,,"137",
"04/30/2020","Queens","6","Individuals",,,,,,,
"04/30/2020","Queens","5","Individuals",,,"124",,,,
"04/30/2020","Queens","4","Individuals",,,,"162",,"93","508"
"04/30/2020","Queens","3","Individuals",,,,"89",,,"836"
"04/30/2020","Queens","2","Individuals",,"296",,,,"485","217"
"04/30/2020","Queens","1","Individuals",,,"190","58",,"191","367"
"04/30/2020","Manhattan","12","Individuals",,,"433",,,"119",
"04/30/2020","Manhattan","11","Individuals",,,"1,332",,,,"650"
"04/30/2020","Manhattan","10","Individuals",,"356","552",,,,"834"
"04/30/2020","Manhattan","9","Individuals",,,,,,,"734"
"04/30/2020","Manhattan","8","Individuals",,,"69",,,,
"04/30/2020","Manhattan","7","Individuals",,"210","268",,,,"568"
"04/30/2020","Manhattan","6","Individuals",,,"626","198",,,
"04/30/2020","Manhattan","5","Individuals",,"308",,"194",,"1,838","305"
"04/30/2020","Manhattan","4","Individuals",,,"181","99",,"571",
"04/30/2020","Manhattan","3","Individuals",,,"751","234","22","147","359"
"04/30/2020","Bronx","2","Individuals",,"174",,,"199",,"779"
"04/30/2020","Manhattan","2","Individuals",,,,"188",,,
"04/30/2020","Manhattan","1","Individuals",,,,"121",,"126",
"04/30/2020","Bronx","1","Individuals",,"187","213",,"33","83","1,242"
"04/30/2020","Brooklyn","18","Individuals",,"361",,,,,"819"
"04/30/2020","Brooklyn","17","Individuals",,,,"132",,,"695"
"04/30/2020","Brooklyn","16","Individuals",,,"626","296",,"255","2,517"
"04/30/2020","Brooklyn","15","Individuals",,,,,,,"179"
"04/30/2020","Brooklyn","14","Individuals",,,,,,,"95"
"04/30/2020","Brooklyn","13","Individuals",,,,,,"116",
"04/30/2020","Brooklyn","12","Individuals",,,"121","99",,,"126"
"04/30/2020","Brooklyn","11","Individuals",,,,,,,
"04/30/2020","Brooklyn","10","Individuals",,,,,,,
"04/30/2020","Brooklyn","9","Individuals",,,"332",,,,"440"
"04/30/2020","Brooklyn","8","Individuals",,"66","395","89",,,"489"
"04/30/2020","Brooklyn","7","Individuals",,,"180","401",,"375",
"04/30/2020","Brooklyn","6","Individuals",,"60","94","420",,,
"04/30/2020","Brooklyn","5","Individuals",,,"699","250",,"253","564"
"04/30/2020","Brooklyn","4","Individuals",,,"297","242","71",,"836"
"04/30/2020","Brooklyn","3","Individuals",,,"556",,"226","193","585"
"04/30/2020","Brooklyn","2","Individuals",,"109","353",,,,"65"
"04/30/2020","Brooklyn","1","Individuals",,"157","590","116",,"97",
"04/30/2020","Bronx","12","Individuals",,,"104",,,,"279"
"04/30/2020","Bronx","11","Individuals",,,,,,,
"04/30/2020","Bronx","10","Individuals",,,,,,,"603"
"04/30/2020","Bronx","9","Individuals",,,"87",,"513",,"212"
"04/30/2020","Bronx","8","Individuals",,,,,,,"244"
"04/30/2020","Bronx","7","Individuals",,"99","596",,"242",,"295"
"04/30/2020","Bronx","6","Individuals",,"85","110","92","244",,"2,176"
"04/30/2020","Bronx","5","Individuals",,"233","382",,"795",,"1,110"
"04/30/2020","Bronx","4","Individuals",,,"428","99","1,019",,"2,053"
"03/31/2020","Bronx","1","Individuals",,"179","223",,"33","76","1,268"
"03/31/2020","Staten Island","3","Individuals",,,,,,,
"03/31/2020","Staten Island","2","Individuals",,,,,,,
"03/31/2020","Staten Island","1","Individuals",,,,,,,"131"
"03/31/2020","Queens","14","Individuals",,"309","27",,,"179","160"
"03/31/2020","Queens","13","Individuals",,,,"557",,"197","815"
"03/31/2020","Queens","12","Individuals",,"278","345","1,129",,"164","1,344"
"03/31/2020","Queens","11","Individuals",,,,,,,
"03/31/2020","Queens","10","Individuals","333",,"165","52",,"329",
"03/31/2020","Queens","9","Individuals",,,"113",,,,
"03/31/2020","Queens","8","Individuals",,,,,,,"330"
"03/31/2020","Queens","7","Individuals",,,"300",,,"133",
"03/31/2020","Queens","6","Individuals",,,,,,,
"03/31/2020","Queens","5","Individuals",,,"70",,,,
"03/31/2020","Queens","4","Individuals",,,,"161",,"92","532"
"03/31/2020","Queens","3","Individuals",,,,"92",,,"854"
"03/31/2020","Queens","2","Individuals",,"295",,,,"484","228"
"03/31/2020","Queens","1","Individuals",,,"199",,,"200","377"
"03/31/2020","Manhattan","12","Individuals",,,"461",,,"122",
"03/31/2020","Manhattan","11","Individuals",,,"1,366",,,,"644"
"03/31/2020","Manhattan","10","Individuals",,"380","562",,,,"846"
"03/31/2020","Manhattan","9","Individuals",,,,,,,"756"
"03/31/2020","Manhattan","8","Individuals",,,"77",,,,
"03/31/2020","Manhattan","7","Individuals",,"198","312",,,,"600"
"03/31/2020","Manhattan","6","Individuals",,,"944",,,,
"03/31/2020","Manhattan","5","Individuals",,"331",,,,"1,876","338"
"03/31/2020","Manhattan","4","Individuals",,"2","381","17",,"610",
"03/31/2020","Manhattan","3","Individuals",,,"761","227","26","147","358"
"03/31/2020","Manhattan","2","Individuals",,,,,,,
"03/31/2020","Manhattan","1","Individuals",,,,"73",,"124",
"03/31/2020","Brooklyn","18","Individuals",,"367",,,,,"826"
"03/31/2020","Brooklyn","17","Individuals",,,,"136",,,"693"
"03/31/2020","Brooklyn","16","Individuals",,,"657","192",,"339","2,555"
"03/31/2020","Brooklyn","15","Individuals",,,,,,,"195"
"03/31/2020","Brooklyn","14","Individuals",,,,,,,"93"
"03/31/2020","Brooklyn","13","Individuals",,,,,,"118",
"03/31/2020","Brooklyn","12","Individuals",,,"128",,,,"123"
"03/31/2020","Brooklyn","11","Individuals",,,,,,,
"03/31/2020","Brooklyn","10","Individuals",,,,,,,
"03/31/2020","Brooklyn","9","Individuals",,,"361",,,,"443"
"03/31/2020","Brooklyn","8","Individuals",,"62","568","88",,,"503"
"03/31/2020","Brooklyn","7","Individuals",,,"189","206",,"501",
"03/31/2020","Brooklyn","6","Individuals",,"10","94","423",,,
"03/31/2020","Brooklyn","5","Individuals",,,"887","252",,"257","646"
"03/31/2020","Brooklyn","4","Individuals",,,"403","59","71","133","841"
"03/31/2020","Brooklyn","3","Individuals",,,"566",,"231","194","562"
"03/31/2020","Brooklyn","2","Individuals",,"206","371",,,,"66"
"03/31/2020","Brooklyn","1","Individuals",,"160","730",,,"98",
"03/31/2020","Bronx","12","Individuals",,,"108",,,,"275"
"03/31/2020","Bronx","11","Individuals",,,,,,,
"03/31/2020","Bronx","10","Individuals",,,,,,,"621"
"03/31/2020","Bronx","9","Individuals",,,"96",,"507",,"198"
"03/31/2020","Bronx","8","Individuals",,,,,,,"247"
"03/31/2020","Bronx","7","Individuals",,"106","623",,"246",,"302"
"03/31/2020","Bronx","6","Individuals",,"99","97","93","239",,"2,198"
"03/31/2020","Bronx","5","Individuals",,"243","491",,"792",,"1,145"
"03/31/2020","Bronx","4","Individuals",,,"437",,"993",,"2,138"
"03/31/2020","Bronx","3","Individuals",,"332","552",,"77","276","1,532"
"03/31/2020","Bronx","2","Individuals",,"185",,,"164",,"791"
"02/29/2020","Manhattan","2","Individuals",,,,,,,
"02/29/2020","Staten Island","3","Individuals",,,,,,,
"02/29/2020","Staten Island","2","Individuals",,,,,,,
"02/29/2020","Staten Island","1","Individuals",,,,,,,"131"
"02/29/2020","Queens","14","Individuals",,"323","8",,,"178","169"
"02/29/2020","Queens","13","Individuals",,,,"557",,"213","822"
"02/29/2020","Queens","12","Individuals",,"281","335","1,070",,"318","1,235"
"02/29/2020","Queens","11","Individuals",,,,,,,
"02/29/2020","Queens","10","Individuals","311",,"170","50",,"370",
"02/29/2020","Queens","9","Individuals",,,"112",,,,
"02/29/2020","Queens","8","Individuals",,,,,,,"321"
"02/29/2020","Queens","7","Individuals",,,"297",,,"147",
"02/29/2020","Queens","6","Individuals",,,,,,,
"02/29/2020","Queens","5","Individuals",,,"23",,,,
"02/29/2020","Queens","4","Individuals",,,,"158",,"84","519"
"02/29/2020","Queens","3","Individuals",,,,"90",,,"815"
"02/29/2020","Queens","2","Individuals",,"316",,,,"493","215"
"02/29/2020","Queens","1","Individuals",,,"199",,,"230","377"
"02/29/2020","Manhattan","12","Individuals",,,"458",,,"115",
"02/29/2020","Manhattan","11","Individuals",,,"1,360",,,,"657"
"02/29/2020","Manhattan","10","Individuals",,"398","564",,,,"839"
"02/29/2020","Manhattan","9","Individuals",,,,,,,"748"
"02/29/2020","Manhattan","8","Individuals",,,"80",,,,
"02/29/2020","Manhattan","7","Individuals",,"204","310",,,,"601"
"02/29/2020","Manhattan","6","Individuals",,,"955",,,,
"02/29/2020","Manhattan","5","Individuals",,"326",,,,"1,919","343"
"02/29/2020","Manhattan","4","Individuals",,"56","385",,,"629",
"02/29/2020","Manhattan","3","Individuals",,,"754","243","33","145","347"
"02/29/2020","Manhattan","1","Individuals",,,,,,"123",
"02/29/2020","Brooklyn","18","Individuals",,"362",,,,,"841"
"02/29/2020","Brooklyn","17","Individuals",,,,"136",,,"706"
"02/29/2020","Brooklyn","16","Individuals",,,"657","182",,"352","2,542"
"02/29/2020","Brooklyn","15","Individuals",,,,,,,"209"
"02/29/2020","Brooklyn","14","Individuals",,,,,,,"92"
"02/29/2020","Brooklyn","13","Individuals",,,,,,"121",
"02/29/2020","Brooklyn","12","Individuals",,,"122",,,,"127"
"02/29/2020","Brooklyn","11","Individuals",,,,,,,
"02/29/2020","Brooklyn","10","Individuals",,,,,,,
"02/29/2020","Brooklyn","9","Individuals",,,"362",,,,"446"
"02/29/2020","Brooklyn","8","Individuals",,"68","582","80",,,"493"
"02/29/2020","Brooklyn","7","Individuals",,,"183","157",,"579",
"02/29/2020","Brooklyn","6","Individuals",,,"98","427",,,
"02/29/2020","Brooklyn","5","Individuals",,,"922","246",,"253","782"
"02/29/2020","Brooklyn","4","Individuals",,,"390","60","65","147","855"
"02/29/2020","Brooklyn","3","Individuals",,,"563",,"217","192","597"
"02/29/2020","Brooklyn","2","Individuals",,"171","373",,,,"74"
"02/29/2020","Brooklyn","1","Individuals",,"150","732",,,"93",
"02/29/2020","Bronx","12","Individuals",,,"107",,,,"301"
"02/29/2020","Bronx","11","Individuals",,,,,,,
"02/29/2020","Bronx","10","Individuals",,,,,,,"593"
"02/29/2020","Bronx","9","Individuals",,,"100",,"489",,"173"
"02/29/2020","Bronx","8","Individuals",,,,,,,"247"
"02/29/2020","Bronx","7","Individuals",,"113","625",,"261",,"299"
"02/29/2020","Bronx","6","Individuals",,"68","107","92","246",,"2,212"
"02/29/2020","Bronx","5","Individuals",,"236","496",,"863",,"1,158"
"02/29/2020","Bronx","4","Individuals",,,"432",,"1,073",,"2,042"
"02/29/2020","Bronx","3","Individuals",,"327","565",,"86","279","1,555"
"02/29/2020","Bronx","2","Individuals",,"182",,,"222",,"821"
"02/29/2020","Bronx","1","Individuals",,"187","222",,"29","79","1,258"
"01/31/2020","Bronx","2","Individuals",,"189",,,"226",,"843"
"01/31/2020","Staten Island","3","Individuals",,,,,,,
"01/31/2020","Staten Island","2","Individuals",,,,,,,
"01/31/2020","Staten Island","1","Individuals",,,,,,,"129"
"01/31/2020","Queens","14","Individuals",,"308",,,,"184","167"
"01/31/2020","Queens","13","Individuals",,,,"554",,"240","848"
"01/31/2020","Queens","12","Individuals",,"287","328","1,068",,"392","1,180"
"01/31/2020","Queens","11","Individuals",,,,,,,
"01/31/2020","Queens","10","Individuals","308",,"171","54",,"436",
"01/31/2020","Queens","9","Individuals",,,"110",,,,
"01/31/2020","Queens","8","Individuals",,,,,,,"316"
"01/31/2020","Queens","7","Individuals",,,"300",,,"146",
"01/31/2020","Queens","6","Individuals",,,,,,,
"01/31/2020","Queens","5","Individuals",,,,,,,
"01/31/2020","Queens","4","Individuals",,,,"161",,"109","498"
"01/31/2020","Queens","3","Individuals",,,,"88",,,"805"
"01/31/2020","Queens","2","Individuals",,"320",,,,"581","237"
"01/31/2020","Queens","1","Individuals",,,"197",,,"243","365"
"01/31/2020","Manhattan","12","Individuals",,,"432",,,"119",
"01/31/2020","Manhattan","11","Individuals",,,"1,365",,"245",,"665"
"01/31/2020","Manhattan","10","Individuals",,"400","565",,"36",,"829"
"01/31/2020","Manhattan","9","Individuals",,,,,"57",,"729"
"01/31/2020","Manhattan","8","Individuals",,,"79",,,,
"01/31/2020","Manhattan","7","Individuals",,"204","312",,,,"607"
"01/31/2020","Manhattan","6","Individuals",,,"951",,,,
"01/31/2020","Manhattan","5","Individuals",,"320",,,,"2,086","339"
"01/31/2020","Manhattan","4","Individuals",,"62","380",,,"605",
"01/31/2020","Manhattan","3","Individuals",,,"755","236","28","152","353"
"01/31/2020","Bronx","1","Individuals",,"185","223",,"153","75","1,258"
"01/31/2020","Manhattan","2","Individuals",,,,,,,
"01/31/2020","Manhattan","1","Individuals",,,,,,"140",
"01/31/2020","Brooklyn","18","Individuals",,"361",,,,,"828"
"01/31/2020","Brooklyn","17","Individuals",,,,"134",,,"680"
"01/31/2020","Brooklyn","16","Individuals",,,"647","129",,"392","2,522"
"01/31/2020","Brooklyn","15","Individuals",,,,,,,"207"
"01/31/2020","Brooklyn","14","Individuals",,,,,,,"92"
"01/31/2020","Brooklyn","13","Individuals",,,,,,"127",
"01/31/2020","Brooklyn","12","Individuals",,,"125",,,,"131"
"01/31/2020","Brooklyn","11","Individuals",,,,,,,
"01/31/2020","Brooklyn","10","Individuals",,,,,,,
"01/31/2020","Brooklyn","9","Individuals",,,"361",,,,"442"
"01/31/2020","Brooklyn","8","Individuals",,"64","577","88",,,"500"
"01/31/2020","Brooklyn","7","Individuals",,,"182","146",,"605",
"01/31/2020","Brooklyn","6","Individuals",,,"97","429",,,
"01/31/2020","Brooklyn","5","Individuals",,,"925","254",,"264","821"
"01/31/2020","Brooklyn","4","Individuals",,,"400","61","63","173","833"
"01/31/2020","Brooklyn","3","Individuals",,,"546",,"226","201","598"
"01/31/2020","Brooklyn","2","Individuals",,"170","375",,,,"70"
"01/31/2020","Brooklyn","1","Individuals",,"166","738",,,"93",
"01/31/2020","Bronx","12","Individuals",,,"108",,,,"279"
"01/31/2020","Bronx","11","Individuals",,,,,,,
"01/31/2020","Bronx","10","Individuals",,,,,,,"571"
"01/31/2020","Bronx","9","Individuals",,,"101",,"467",,"179"
"01/31/2020","Bronx","8","Individuals",,,,,,,"249"
"01/31/2020","Bronx","7","Individuals",,"113","627",,"274",,"307"
"01/31/2020","Bronx","6","Individuals",,"96","112","91","330",,"2,249"
"01/31/2020","Bronx","5","Individuals",,"248","491",,"911",,"1,174"
"01/31/2020","Bronx","4","Individuals",,,"426",,"1,086",,"1,983"
"01/31/2020","Bronx","3","Individuals",,"316","579",,"144","298","1,509"
"12/31/2019","Manhattan","1","Individuals",,,,,,"141",
"12/31/2019","Staten Island","3","Individuals",,,,,,,
"12/31/2019","Staten Island","2","Individuals",,,,,,,
"12/31/2019","Staten Island","1","Individuals",,,,,,,"129"
"12/31/2019","Queens","14","Individuals",,"306",,,,"200","167"
"12/31/2019","Queens","13","Individuals",,,,"546",,"219","842"
"12/31/2019","Queens","12","Individuals",,"279","341","1,065",,"399","1,183"
"12/31/2019","Queens","11","Individuals",,,,,,,
"12/31/2019","Queens","10","Individuals","318",,"170","54",,"426",
"12/31/2019","Queens","9","Individuals",,,"113",,,,
"12/31/2019","Queens","8","Individuals",,,,,,,"309"
"12/31/2019","Queens","7","Individuals",,,"258",,,"144",
"12/31/2019","Queens","6","Individuals",,,,,,,
"12/31/2019","Queens","5","Individuals",,,,,,,
"12/31/2019","Queens","4","Individuals",,,,"163",,"94","506"
"12/31/2019","Queens","3","Individuals",,,,"91",,,"870"
"12/31/2019","Queens","2","Individuals",,"312",,,,"597","233"
"12/31/2019","Queens","1","Individuals",,,"199",,,"245","379"
"12/31/2019","Manhattan","12","Individuals",,,"383",,,"129",
"12/31/2019","Manhattan","11","Individuals",,,"1,314",,"165",,"628"
"12/31/2019","Manhattan","10","Individuals",,"407","549",,"29",,"852"
"12/31/2019","Manhattan","9","Individuals",,,,,"33",,"752"
"12/31/2019","Manhattan","8","Individuals",,,"79",,,,
"12/31/2019","Manhattan","7","Individuals",,"212","300",,,,"598"
"12/31/2019","Manhattan","6","Individuals",,,"933",,,,
"12/31/2019","Manhattan","5","Individuals",,"319",,,,"2,095","351"
"12/31/2019","Manhattan","4","Individuals",,"67","382",,,"606",
"12/31/2019","Manhattan","3","Individuals",,,"709","240","33","145","351"
"12/31/2019","Manhattan","2","Individuals",,,,,,,
"12/31/2019","Brooklyn","18","Individuals",,"365",,,,,"835"
"12/31/2019","Brooklyn","17","Individuals",,,,"129",,,"695"
"12/31/2019","Brooklyn","16","Individuals",,,"634","103",,"405","2,565"
"12/31/2019","Brooklyn","15","Individuals",,,,,,,"203"
"12/31/2019","Brooklyn","14","Individuals",,,,,,,"92"
"12/31/2019","Brooklyn","13","Individuals",,,,,,"132",
"12/31/2019","Brooklyn","12","Individuals",,,"114",,,,"133"
"12/31/2019","Brooklyn","11","Individuals",,,,,,,
"12/31/2019","Brooklyn","10","Individuals",,,,,,,
"12/31/2019","Brooklyn","9","Individuals",,,"349",,,,"447"
"12/31/2019","Brooklyn","8","Individuals",,"64","528","87",,,"488"
"12/31/2019","Brooklyn","7","Individuals",,,"176","99",,"617",
"12/31/2019","Brooklyn","6","Individuals",,,"92","420",,,
"12/31/2019","Brooklyn","5","Individuals",,,"910","242",,"248","835"
"12/31/2019","Brooklyn","4","Individuals",,,"397","53","69","162","854"
"12/31/2019","Brooklyn","3","Individuals",,,"444",,"235","213","613"
"12/31/2019","Brooklyn","2","Individuals",,"210","372",,,,"64"
"12/31/2019","Brooklyn","1","Individuals",,"160","670",,,"95",
"12/31/2019","Bronx","12","Individuals",,,"103",,,,"276"
"12/31/2019","Bronx","11","Individuals",,,,,,,
"12/31/2019","Bronx","10","Individuals",,,,,,,"587"
"12/31/2019","Bronx","9","Individuals",,,"101",,"464",,"189"
"12/31/2019","Bronx","8","Individuals",,,,,,,"253"
"12/31/2019","Bronx","7","Individuals",,"112","619",,"272",,"327"
"12/31/2019","Bronx","6","Individuals",,"105","102","93","283",,"2,253"
"12/31/2019","Bronx","5","Individuals",,"246","487",,"909",,"1,163"
"12/31/2019","Bronx","4","Individuals",,,"428","66","1,078",,"2,014"
"12/31/2019","Bronx","3","Individuals",,"334","585",,"144","296","1,473"
"12/31/2019","Bronx","2","Individuals",,"187",,,"237",,"828"
"12/31/2019","Bronx","1","Individuals",,"188","216",,"114","84","1,234"
"11/30/2019","Manhattan","2","Individuals",,,,,,,
"11/30/2019","Staten Island","3","Individuals",,,,,,,
"11/30/2019","Staten Island","2","Individuals",,,,,,,
"11/30/2019","Staten Island","1","Individuals",,,,,,,"130"
"11/30/2019","Queens","14","Individuals",,"306",,,,"214","172"
"11/30/2019","Queens","13","Individuals",,,,"554",,"248","854"
"11/30/2019","Queens","12","Individuals",,"275","347","1,072",,"400","1,187"
"11/30/2019","Queens","11","Individuals",,,,,,,
"11/30/2019","Queens","10","Individuals","342",,"171","58",,"445",
"11/30/2019","Queens","9","Individuals",,,"112",,,,
"11/30/2019","Queens","8","Individuals",,,,,,,"311"
"11/30/2019","Queens","7","Individuals",,,"175",,,"147",
"11/30/2019","Queens","6","Individuals",,,,,,,
"11/30/2019","Queens","5","Individuals",,,,,,,
"11/30/2019","Queens","4","Individuals",,,,"160",,"111","506"
"11/30/2019","Queens","3","Individuals",,,,"85",,,"868"
"11/30/2019","Queens","2","Individuals",,"314",,,,"623","227"
"11/30/2019","Queens","1","Individuals",,,"200",,,"242","368"
"11/30/2019","Manhattan","12","Individuals",,,"321",,,"119",
"11/30/2019","Manhattan","11","Individuals",,,"1,345",,"212",,"662"
"11/30/2019","Manhattan","10","Individuals",,"396","559",,"39",,"857"
"11/30/2019","Manhattan","9","Individuals",,,,,"39",,"787"
"11/30/2019","Manhattan","8","Individuals",,,"78",,,,
"11/30/2019","Manhattan","7","Individuals",,"214","250",,,,"632"
"11/30/2019","Manhattan","6","Individuals",,,"908",,,,
"11/30/2019","Manhattan","5","Individuals",,"329",,,,"2,100","340"
"11/30/2019","Manhattan","4","Individuals",,"76","386",,,"650",
"11/30/2019","Manhattan","3","Individuals",,,"747","237","37","159","360"
"11/30/2019","Manhattan","1","Individuals",,,,,,"144",
"11/30/2019","Brooklyn","18","Individuals",,"361",,,,,"850"
"11/30/2019","Brooklyn","17","Individuals",,,,"135",,,"714"
"11/30/2019","Brooklyn","16","Individuals",,,"654","113",,"409","2,570"
"11/30/2019","Brooklyn","15","Individuals",,,,,,,"213"
"11/30/2019","Brooklyn","14","Individuals",,,,,,,"97"
"11/30/2019","Brooklyn","13","Individuals",,,,,,"139",
"11/30/2019","Brooklyn","12","Individuals",,,"128",,,,"132"
"11/30/2019","Brooklyn","11","Individuals",,,,,,,
"11/30/2019","Brooklyn","10","Individuals",,,,,,,
"11/30/2019","Brooklyn","9","Individuals",,,"355",,,,"433"
"11/30/2019","Brooklyn","8","Individuals",,"64","546","89",,,"492"
"11/30/2019","Brooklyn","7","Individuals",,,"186","96",,"634",
"11/30/2019","Brooklyn","6","Individuals",,,"99","421",,,
"11/30/2019","Brooklyn","5","Individuals",,,"951","252",,"262","861"
"11/30/2019","Brooklyn","4","Individuals",,,"398","62","66","173","864"
"11/30/2019","Brooklyn","3","Individuals",,,"570",,"243","211","638"
"11/30/2019","Brooklyn","2","Individuals",,"184","377",,,,"70"
"11/30/2019","Brooklyn","1","Individuals",,"152","679",,,"95",
"11/30/2019","Bronx","12","Individuals",,,"107",,,,"274"
"11/30/2019","Bronx","11","Individuals",,,,,,,
"11/30/2019","Bronx","10","Individuals",,,,,,,"578"
"11/30/2019","Bronx","9","Individuals",,,"101",,"485",,"189"
"11/30/2019","Bronx","8","Individuals",,,,,,,"258"
"11/30/2019","Bronx","7","Individuals",,"112","623",,"275",,"325"
"11/30/2019","Bronx","6","Individuals",,"108","106","93","336",,"2,300"
"11/30/2019","Bronx","5","Individuals",,"246","493",,"927",,"1,114"
"11/30/2019","Bronx","4","Individuals",,,"437","76","1,108",,"2,051"
"11/30/2019","Bronx","3","Individuals",,"338","551",,"142","293","1,463"
"11/30/2019","Bronx","2","Individuals",,"194",,,"244",,"824"
"11/30/2019","Bronx","1","Individuals",,"189","219",,"147","84","1,254"
"10/31/2019","Bronx","3","Individuals",,"340","604",,"153","289","1,395"
"10/31/2019","Staten Island","3","Individuals",,,,,,,
"10/31/2019","Staten Island","2","Individuals",,,,,,,
"10/31/2019","Staten Island","1","Individuals",,,,,,,"135"
"10/31/2019","Queens","14","Individuals",,"330",,,,"206","172"
"10/31/2019","Queens","13","Individuals",,,,"561",,"243","838"
"10/31/2019","Queens","12","Individuals",,"283","350","1,080",,"403","1,144"
"10/31/2019","Queens","11","Individuals",,,,,,,
"10/31/2019","Queens","10","Individuals","359",,"174","59",,"453",
"10/31/2019","Queens","9","Individuals",,,"109",,,,
"10/31/2019","Queens","8","Individuals",,,,,,,"314"
"10/31/2019","Queens","7","Individuals",,,"126",,,"156",
"10/31/2019","Queens","6","Individuals",,,,,,,
"10/31/2019","Queens","5","Individuals",,,,,,,
"10/31/2019","Queens","4","Individuals",,,,"162",,"123","515"
"10/31/2019","Queens","3","Individuals",,,,"86",,,"878"
"10/31/2019","Queens","2","Individuals",,"314",,,,"623","240"
"10/31/2019","Queens","1","Individuals",,,"198",,,"259","377"
"10/31/2019","Manhattan","12","Individuals",,,"284",,,"120",
"10/31/2019","Manhattan","11","Individuals",,,"1,349",,"260",,"678"
"10/31/2019","Manhattan","10","Individuals",,"408","553",,"55",,"854"
"10/31/2019","Manhattan","9","Individuals",,,,,"55",,"785"
"10/31/2019","Manhattan","8","Individuals",,,"80",,,,
"10/31/2019","Manhattan","7","Individuals",,"212","192",,,,"611"
"10/31/2019","Manhattan","6","Individuals",,,"865",,,,
"10/31/2019","Manhattan","5","Individuals",,"317",,,,"2,100","359"
"10/31/2019","Manhattan","4","Individuals",,"90","378",,,"642",
"10/31/2019","Manhattan","3","Individuals",,,"779","237","39","153","380"
"10/31/2019","Bronx","2","Individuals",,"191",,,"250",,"815"
"10/31/2019","Manhattan","2","Individuals",,,,,,,
"10/31/2019","Bronx","1","Individuals",,"188","218",,"166","90","1,251"
"10/31/2019","Manhattan","1","Individuals",,,,,,"144",
"10/31/2019","Brooklyn","18","Individuals",,"367",,,,,"837"
"10/31/2019","Brooklyn","17","Individuals",,,,"135",,,"863"
"10/31/2019","Brooklyn","16","Individuals",,,"660","110",,"386","2,554"
"10/31/2019","Brooklyn","15","Individuals",,,,,,,"204"
"10/31/2019","Brooklyn","14","Individuals",,,,,,,"98"
"10/31/2019","Brooklyn","13","Individuals",,,,,,"140",
"10/31/2019","Brooklyn","12","Individuals",,,"123",,,,"129"
"10/31/2019","Brooklyn","11","Individuals",,,,,,,
"10/31/2019","Brooklyn","10","Individuals",,,,,,,
"10/31/2019","Brooklyn","9","Individuals",,,"357",,,,"443"
"10/31/2019","Brooklyn","8","Individuals",,"68","511","90",,,"497"
"10/31/2019","Brooklyn","7","Individuals",,,"189","100",,"646","13"
"10/31/2019","Brooklyn","6","Individuals",,,"96","417",,,
"10/31/2019","Brooklyn","5","Individuals",,,"946","248",,"266","835"
"10/31/2019","Brooklyn","4","Individuals",,,"398","60","65","173","849"
"10/31/2019","Brooklyn","3","Individuals",,,"561",,"254","214","668"
"10/31/2019","Brooklyn","2","Individuals",,"183","377",,,,"71"
"10/31/2019","Brooklyn","1","Individuals",,"163","708",,,"96",
"10/31/2019","Bronx","12","Individuals",,,"106",,,,"255"
"10/31/2019","Bronx","11","Individuals",,,,,,,
"10/31/2019","Bronx","10","Individuals",,,,,,,"593"
"10/31/2019","Bronx","9","Individuals",,,"101",,"469",,"233"
"10/31/2019","Bronx","8","Individuals",,,,,,,"251"
"10/31/2019","Bronx","7","Individuals",,"114","622",,"275",,"324"
"10/31/2019","Bronx","6","Individuals",,"109","115","90","348",,"2,245"
"10/31/2019","Bronx","5","Individuals",,"248","493",,"897",,"1,102"
"10/31/2019","Bronx","4","Individuals",,,"436","76","1,079",,"2,054"
"09/30/2019","Bronx","1","Individuals",,"187","222",,"159","84","1,264"
"09/30/2019","Staten Island","3","Individuals",,,,,,,
"09/30/2019","Staten Island","2","Individuals",,,,,,,
"09/30/2019","Staten Island","1","Individuals",,,,,,,"142"
"09/30/2019","Queens","14","Individuals",,"313",,,,"202","180"
"09/30/2019","Queens","13","Individuals",,,,"550",,"251","846"
"09/30/2019","Queens","12","Individuals",,"274","336","1,039",,"411","1,144"
"09/30/2019","Queens","11","Individuals",,,,,,,
"09/30/2019","Queens","10","Individuals","327",,"165","55",,"453",
"09/30/2019","Queens","9","Individuals",,,"109",,,,
"09/30/2019","Queens","8","Individuals",,,,,,,"320"
"09/30/2019","Queens","7","Individuals",,,"99",,,"151",
"09/30/2019","Queens","6","Individuals",,,,,,,
"09/30/2019","Queens","5","Individuals",,,,,,,
"09/30/2019","Queens","4","Individuals",,,,"158",,"122","512"
"09/30/2019","Queens","3","Individuals",,,,"90",,,"889"
"09/30/2019","Queens","2","Individuals",,"296",,,,"613","220"
"09/30/2019","Queens","1","Individuals",,,"200",,,"249","386"
"09/30/2019","Manhattan","12","Individuals",,,"286",,,"121",
"09/30/2019","Manhattan","11","Individuals",,,"1,366",,"280",,"663"
"09/30/2019","Manhattan","10","Individuals",,"398","563",,"52",,"847"
"09/30/2019","Manhattan","9","Individuals",,,,,"53",,"800"
"09/30/2019","Manhattan","8","Individuals",,,"76",,,,
"09/30/2019","Manhattan","7","Individuals",,"198","307",,,,"620"
"09/30/2019","Manhattan","6","Individuals",,,"845",,,,
"09/30/2019","Manhattan","5","Individuals",,"320",,,,"2,046","347"
"09/30/2019","Manhattan","4","Individuals",,"145","342",,,"630",
"09/30/2019","Manhattan","3","Individuals",,,"787","238","32","146","368"
"09/30/2019","Manhattan","2","Individuals",,,,,,,
"09/30/2019","Manhattan","1","Individuals",,,,,,"143",
"09/30/2019","Brooklyn","18","Individuals",,"364",,,,,"844"
"09/30/2019","Brooklyn","17","Individuals",,,,"134",,,"882"
"09/30/2019","Brooklyn","16","Individuals",,,"664","111",,"389","2,549"
"09/30/2019","Brooklyn","15","Individuals",,,,,,,"204"
"09/30/2019","Brooklyn","14","Individuals",,,,,,,"96"
"09/30/2019","Brooklyn","13","Individuals",,,,,,"135",
"09/30/2019","Brooklyn","12","Individuals",,,"85",,,,"127"
"09/30/2019","Brooklyn","11","Individuals",,,,,,,
"09/30/2019","Brooklyn","10","Individuals",,,,,,,
"09/30/2019","Brooklyn","9","Individuals",,,"359",,,,"440"
"09/30/2019","Brooklyn","8","Individuals",,"64","518","89",,,"502"
"09/30/2019","Brooklyn","7","Individuals",,,"185","96",,"612","13"
"09/30/2019","Brooklyn","6","Individuals",,,"99","418",,,
"09/30/2019","Brooklyn","5","Individuals",,,"934","238",,"271","854"
"09/30/2019","Brooklyn","4","Individuals",,,"403","57","60","174","840"
"09/30/2019","Brooklyn","3","Individuals",,,"570",,"244","205","665"
"09/30/2019","Brooklyn","2","Individuals",,"186","375",,,,"70"
"09/30/2019","Brooklyn","1","Individuals",,"166","657",,,"93",
"09/30/2019","Bronx","12","Individuals",,,"107",,,,"279"
"09/30/2019","Bronx","11","Individuals",,,,,,,
"09/30/2019","Bronx","10","Individuals",,,,,,,"585"
"09/30/2019","Bronx","9","Individuals",,,"99",,"468",,"223"
"09/30/2019","Bronx","8","Individuals",,,,,,,"246"
"09/30/2019","Bronx","7","Individuals",,"110","627",,"263",,"311"
"09/30/2019","Bronx","6","Individuals",,"94","127","93","355",,"2,312"
"09/30/2019","Bronx","5","Individuals",,"238","494",,"913",,"1,089"
"09/30/2019","Bronx","4","Individuals",,,"425","72","1,065",,"2,044"
"09/30/2019","Bronx","3","Individuals",,"338","588",,"150","276","1,389"
"09/30/2019","Bronx","2","Individuals",,"197",,,"229",,"811"
"08/31/2019","Manhattan","2","Individuals",,,,,,,
"08/31/2019","Staten Island","3","Individuals",,,,,,,
"08/31/2019","Staten Island","2","Individuals",,,,,,,
"08/31/2019","Staten Island","1","Individuals",,,,,,,"139"
"08/31/2019","Queens","14","Individuals",,"311",,,,"185","179"
"08/31/2019","Queens","13","Individuals",,,,"558",,"254","846"
"08/31/2019","Queens","12","Individuals",,"269","341","1,059",,"477","1,046"
"08/31/2019","Queens","11","Individuals",,,,,,,
"08/31/2019","Queens","10","Individuals","332",,"163","58",,"442",
"08/31/2019","Queens","9","Individuals",,,"107",,,,
"08/31/2019","Queens","8","Individuals",,,,,,,"306"
"08/31/2019","Queens","7","Individuals",,,"97",,,"140",
"08/31/2019","Queens","6","Individuals",,,,,,,
"08/31/2019","Queens","5","Individuals",,,,,,,
"08/31/2019","Queens","4","Individuals",,,,"164",,"107","446"
"08/31/2019","Queens","3","Individuals",,,,"84",,,"842"
"08/31/2019","Queens","2","Individuals",,"258",,,,"602","235"
"08/31/2019","Queens","1","Individuals",,,"200",,,"256","383"
"08/31/2019","Manhattan","12","Individuals",,,"284",,,"118",
"08/31/2019","Manhattan","11","Individuals",,,"1,350",,"272",,"647"
"08/31/2019","Manhattan","10","Individuals",,"376","554",,"55",,"836"
"08/31/2019","Manhattan","9","Individuals",,,,,"51",,"774"
"08/31/2019","Manhattan","8","Individuals",,,"80",,,,
"08/31/2019","Manhattan","7","Individuals",,"194","309",,,,"601"
"08/31/2019","Manhattan","6","Individuals",,,"807",,,,
"08/31/2019","Manhattan","5","Individuals",,"325",,,,"1,967","335"
"08/31/2019","Manhattan","4","Individuals",,"255","305",,,"617",
"08/31/2019","Manhattan","3","Individuals",,,"765","238","32","141","361"
"08/31/2019","Manhattan","1","Individuals",,,,,,"133",
"08/31/2019","Brooklyn","18","Individuals",,"363",,,,,"844"
"08/31/2019","Brooklyn","17","Individuals",,,,"134",,,"878"
"08/31/2019","Brooklyn","16","Individuals",,,"650","104",,"388","2,567"
"08/31/2019","Brooklyn","15","Individuals",,,,,,,"206"
"08/31/2019","Brooklyn","14","Individuals",,,,,,,"99"
"08/31/2019","Brooklyn","13","Individuals",,,,,,"129",
"08/31/2019","Brooklyn","12","Individuals",,,"23",,,,"127"
"08/31/2019","Brooklyn","11","Individuals",,,,,,,
"08/31/2019","Brooklyn","10","Individuals",,,,,,,
"08/31/2019","Brooklyn","9","Individuals",,,"360",,,,"428"
"08/31/2019","Brooklyn","8","Individuals",,"56","464","85",,,"494"
"08/31/2019","Brooklyn","7","Individuals",,,"187","99",,"579","10"
"08/31/2019","Brooklyn","6","Individuals",,,"97","419",,,
"08/31/2019","Brooklyn","5","Individuals",,,"920","246",,"269","832"
"08/31/2019","Brooklyn","4","Individuals",,,"391","55","63","161","836"
"08/31/2019","Brooklyn","3","Individuals",,,"564",,"238","201","645"
"08/31/2019","Brooklyn","2","Individuals",,"193","377",,,,"64"
"08/31/2019","Brooklyn","1","Individuals",,"158","668",,,"103",
"08/31/2019","Bronx","12","Individuals",,,"105",,,,"281"
"08/31/2019","Bronx","11","Individuals",,,,,,,
"08/31/2019","Bronx","10","Individuals",,,,,,,"581"
"08/31/2019","Bronx","9","Individuals",,,"101",,"465",,"217"
"08/31/2019","Bronx","8","Individuals",,,,,,,"245"
"08/31/2019","Bronx","7","Individuals",,"109","622",,"254",,"313"
"08/31/2019","Bronx","6","Individuals",,"64","108","86","335",,"2,253"
"08/31/2019","Bronx","5","Individuals",,"240","496",,"888",,"1,084"
"08/31/2019","Bronx","4","Individuals",,,"439","73","1,207",,"2,031"
"08/31/2019","Bronx","3","Individuals",,"332","518",,"151","282","1,386"
"08/31/2019","Bronx","2","Individuals",,"196",,,"248",,"802"
"08/31/2019","Bronx","1","Individuals",,"180","220",,"167","77","1,269"
"06/30/2019","Bronx","2","Individuals",,"199",,,"244",,"795"
"06/30/2019","Staten Island","3","Individuals",,,,,,,
"06/30/2019","Staten Island","2","Individuals",,,,,,,
"06/30/2019","Staten Island","1","Individuals",,,,,,,"136"
"06/30/2019","Queens","14","Individuals",,"320",,,,"128","180"
"06/30/2019","Queens","13","Individuals",,,,"550",,"198","824"
"06/30/2019","Queens","12","Individuals",,"280","332","1,076",,"541","1,003"
"06/30/2019","Queens","11","Individuals",,,,,,,
"06/30/2019","Queens","10","Individuals","317",,"168","60",,"341",
"06/30/2019","Queens","9","Individuals",,,"92",,,,
"06/30/2019","Queens","8","Individuals",,,,,,,"309"
"06/30/2019","Queens","7","Individuals",,,"98",,,"128",
"06/30/2019","Queens","6","Individuals",,,,,,,
"06/30/2019","Queens","5","Individuals",,,,"62",,,
"06/30/2019","Queens","4","Individuals",,,,"164",,"76","378"
"06/30/2019","Queens","3","Individuals",,,,"82",,,"858"
"06/30/2019","Queens","2","Individuals",,"302",,,,"494","217"
"06/30/2019","Queens","1","Individuals",,,"197",,,"187","378"
"06/30/2019","Manhattan","12","Individuals",,,"282",,,"93",
"06/30/2019","Manhattan","11","Individuals",,,"1,335",,"270",,"633"
"06/30/2019","Manhattan","10","Individuals",,"394","558",,"42",,"861"
"06/30/2019","Manhattan","9","Individuals",,"45",,,"50",,"766"
"06/30/2019","Manhattan","8","Individuals",,,"79",,,,
"06/30/2019","Manhattan","7","Individuals",,"195","311",,,,"588"
"06/30/2019","Manhattan","6","Individuals",,,"856",,,,
"06/30/2019","Manhattan","5","Individuals",,"330",,,,"1,712","346"
"06/30/2019","Manhattan","4","Individuals",,"249","261",,,"564",
"06/30/2019","Manhattan","3","Individuals",,,"891","234","36","152","387"
"06/30/2019","Bronx","1","Individuals",,"183","217",,"165","66","1,256"
"06/30/2019","Manhattan","2","Individuals",,,,,,,
"06/30/2019","Manhattan","1","Individuals",,,,,,"128",
"06/30/2019","Brooklyn","18","Individuals",,"361",,,,,"831"
"06/30/2019","Brooklyn","17","Individuals",,,,"136",,,"882"
"06/30/2019","Brooklyn","16","Individuals",,,"653","105",,"352","2,542"
"06/30/2019","Brooklyn","15","Individuals",,,,,,,"209"
"06/30/2019","Brooklyn","14","Individuals",,,,,,,"97"
"06/30/2019","Brooklyn","13","Individuals",,,,,,"117",
"06/30/2019","Brooklyn","12","Individuals",,,,,,,"120"
"06/30/2019","Brooklyn","11","Individuals",,,,,,,
"06/30/2019","Brooklyn","10","Individuals",,,,,,,
"06/30/2019","Brooklyn","9","Individuals",,,"355",,,,"417"
"06/30/2019","Brooklyn","8","Individuals",,"62","435","90",,,"461"
"06/30/2019","Brooklyn","7","Individuals",,,"185","100",,"475","10"
"06/30/2019","Brooklyn","6","Individuals",,,"94","420",,,
"06/30/2019","Brooklyn","5","Individuals",,,"891","243",,"237","807"
"06/30/2019","Brooklyn","4","Individuals",,,"367","60","56","153","828"
"06/30/2019","Brooklyn","3","Individuals",,,"561",,"244","177","652"
"06/30/2019","Brooklyn","2","Individuals",,"166","375",,,,"71"
"06/30/2019","Brooklyn","1","Individuals",,"155","635",,,"82",
"06/30/2019","Bronx","12","Individuals",,,"106",,,,"284"
"06/30/2019","Bronx","11","Individuals",,,,,,,
"06/30/2019","Bronx","10","Individuals",,,,,,,"598"
"06/30/2019","Bronx","9","Individuals",,,"101",,"490",,"209"
"06/30/2019","Bronx","8","Individuals",,,,,,,"264"
"06/30/2019","Bronx","7","Individuals",,"111","614",,"264",,"316"
"06/30/2019","Bronx","6","Individuals",,"84","91","84","379",,"2,273"
"06/30/2019","Bronx","5","Individuals",,"245","495",,"901",,"1,089"
"06/30/2019","Bronx","4","Individuals",,,"433","71","1,222",,"2,086"
"06/30/2019","Bronx","3","Individuals",,"316","460",,"145","278","1,383"
"05/31/2019","Manhattan","1","Individuals",,,,,,"127",
"05/31/2019","Staten Island","3","Individuals",,,,,,,
"05/31/2019","Staten Island","2","Individuals",,,,,,,
"05/31/2019","Staten Island","1","Individuals",,,,,,,"127"
"05/31/2019","Queens","14","Individuals",,"294",,,,"132","179"
"05/31/2019","Queens","13","Individuals",,,,"554",,"221","814"
"05/31/2019","Queens","12","Individuals",,"276","327","1,056",,"573","1,006"
"05/31/2019","Queens","11","Individuals",,,,,,,
"05/31/2019","Queens","10","Individuals","319",,"269","58",,"359",
"05/31/2019","Queens","9","Individuals",,,"93",,,,
"05/31/2019","Queens","8","Individuals",,,,,,,"310"
"05/31/2019","Queens","7","Individuals",,,"101",,,"122",
"05/31/2019","Queens","6","Individuals",,,,,,,
"05/31/2019","Queens","5","Individuals",,,,"108",,,
"05/31/2019","Queens","4","Individuals",,,,"163",,"71","386"
"05/31/2019","Queens","3","Individuals",,,,"89",,,"822"
"05/31/2019","Queens","2","Individuals",,"290",,,,"466","227"
"05/31/2019","Queens","1","Individuals",,,"197",,,"187","363"
"05/31/2019","Manhattan","12","Individuals",,,"285",,,"112",
"05/31/2019","Manhattan","11","Individuals",,,"1,260",,"267",,"666"
"05/31/2019","Manhattan","10","Individuals",,"412","560",,"44",,"834"
"05/31/2019","Manhattan","9","Individuals",,"50",,,"55",,"773"
"05/31/2019","Manhattan","8","Individuals",,,"79",,,,
"05/31/2019","Manhattan","7","Individuals",,"224","212",,,,"614"
"05/31/2019","Manhattan","6","Individuals",,,"859",,,,
"05/31/2019","Manhattan","5","Individuals",,"297",,,,"1,619","341"
"05/31/2019","Manhattan","4","Individuals",,"290","265",,,"576",
"05/31/2019","Manhattan","3","Individuals",,,"862","224","32","148","376"
"05/31/2019","Manhattan","2","Individuals",,,,,,,
"05/31/2019","Brooklyn","18","Individuals",,"356",,,,,"830"
"05/31/2019","Brooklyn","17","Individuals",,,,"135",,,"890"
"05/31/2019","Brooklyn","16","Individuals",,,"656","107",,"334","2,498"
"05/31/2019","Brooklyn","15","Individuals",,,,,,,"214"
"05/31/2019","Brooklyn","14","Individuals",,,,,,,"89"
"05/31/2019","Brooklyn","13","Individuals",,,,,,"87",
"05/31/2019","Brooklyn","12","Individuals",,,,,,,"118"
"05/31/2019","Brooklyn","11","Individuals",,,,,,,
"05/31/2019","Brooklyn","10","Individuals",,,,,,,
"05/31/2019","Brooklyn","9","Individuals",,,"358",,,,"422"
"05/31/2019","Brooklyn","8","Individuals",,"64","495","86",,,"515"
"05/31/2019","Brooklyn","7","Individuals",,,"181","99",,"478","10"
"05/31/2019","Brooklyn","6","Individuals",,,"97","422",,,
"05/31/2019","Brooklyn","5","Individuals",,,"869","249",,"264","860"
"05/31/2019","Brooklyn","4","Individuals",,,"359","57","60","161","838"
"05/31/2019","Brooklyn","3","Individuals",,,"545",,"244","176","655"
"05/31/2019","Brooklyn","2","Individuals",,"194","375",,,,"72"
"05/31/2019","Brooklyn","1","Individuals",,"125","649",,,"75",
"05/31/2019","Bronx","12","Individuals",,,"106",,,,"287"
"05/31/2019","Bronx","11","Individuals",,,,,,,
"05/31/2019","Bronx","10","Individuals",,,,,,,"603"
"05/31/2019","Bronx","9","Individuals",,,"100",,"463",,"213"
"05/31/2019","Bronx","8","Individuals",,,,,,,"247"
"05/31/2019","Bronx","7","Individuals",,"114","616",,"256",,"319"
"05/31/2019","Bronx","6","Individuals",,"88","99","91","403",,"2,260"
"05/31/2019","Bronx","5","Individuals",,"247","493",,"893",,"1,059"
"05/31/2019","Bronx","4","Individuals",,,"412","74","1,194",,"2,105"
"05/31/2019","Bronx","3","Individuals",,"312","472",,"143","277","1,360"
"05/31/2019","Bronx","2","Individuals",,"184",,,"250",,"787"
"05/31/2019","Bronx","1","Individuals",,"179","217",,"169","76","1,276"
"04/30/2019","Manhattan","2","Individuals",,,,,,,
"04/30/2019","Staten Island","3","Individuals",,,,,,,
"04/30/2019","Staten Island","2","Individuals",,,,,,,
"04/30/2019","Staten Island","1","Individuals",,,,,,,"135"
"04/30/2019","Queens","14","Individuals",,"285",,,,"142","165"
"04/30/2019","Queens","13","Individuals",,,,"554",,"222","781"
"04/30/2019","Queens","12","Individuals",,"276","332","1,089",,"602","1,040"
"04/30/2019","Queens","11","Individuals",,,,,,,
"04/30/2019","Queens","10","Individuals","342",,"274","60",,"390",
"04/30/2019","Queens","9","Individuals",,,"75",,,,
"04/30/2019","Queens","8","Individuals",,,,,,,"313"
"04/30/2019","Queens","7","Individuals",,,"99",,,"124",
"04/30/2019","Queens","6","Individuals",,,,,,,
"04/30/2019","Queens","5","Individuals",,,,"110",,,
"04/30/2019","Queens","4","Individuals",,,,"160",,"80","396"
"04/30/2019","Queens","3","Individuals",,,,"90",,,"835"
"04/30/2019","Queens","2","Individuals",,"261",,,,"547","237"
"04/30/2019","Queens","1","Individuals",,,"193",,,"222","377"
"04/30/2019","Manhattan","12","Individuals",,,"289",,,"111",
"04/30/2019","Manhattan","11","Individuals",,,"1,375",,"267",,"684"
"04/30/2019","Manhattan","10","Individuals",,"403","553",,"53",,"825"
"04/30/2019","Manhattan","9","Individuals",,"81",,,"55",,"754"
"04/30/2019","Manhattan","8","Individuals",,,"80",,,,
"04/30/2019","Manhattan","7","Individuals",,"96","212",,,,"610"
"04/30/2019","Manhattan","6","Individuals",,,"952",,,,
"04/30/2019","Manhattan","5","Individuals",,"311",,,,"1,710","349"
"04/30/2019","Manhattan","4","Individuals",,"299","265",,,"601",
"04/30/2019","Manhattan","3","Individuals",,,"906","233","31","163","370"
"04/30/2019","Manhattan","1","Individuals",,,,,,"138",
"04/30/2019","Brooklyn","18","Individuals",,"367",,,,,"835"
"04/30/2019","Brooklyn","17","Individuals",,,,"135",,,"892"
"04/30/2019","Brooklyn","16","Individuals",,,"658","114",,"377","2,543"
"04/30/2019","Brooklyn","15","Individuals",,,,,,,"207"
"04/30/2019","Brooklyn","14","Individuals",,,,,,,"96"
"04/30/2019","Brooklyn","13","Individuals",,,,,,"79",
"04/30/2019","Brooklyn","12","Individuals",,,,,,,"146"
"04/30/2019","Brooklyn","11","Individuals",,,,,,,
"04/30/2019","Brooklyn","10","Individuals",,,,,,,
"04/30/2019","Brooklyn","9","Individuals",,,"366",,,,"414"
"04/30/2019","Brooklyn","8","Individuals",,"66","493","90",,,"502"
"04/30/2019","Brooklyn","7","Individuals",,,"189","101",,"470","12"
"04/30/2019","Brooklyn","6","Individuals",,,"100","427",,,
"04/30/2019","Brooklyn","5","Individuals",,,"925","256",,"261","856"
"04/30/2019","Brooklyn","4","Individuals",,,"362","61","52","159","828"
"04/30/2019","Brooklyn","3","Individuals",,,"569",,"245","187","670"
"04/30/2019","Brooklyn","2","Individuals",,"189","383",,,,"76"
"04/30/2019","Brooklyn","1","Individuals",,"152","673",,,"91",
"04/30/2019","Bronx","12","Individuals",,,"105",,,,"277"
"04/30/2019","Bronx","11","Individuals",,,,,,,
"04/30/2019","Bronx","10","Individuals",,,,,,,"598"
"04/30/2019","Bronx","9","Individuals",,,"101",,"475",,"219"
"04/30/2019","Bronx","8","Individuals",,,,,,,"250"
"04/30/2019","Bronx","7","Individuals",,"111","623",,"240",,"312"
"04/30/2019","Bronx","6","Individuals",,"84","125","89","404",,"2,212"
"04/30/2019","Bronx","5","Individuals",,"273","493",,"894",,"1,056"
"04/30/2019","Bronx","4","Individuals",,,"440","76","1,357",,"1,975"
"04/30/2019","Bronx","3","Individuals",,"283","455",,"144","279","1,379"
"04/30/2019","Bronx","2","Individuals",,"185",,,"236",,"786"
"04/30/2019","Bronx","1","Individuals",,"179","214",,"167","87","1,271"
"01/31/2019","Bronx","3","Individuals",,"252","392",,"196","292","1,412"
"01/31/2019","Staten Island","3","Individuals",,,,,,,
"01/31/2019","Staten Island","2","Individuals",,,,,,,
"01/31/2019","Staten Island","1","Individuals",,,,,,,"142"
"01/31/2019","Queens","14","Individuals",,"304",,,,"160","163"
"01/31/2019","Queens","13","Individuals",,,,"566",,"243","829"
"01/31/2019","Queens","12","Individuals",,"282","344","1,053",,"668","1,022"
"01/31/2019","Queens","11","Individuals",,,,,,,
"01/31/2019","Queens","10","Individuals","369",,"174","63",,"434",
"01/31/2019","Queens","9","Individuals",,,,,,"158",
"01/31/2019","Queens","8","Individuals",,,,,,,"325"
"01/31/2019","Queens","7","Individuals",,,"100",,,"156",
"01/31/2019","Queens","6","Individuals",,,,,,,
"01/31/2019","Queens","5","Individuals",,,,"110",,,
"01/31/2019","Queens","4","Individuals",,,,"157",,"124","411"
"01/31/2019","Queens","3","Individuals",,,,"89",,,"850"
"01/31/2019","Queens","2","Individuals",,"301",,,,"585","234"
"01/31/2019","Queens","1","Individuals",,,"199",,,"268","393"
"01/31/2019","Manhattan","12","Individuals",,,"292",,,"113",
"01/31/2019","Manhattan","11","Individuals",,"411","1,370",,"280",,"670"
"01/31/2019","Manhattan","10","Individuals",,"78","559",,"49",,"841"
"01/31/2019","Manhattan","9","Individuals",,,,,"54","2","791"
"01/31/2019","Manhattan","8","Individuals",,"34","79",,,,
"01/31/2019","Manhattan","7","Individuals",,,"311",,,"113","588"
"01/31/2019","Manhattan","6","Individuals",,"322","930",,,,
"01/31/2019","Manhattan","5","Individuals",,"308",,,,"2,055","357"
"01/31/2019","Manhattan","4","Individuals",,,"265",,,"649",
"01/31/2019","Manhattan","3","Individuals",,,"877","242","33","226","375"
"01/31/2019","Bronx","2","Individuals",,"198",,,"249",,"901"
"01/31/2019","Manhattan","2","Individuals",,,,,,,
"01/31/2019","Bronx","1","Individuals",,"177","220",,"172","84","1,271"
"01/31/2019","Manhattan","1","Individuals",,,,,,"145",
"01/31/2019","Brooklyn","18","Individuals",,"365",,,,,"867"
"01/31/2019","Brooklyn","17","Individuals",,,,"138",,,"904"
"01/31/2019","Brooklyn","16","Individuals",,,"664","117","24","397","2,556"
"01/31/2019","Brooklyn","15","Individuals",,,,,,,"213"
"01/31/2019","Brooklyn","14","Individuals",,,,,,,"98"
"01/31/2019","Brooklyn","13","Individuals",,,,,,"74",
"01/31/2019","Brooklyn","12","Individuals",,,,,,,"150"
"01/31/2019","Brooklyn","11","Individuals",,,,,,,
"01/31/2019","Brooklyn","10","Individuals",,,,,,,
"01/31/2019","Brooklyn","9","Individuals",,,"358",,"23",,"415"
"01/31/2019","Brooklyn","8","Individuals",,"64","576","83","31",,"514"
"01/31/2019","Brooklyn","7","Individuals",,,"181","103",,"534","12"
"01/31/2019","Brooklyn","6","Individuals",,,"100","429",,,
"01/31/2019","Brooklyn","5","Individuals",,,"983","258",,"270","847"
"01/31/2019","Brooklyn","4","Individuals",,,"369","63","67","174","834"
"01/31/2019","Brooklyn","3","Individuals",,,"567",,"258","211","677"
"01/31/2019","Brooklyn","2","Individuals",,"192","379",,,,"72"
"01/31/2019","Brooklyn","1","Individuals",,"155","691",,,"99",
"01/31/2019","Bronx","12","Individuals",,,"108",,"177",,"292"
"01/31/2019","Bronx","11","Individuals",,,,,,,
"01/31/2019","Bronx","10","Individuals",,,,,,,"596"
"01/31/2019","Bronx","9","Individuals",,,"101",,"505",,"226"
"01/31/2019","Bronx","8","Individuals",,,,,,,"246"
"01/31/2019","Bronx","7","Individuals",,"111","627",,"368",,"326"
"01/31/2019","Bronx","6","Individuals",,"102","124","90","507",,"2,318"
"01/31/2019","Bronx","5","Individuals",,"275","497",,"913",,"1,056"
"01/31/2019","Bronx","4","Individuals",,,"425","76","1,502",,"1,969"
"12/31/2018","Manhattan","1","Individuals",,,,,,"134",
"12/31/2018","Staten Island","3","Individuals",,,,,,,
"12/31/2018","Staten Island","2","Individuals",,,,,,,
"12/31/2018","Staten Island","1","Individuals",,,,,,,"137"
"12/31/2018","Queens","14","Individuals",,"315",,,,"125","155"
"12/31/2018","Queens","13","Individuals",,,,"556",,"242","826"
"12/31/2018","Queens","12","Individuals",,"284","349","966",,"787","1,035"
"12/31/2018","Queens","11","Individuals",,,,,,,
"12/31/2018","Queens","10","Individuals","364",,"172","61",,"422",
"12/31/2018","Queens","9","Individuals",,,,,,"259",
"12/31/2018","Queens","8","Individuals",,,,,,,"322"
"12/31/2018","Queens","7","Individuals",,,"101",,,"136",
"12/31/2018","Queens","6","Individuals",,,,,,,
"12/31/2018","Queens","5","Individuals",,,,"110",,,
"12/31/2018","Queens","4","Individuals",,,,"129",,"113","385"
"12/31/2018","Queens","3","Individuals",,,,"90",,,"846"
"12/31/2018","Queens","2","Individuals",,"311",,,,"573","238"
"12/31/2018","Queens","1","Individuals",,,"192",,,"213","360"
"12/31/2018","Manhattan","12","Individuals",,,"285",,,"119",
"12/31/2018","Manhattan","11","Individuals",,,"1,349",,"268",,"672"
"12/31/2018","Manhattan","10","Individuals",,"411","564",,"50",,"869"
"12/31/2018","Manhattan","9","Individuals",,"78",,,"52",,"761"
"12/31/2018","Manhattan","8","Individuals",,,"79",,,,
"12/31/2018","Manhattan","7","Individuals",,"26","310",,,"112","597"
"12/31/2018","Manhattan","6","Individuals",,,"887",,,,
"12/31/2018","Manhattan","5","Individuals",,"320",,,,"1,861","345"
"12/31/2018","Manhattan","4","Individuals",,"304","265",,,"640",
"12/31/2018","Manhattan","3","Individuals",,,"886","242","33","223","366"
"12/31/2018","Manhattan","2","Individuals",,,,,,,
"12/31/2018","Brooklyn","18","Individuals",,"363",,,,,"848"
"12/31/2018","Brooklyn","17","Individuals",,,,"136",,,"898"
"12/31/2018","Brooklyn","16","Individuals",,,"652","116","24","384","2,530"
"12/31/2018","Brooklyn","15","Individuals",,,,,,,"221"
"12/31/2018","Brooklyn","14","Individuals",,,,,,,"96"
"12/31/2018","Brooklyn","13","Individuals",,,,,,"71",
"12/31/2018","Brooklyn","12","Individuals",,,,,,,"155"
"12/31/2018","Brooklyn","11","Individuals",,,,,,,
"12/31/2018","Brooklyn","10","Individuals",,,,,,,
"12/31/2018","Brooklyn","9","Individuals",,,"360",,"25",,"408"
"12/31/2018","Brooklyn","8","Individuals",,"66","529","35","31",,"513"
"12/31/2018","Brooklyn","7","Individuals",,,"184","86",,"523","10"
"12/31/2018","Brooklyn","6","Individuals",,,"100","375",,,
"12/31/2018","Brooklyn","5","Individuals",,,"937","259",,"266","840"
"12/31/2018","Brooklyn","4","Individuals",,,"368","64","60","161","822"
"12/31/2018","Brooklyn","3","Individuals",,,"568",,"255","188","667"
"12/31/2018","Brooklyn","2","Individuals",,"180","370",,,,"73"
"12/31/2018","Brooklyn","1","Individuals",,"160","684",,,"106",
"12/31/2018","Bronx","12","Individuals",,,"107",,"252",,"289"
"12/31/2018","Bronx","11","Individuals",,,,,,,
"12/31/2018","Bronx","10","Individuals",,,,,,,"600"
"12/31/2018","Bronx","9","Individuals",,,"100",,"489",,"221"
"12/31/2018","Bronx","8","Individuals",,,,,,,"255"
"12/31/2018","Bronx","7","Individuals",,"115","615",,"392",,"321"
"12/31/2018","Bronx","6","Individuals",,"100","113","87","522",,"2,260"
"12/31/2018","Bronx","5","Individuals",,"279","498",,"903",,"1,041"
"12/31/2018","Bronx","4","Individuals",,,"426","76","1,514",,"1,974"
"12/31/2018","Bronx","3","Individuals",,"243","369",,"262","298","1,404"
"12/31/2018","Bronx","2","Individuals",,"193",,,"264",,"958"
"12/31/2018","Bronx","1","Individuals",,"174","218",,"174","87","1,246"
"11/30/2018","Manhattan","2","Individuals",,,,,,,
"11/30/2018","Staten Island","3","Individuals",,,,,,,
"11/30/2018","Staten Island","2","Individuals",,,,,,,
"11/30/2018","Staten Island","1","Individuals",,,,,,,"134"
"11/30/2018","Queens","14","Individuals",,"318",,,,"142","133"
"11/30/2018","Queens","13","Individuals",,,,"492",,"252","822"
"11/30/2018","Queens","12","Individuals",,"284","347","946",,"763","1,033"
"11/30/2018","Queens","11","Individuals",,,,,,,
"11/30/2018","Queens","10","Individuals","385",,"172","53",,"416",
"11/30/2018","Queens","9","Individuals",,,,,,"262",
"11/30/2018","Queens","8","Individuals",,,,,,,"322"
"11/30/2018","Queens","7","Individuals",,,"101",,,"142",
"11/30/2018","Queens","6","Individuals",,,,,,,
"11/30/2018","Queens","5","Individuals",,,,"110",,,
"11/30/2018","Queens","4","Individuals",,,,"248",,"114","408"
"11/30/2018","Queens","3","Individuals",,,,"91",,,"862"
"11/30/2018","Queens","2","Individuals",,"284",,,,"578","218"
"11/30/2018","Queens","1","Individuals",,,"198",,,"237","343"
"11/30/2018","Manhattan","12","Individuals",,,"289",,,"120",
"11/30/2018","Manhattan","11","Individuals",,,"1,335",,"260",,"674"
"11/30/2018","Manhattan","10","Individuals",,"401","565",,"50",,"876"
"11/30/2018","Manhattan","9","Individuals",,"76",,,"52",,"767"
"11/30/2018","Manhattan","8","Individuals",,,"78",,,,
"11/30/2018","Manhattan","7","Individuals",,"144","312",,,"109","589"
"11/30/2018","Manhattan","6","Individuals",,,"969",,,,
"11/30/2018","Manhattan","5","Individuals",,"291",,,,"1,841","353"
"11/30/2018","Manhattan","4","Individuals",,"303","267",,,"608",
"11/30/2018","Manhattan","3","Individuals",,,"886","243","32","226","376"
"11/30/2018","Manhattan","1","Individuals",,,,,,"119",
"11/30/2018","Brooklyn","18","Individuals",,"363",,,,,"864"
"11/30/2018","Brooklyn","17","Individuals",,,,"137",,,"886"
"11/30/2018","Brooklyn","16","Individuals",,,"661","117","24","393","2,557"
"11/30/2018","Brooklyn","15","Individuals",,,,,,,"224"
"11/30/2018","Brooklyn","14","Individuals",,,,,,,"97"
"11/30/2018","Brooklyn","13","Individuals",,,,,,"76",
"11/30/2018","Brooklyn","12","Individuals",,,,,,,"156"
"11/30/2018","Brooklyn","11","Individuals",,,,,,,
"11/30/2018","Brooklyn","10","Individuals",,,,,,,
"11/30/2018","Brooklyn","9","Individuals",,,"360",,"27",,"424"
"11/30/2018","Brooklyn","8","Individuals",,"58","525",,"40","113","512"
"11/30/2018","Brooklyn","7","Individuals",,,"185","87",,"506","13"
"11/30/2018","Brooklyn","6","Individuals",,,"99","281",,,
"11/30/2018","Brooklyn","5","Individuals",,,"889","254",,"265","862"
"11/30/2018","Brooklyn","4","Individuals",,,"366","63","63","166","821"
"11/30/2018","Brooklyn","3","Individuals",,,"561",,"246","187","678"
"11/30/2018","Brooklyn","2","Individuals",,"197","378",,,,"75"
"11/30/2018","Brooklyn","1","Individuals",,"164","660",,,"103",
"11/30/2018","Bronx","12","Individuals",,,"108",,"268",,"300"
"11/30/2018","Bronx","11","Individuals",,,,,,,
"11/30/2018","Bronx","10","Individuals",,,,,,,"593"
"11/30/2018","Bronx","9","Individuals",,,"100",,"509",,"228"
"11/30/2018","Bronx","8","Individuals",,,,,,,"251"
"11/30/2018","Bronx","7","Individuals",,"114","628",,"411",,"331"
"11/30/2018","Bronx","6","Individuals",,"104","112","87","532",,"2,253"
"11/30/2018","Bronx","5","Individuals",,"279","496",,"926",,"1,049"
"11/30/2018","Bronx","4","Individuals",,,"438","74","1,586",,"1,937"
"11/30/2018","Bronx","3","Individuals",,"174","416",,"261","295","1,393"
"11/30/2018","Bronx","2","Individuals",,"198",,,"258",,"963"
"11/30/2018","Bronx","1","Individuals",,"184","224",,"169","87","1,253"
"10/31/2018","Bronx","2","Individuals",,"200",,,"252",,"974"
"10/31/2018","Staten Island","3","Individuals",,,,,,,
"10/31/2018","Staten Island","2","Individuals",,,,,,,
"10/31/2018","Staten Island","1","Individuals",,,,,,,"134"
"10/31/2018","Queens","14","Individuals",,"289",,,,"164","58"
"10/31/2018","Queens","13","Individuals",,,,"480",,"329","826"
"10/31/2018","Queens","12","Individuals",,"277","349","963",,"800","1,046"
"10/31/2018","Queens","11","Individuals",,,,,,,
"10/31/2018","Queens","10","Individuals","393",,"174","62",,"439",
"10/31/2018","Queens","9","Individuals",,,,,,"244",
"10/31/2018","Queens","8","Individuals",,,,,,,"323"
"10/31/2018","Queens","7","Individuals",,,"100",,,"146",
"10/31/2018","Queens","6","Individuals",,,,,,,
"10/31/2018","Queens","5","Individuals",,,,"109",,,
"10/31/2018","Queens","4","Individuals",,,,"134",,"119","394"
"10/31/2018","Queens","3","Individuals",,,,"91",,,"864"
"10/31/2018","Queens","2","Individuals",,"260",,,,"557","229"
"10/31/2018","Queens","1","Individuals",,,"200",,,"258","356"
"10/31/2018","Manhattan","12","Individuals",,,"291",,,"109",
"10/31/2018","Manhattan","11","Individuals",,,"1,289",,"244",,"663"
"10/31/2018","Manhattan","10","Individuals",,"407","568",,"44",,"872"
"10/31/2018","Manhattan","9","Individuals",,"74",,,"55",,"769"
"10/31/2018","Manhattan","8","Individuals",,,"80",,,,
"10/31/2018","Manhattan","7","Individuals",,"188","311",,,"118","599"
"10/31/2018","Manhattan","6","Individuals",,,"968",,,,
"10/31/2018","Manhattan","5","Individuals",,"297",,,,"1,900","353"
"10/31/2018","Manhattan","4","Individuals",,"299","268",,,"605",
"10/31/2018","Manhattan","3","Individuals",,,"890","245","35","221","372"
"10/31/2018","Bronx","1","Individuals",,"182","223",,"173","79","1,210"
"10/31/2018","Manhattan","2","Individuals",,,,,,,
"10/31/2018","Manhattan","1","Individuals",,,,,,"144",
"10/31/2018","Brooklyn","18","Individuals",,"374",,,,,"875"
"10/31/2018","Brooklyn","17","Individuals",,,,"137",,,"866"
"10/31/2018","Brooklyn","16","Individuals",,,"650","119","23","381","2,584"
"10/31/2018","Brooklyn","15","Individuals",,,,,,,"213"
"10/31/2018","Brooklyn","14","Individuals",,,,,,,"96"
"10/31/2018","Brooklyn","13","Individuals",,,,,,"63",
"10/31/2018","Brooklyn","12","Individuals",,,,,,,"155"
"10/31/2018","Brooklyn","11","Individuals",,,,,,,
"10/31/2018","Brooklyn","10","Individuals",,,,,,,
"10/31/2018","Brooklyn","9","Individuals",,,"359",,"20",,"426"
"10/31/2018","Brooklyn","8","Individuals",,"66","520",,"37","118","517"
"10/31/2018","Brooklyn","7","Individuals",,,"188","87",,"527","13"
"10/31/2018","Brooklyn","6","Individuals",,,"100","286",,,
"10/31/2018","Brooklyn","5","Individuals",,,"867","262",,"269","858"
"10/31/2018","Brooklyn","4","Individuals",,,"369","62","53","180","811"
"10/31/2018","Brooklyn","3","Individuals",,,"549",,"249","203","652"
"10/31/2018","Brooklyn","2","Individuals",,"205","389",,,,"76"
"10/31/2018","Brooklyn","1","Individuals",,"166","702",,,"105",
"10/31/2018","Bronx","12","Individuals",,,"108",,"272",,"294"
"10/31/2018","Bronx","11","Individuals",,,,,,,
"10/31/2018","Bronx","10","Individuals",,,,,,,"591"
"10/31/2018","Bronx","9","Individuals",,,"99",,"500",,"227"
"10/31/2018","Bronx","8","Individuals",,,,,,,"274"
"10/31/2018","Bronx","7","Individuals",,"112","628",,"395",,"326"
"10/31/2018","Bronx","6","Individuals",,"104","124","80","553",,"2,293"
"10/31/2018","Bronx","5","Individuals",,"269","493",,"921",,"1,060"
"10/31/2018","Bronx","4","Individuals",,,"433","76","1,594",,"1,962"
"10/31/2018","Bronx","3","Individuals",,"166","429",,"261","296","1,363"
"09/30/2018","Manhattan","1","Individuals",,,,,,"143",
"09/30/2018","Staten Island","3","Individuals",,,,,,,
"09/30/2018","Staten Island","2","Individuals",,,,,,,
"09/30/2018","Staten Island","1","Individuals",,,,,,,"136"
"09/30/2018","Queens","14","Individuals",,"309",,,,"184",
"09/30/2018","Queens","13","Individuals",,,,"425",,"334","797"
"09/30/2018","Queens","12","Individuals",,"268","355","850",,"811","1,067"
"09/30/2018","Queens","11","Individuals",,,,,,,
"09/30/2018","Queens","10","Individuals","393",,"174","63",,"442",
"09/30/2018","Queens","9","Individuals",,,,,,"233",
"09/30/2018","Queens","8","Individuals",,,,,,,"316"
"09/30/2018","Queens","7","Individuals",,,"101",,,"124",
"09/30/2018","Queens","6","Individuals",,,,,,,
"09/30/2018","Queens","5","Individuals",,,,"101",,,
"09/30/2018","Queens","4","Individuals",,,,"136",,"130","405"
"09/30/2018","Queens","3","Individuals",,,,"87",,,"845"
"09/30/2018","Queens","2","Individuals",,"249",,,,"472","231"
"09/30/2018","Queens","1","Individuals",,,"199",,,"255","365"
"09/30/2018","Manhattan","12","Individuals",,,"290",,,"108",
"09/30/2018","Manhattan","11","Individuals",,,"1,167",,"248",,"666"
"09/30/2018","Manhattan","10","Individuals",,"397","566",,"45",,"863"
"09/30/2018","Manhattan","9","Individuals",,"74",,,"55",,"779"
"09/30/2018","Manhattan","8","Individuals",,,"80",,,,
"09/30/2018","Manhattan","7","Individuals",,"172","312",,,"115","583"
"09/30/2018","Manhattan","6","Individuals",,,"987",,,,
"09/30/2018","Manhattan","5","Individuals",,"299",,,,"1,865","352"
"09/30/2018","Manhattan","4","Individuals",,"300","266",,,"622",
"09/30/2018","Manhattan","3","Individuals",,,"898","244","37","229","369"
"09/30/2018","Manhattan","2","Individuals",,,,,,,
"09/30/2018","Brooklyn","18","Individuals",,"370",,,,,"882"
"09/30/2018","Brooklyn","17","Individuals",,,,"138",,,"858"
"09/30/2018","Brooklyn","16","Individuals",,,"659","114","19","378","2,596"
"09/30/2018","Brooklyn","15","Individuals",,,,,,,"217"
"09/30/2018","Brooklyn","14","Individuals",,,,,,,"96"
"09/30/2018","Brooklyn","13","Individuals",,,,,,"72",
"09/30/2018","Brooklyn","12","Individuals",,,,,,,"158"
"09/30/2018","Brooklyn","11","Individuals",,,,,,,
"09/30/2018","Brooklyn","10","Individuals",,,,,,,
"09/30/2018","Brooklyn","9","Individuals",,,"357",,"22",,"438"
"09/30/2018","Brooklyn","8","Individuals",,"60","578",,"42","121","513"
"09/30/2018","Brooklyn","7","Individuals",,,"186","88",,"547","13"
"09/30/2018","Brooklyn","6","Individuals",,,"99","286",,,
"09/30/2018","Brooklyn","5","Individuals",,,"871","258",,"253","844"
"09/30/2018","Brooklyn","4","Individuals",,,"371","66","57","179","785"
"09/30/2018","Brooklyn","3","Individuals",,,"566",,"247","197","700"
"09/30/2018","Brooklyn","2","Individuals",,"208","389",,,,"77"
"09/30/2018","Brooklyn","1","Individuals",,"144","684",,,"107",
"09/30/2018","Bronx","12","Individuals",,,"108",,"275",,"294"
"09/30/2018","Bronx","11","Individuals",,,,,,,
"09/30/2018","Bronx","10","Individuals",,,,,,,"593"
"09/30/2018","Bronx","9","Individuals",,,"101",,"493",,"232"
"09/30/2018","Bronx","8","Individuals",,,,,,,"265"
"09/30/2018","Bronx","7","Individuals",,"102","615",,"384",,"326"
"09/30/2018","Bronx","6","Individuals",,"96","119","77","556",,"2,246"
"09/30/2018","Bronx","5","Individuals",,"271","496",,"908",,"1,074"
"09/30/2018","Bronx","4","Individuals",,,"438","74","1,617",,"1,984"
"09/30/2018","Bronx","3","Individuals",,"162","426",,"270","302","1,342"
"09/30/2018","Bronx","2","Individuals",,"188",,,"290",,"953"
"09/30/2018","Bronx","1","Individuals",,"172","220",,"170","80","1,223"
"08/31/2018","Manhattan","2","Individuals",,,,,,,
"08/31/2018","Staten Island","3","Individuals",,,,,,,
"08/31/2018","Staten Island","2","Individuals",,,,,,,
"08/31/2018","Staten Island","1","Individuals",,,,,,,"139"
"08/31/2018","Queens","14","Individuals",,"322",,,,"162",
"08/31/2018","Queens","13","Individuals",,,,"432",,"327","828"
"08/31/2018","Queens","12","Individuals",,"264","356","773",,"811","1,060"
"08/31/2018","Queens","11","Individuals",,,,,,,
"08/31/2018","Queens","10","Individuals","395",,"169","64",,"435",
"08/31/2018","Queens","9","Individuals",,,,,,"227",
"08/31/2018","Queens","8","Individuals",,,,,,,"321"
"08/31/2018","Queens","7","Individuals",,,"97",,,"119",
"08/31/2018","Queens","6","Individuals",,,,,,,
"08/31/2018","Queens","5","Individuals",,,,"103",,,
"08/31/2018","Queens","4","Individuals",,,,"134",,"120","321"
"08/31/2018","Queens","3","Individuals",,,,"87",,,"878"
"08/31/2018","Queens","2","Individuals",,"204",,,,"351","233"
"08/31/2018","Queens","1","Individuals",,,"199",,,"260","351"
"08/31/2018","Manhattan","12","Individuals",,,"286",,,"121",
"08/31/2018","Manhattan","11","Individuals",,,"1,167",,"268",,"663"
"08/31/2018","Manhattan","10","Individuals",,"400","553",,"50",,"887"
"08/31/2018","Manhattan","9","Individuals",,"75",,,"50",,"798"
"08/31/2018","Manhattan","8","Individuals",,,"80",,,,
"08/31/2018","Manhattan","7","Individuals",,"176","304",,,"112","579"
"08/31/2018","Manhattan","6","Individuals",,,"991",,,,
"08/31/2018","Manhattan","5","Individuals",,"281",,,,"1,815","335"
"08/31/2018","Manhattan","4","Individuals",,"300","263",,,"624",
"08/31/2018","Manhattan","3","Individuals",,,"876","239","40","222","367"
"08/31/2018","Manhattan","1","Individuals",,,,,,"140",
"08/31/2018","Brooklyn","18","Individuals",,"373",,,,,"871"
"08/31/2018","Brooklyn","17","Individuals",,,,"133",,,"820"
"08/31/2018","Brooklyn","16","Individuals",,,"663","120","17","374","2,508"
"08/31/2018","Brooklyn","15","Individuals",,,,,,,"218"
"08/31/2018","Brooklyn","14","Individuals",,,,,,,"97"
"08/31/2018","Brooklyn","13","Individuals",,,,,,"68",
"08/31/2018","Brooklyn","12","Individuals",,,,,,,"155"
"08/31/2018","Brooklyn","11","Individuals",,,,,,,
"08/31/2018","Brooklyn","10","Individuals",,,,,,,
"08/31/2018","Brooklyn","9","Individuals",,,"345",,"20",,"438"
"08/31/2018","Brooklyn","8","Individuals",,"50","543",,"42","126","517"
"08/31/2018","Brooklyn","7","Individuals",,,"182","87",,"554","13"
"08/31/2018","Brooklyn","6","Individuals",,,"96","278",,,
"08/31/2018","Brooklyn","5","Individuals",,,"843","259",,"238","830"
"08/31/2018","Brooklyn","4","Individuals",,,"363","65","64","181","796"
"08/31/2018","Brooklyn","3","Individuals",,,"558",,"233","205","704"
"08/31/2018","Brooklyn","2","Individuals",,"191","383",,,,"72"
"08/31/2018","Brooklyn","1","Individuals",,"172","668",,,"105",
"08/31/2018","Bronx","12","Individuals",,,"107",,"277",,"300"
"08/31/2018","Bronx","11","Individuals",,,,,,,
"08/31/2018","Bronx","10","Individuals",,,,,,,"578"
"08/31/2018","Bronx","9","Individuals",,,"100",,"526",,"223"
"08/31/2018","Bronx","8","Individuals",,,,,,,"272"
"08/31/2018","Bronx","7","Individuals",,"95","539",,"409",,"336"
"08/31/2018","Bronx","6","Individuals",,"84","121","80","544",,"2,252"
"08/31/2018","Bronx","5","Individuals",,"264","492",,"898",,"1,067"
"08/31/2018","Bronx","4","Individuals",,,"431","74","1,601",,"1,947"
"08/31/2018","Bronx","3","Individuals",,"154","426",,"242","300","1,361"
"08/31/2018","Bronx","2","Individuals",,"188",,,"266",,"967"
"08/31/2018","Bronx","1","Individuals",,"184","212",,"160","76","1,231"
"07/31/2018","Bronx","5","Individuals",,"264","493",,"925",,"1,045"
"07/31/2018","Staten Island","3","Individuals",,,,,,,
"07/31/2018","Staten Island","2","Individuals",,,,,,,
"07/31/2018","Staten Island","1","Individuals",,,,,,,"141"
"07/31/2018","Queens","14","Individuals",,"302",,,,"166",
"07/31/2018","Queens","13","Individuals",,,,"430",,"302","761"
"07/31/2018","Queens","12","Individuals",,"275","357","825",,"745","1,049"
"07/31/2018","Queens","11","Individuals",,,,,,,
"07/31/2018","Queens","10","Individuals","391",,"174","64",,"408",
"07/31/2018","Queens","9","Individuals",,,,,,"206",
"07/31/2018","Queens","8","Individuals",,,,,,,"318"
"07/31/2018","Queens","7","Individuals",,,"100",,,"137",
"07/31/2018","Queens","6","Individuals",,,,,,,
"07/31/2018","Queens","5","Individuals",,,,"94",,,
"07/31/2018","Queens","4","Individuals",,,,"135",,"109","369"
"07/31/2018","Queens","3","Individuals",,,,"90",,,"881"
"07/31/2018","Queens","2","Individuals",,"106",,"53",,"332","230"
"07/31/2018","Queens","1","Individuals",,,"200",,,"227","335"
"07/31/2018","Manhattan","12","Individuals",,,"289",,,"120",
"07/31/2018","Manhattan","11","Individuals",,,"1,144",,"255",,"686"
"07/31/2018","Manhattan","10","Individuals",,"398","558",,"46",,"851"
"07/31/2018","Manhattan","9","Individuals",,"67",,,"55",,"792"
"07/31/2018","Manhattan","8","Individuals",,,"78",,,,
"07/31/2018","Manhattan","7","Individuals",,"186","309",,,"110","606"
"07/31/2018","Manhattan","6","Individuals",,,"989",,,,
"07/31/2018","Manhattan","5","Individuals",,"260",,,,"1,796","324"
"07/31/2018","Manhattan","4","Individuals",,"304","267",,,"596",
"07/31/2018","Manhattan","3","Individuals",,,"882","244","36","231","383"
"07/31/2018","Bronx","4","Individuals",,,"419","62","1,655",,"1,970"
"07/31/2018","Manhattan","2","Individuals",,,,,,,
"07/31/2018","Bronx","3","Individuals",,"146","424",,"260","280","1,347"
"07/31/2018","Bronx","2","Individuals",,"184",,,"244",,"960"
"07/31/2018","Bronx","1","Individuals",,"183","219",,"169","74","1,206"
"07/31/2018","Manhattan","1","Individuals",,,,,,"132",
"07/31/2018","Brooklyn","18","Individuals",,"361",,,,,"865"
"07/31/2018","Brooklyn","17","Individuals",,,,"137","11",,"796"
"07/31/2018","Brooklyn","16","Individuals",,,"664","118","21","352","2,486"
"07/31/2018","Brooklyn","15","Individuals",,"40",,,,,"211"
"07/31/2018","Brooklyn","14","Individuals",,,,,,,"98"
"07/31/2018","Brooklyn","13","Individuals",,,,,,"77",
"07/31/2018","Brooklyn","12","Individuals",,,,,,,"164"
"07/31/2018","Brooklyn","11","Individuals",,,,,,,
"07/31/2018","Brooklyn","10","Individuals",,,,,,,
"07/31/2018","Brooklyn","9","Individuals",,,"362",,"24",,"428"
"07/31/2018","Brooklyn","8","Individuals",,"48","571",,"40","116","518"
"07/31/2018","Brooklyn","7","Individuals",,,"188","88",,"538","13"
"07/31/2018","Brooklyn","6","Individuals",,,"97","286",,,
"07/31/2018","Brooklyn","5","Individuals",,,"849","259","2","238","819"
"07/31/2018","Brooklyn","4","Individuals",,,"364","65","60","175","811"
"07/31/2018","Brooklyn","3","Individuals",,,"562",,"242","171","647"
"07/31/2018","Brooklyn","2","Individuals",,"205","386",,,,"71"
"07/31/2018","Brooklyn","1","Individuals",,"164","682",,,"109",
"07/31/2018","Bronx","12","Individuals",,,"98",,"270",,"299"
"07/31/2018","Bronx","11","Individuals",,,,,,,
"07/31/2018","Bronx","10","Individuals",,,,,,,"575"
"07/31/2018","Bronx","9","Individuals",,,"101",,"561",,"212"
"07/31/2018","Bronx","8","Individuals",,,,,,,"274"
"07/31/2018","Bronx","7","Individuals",,"96","391",,"395",,"320"
"07/31/2018","Bronx","6","Individuals",,"52","120","69","524",,"2,161"
